pair,signal_time,entry_price,exit_time,exit_price,pnl_pct_net,pnl_dollars,position_dollars,exit_reason,score,shadow_balance_after
PORTALUSDT,2026-07-26 15:30:00+00:00,0.01023,2026-07-27 04:00:00+00:00,0.01032,0.5798,19.05,3286.12,Timeout ⏱️,0.7296795469432813,9972.95
LINEAUSDT,2026-07-26 15:00:00+00:00,0.002459,2026-07-27 03:30:00+00:00,0.002447,-0.788,-25.8,3273.85,Timeout ⏱️,0.5003721870919092,9947.15
ALPINEUSDT,2026-07-26 22:00:00+00:00,0.316,2026-07-27 03:00:00+00:00,0.32074,1.2,39.54,3295.33,TP 🟢,0.45240735897434337,9986.7
PHAUSDT,2026-07-26 22:00:00+00:00,0.0226,2026-07-27 08:30:00+00:00,0.022373999999999998,-1.3,-42.84,3295.33,SL 🔴,0.5801784677547474,9943.86
IOTAUSDT,2026-07-26 23:30:00+00:00,0.0348,2026-07-27 12:00:00+00:00,0.034451999999999997,-1.3,-43.15,3319.05,SL 🔴,0.5737668119505683,9900.71
SCRUSDT,2026-07-26 22:30:00+00:00,0.021,2026-07-27 06:00:00+00:00,0.020790000000000003,-1.3,-42.96,3304.77,SL 🔴,0.7906601197871921,9857.75
HYPERUSDT,2026-07-26 21:00:00+00:00,0.0654,2026-07-27 04:00:00+00:00,0.064746,-1.3,-42.96,3304.77,SL 🔴,0.49496500251956066,9814.78
SCRTUSDT,2026-07-26 22:30:00+00:00,0.0383,2026-07-27 06:00:00+00:00,0.037917,-1.3,-42.96,3304.77,SL 🔴,0.6162307656085962,9771.82
GMTUSDT,2026-07-26 21:30:00+00:00,0.00713,2026-07-27 09:00:00+00:00,0.0070587,-1.3,-42.96,3304.77,SL 🔴,0.5678013544128068,9728.86
DCRUSDT,2026-07-26 22:30:00+00:00,11.57,2026-07-27 11:00:00+00:00,11.54,-0.5593,-18.56,3317.97,Timeout ⏱️,0.5753341767552345,9710.3
DUSKUSDT,2026-07-26 22:30:00+00:00,0.0646,2026-07-27 09:00:00+00:00,0.06395400000000001,-1.3,-42.08,3236.77,SL 🔴,0.8370427675675318,9668.23
XNOUSDT,2026-07-26 22:30:00+00:00,0.379,2026-07-27 09:30:00+00:00,0.38500331337156407,1.284,41.38,3222.74,TP 🟢,0.8337692975416447,9709.61
MEGAUSDT,2026-07-26 22:30:00+00:00,0.04248,2026-07-27 11:00:00+00:00,0.04237,-0.5589,-18.09,3236.54,Timeout ⏱️,0.7690885209533614,9691.51
PIVXUSDT,2026-07-27 00:00:00+00:00,0.0353,2026-07-27 07:30:00+00:00,0.03494368486555705,-1.3094,-42.3,3230.5,SL 🔴,0.7156014700290694,9649.21
AIXBTUSDT,2026-07-26 22:00:00+00:00,0.01829,2026-07-27 09:30:00+00:00,0.0184408925,0.525,16.89,3216.4,Trail-Lock 🔒,0.7088099792014102,9666.1
GPSUSDT,2026-07-27 02:00:00+00:00,0.00911,2026-07-27 13:00:00+00:00,0.0090189,-1.3,-41.89,3222.03,SL 🔴,0.6746733904258446,9624.21
FILUSDT,2026-07-27 02:30:00+00:00,0.7434,2026-07-27 09:00:00+00:00,0.7359659999999999,-1.3,-41.7,3208.07,SL 🔴,0.6513253571373012,9582.51
TAOUSDT,2026-07-27 02:30:00+00:00,198.6,2026-07-27 09:00:00+00:00,196.614,-1.3,-41.52,3194.17,SL 🔴,0.628517313973678,9540.99
SKLUSDT,2026-07-26 22:30:00+00:00,0.00388,2026-07-27 06:00:00+00:00,0.0039120100000000005,0.525,16.7,3180.33,Trail-Lock 🔒,0.6179466782561633,9557.68
CUSDT,2026-07-27 02:30:00+00:00,0.0602,2026-07-27 03:00:00+00:00,0.06069665,0.525,16.73,3185.89,Trail-Lock 🔒,0.5677216119646303,9574.41
ORDIUSDT,2026-07-27 01:00:00+00:00,3.827,2026-07-27 04:30:00+00:00,3.78873,-1.3,-41.49,3191.47,SL 🔴,0.48995085757454127,9532.92
ERAUSDT,2026-07-28 19:00:00+00:00,0.0671,2026-07-29 03:00:00+00:00,0.06795807311191858,0.9788,32.63,3333.33,Trail-Lock 🔒,0.8132359572299341,10032.63
WINUSDT,2026-07-29 01:00:00+00:00,2.525e-05,2026-07-29 02:00:00+00:00,2.562875e-05,1.2,40.13,3344.21,TP 🟢,0.7904930267523937,10072.76
RIFUSDT,2026-07-28 18:30:00+00:00,0.0794,2026-07-29 01:30:00+00:00,0.07645887028279481,-4.0042,-134.44,3357.59,SL 🔴,0.7131957077614296,9938.31
SAPIENUSDT,2026-07-29 00:00:00+00:00,0.0803,2026-07-29 02:30:00+00:00,0.08096247499999999,0.525,17.39,3312.77,Trail-Lock 🔒,0.5889547587230297,9955.7
GRTUSDT,2026-07-28 23:30:00+00:00,0.01516,2026-07-29 01:30:00+00:00,0.0150084,-1.3,-43.14,3318.57,SL 🔴,0.5317648920065343,9912.56
GALAUSDT,2026-07-28 23:30:00+00:00,0.001824,2026-07-29 02:00:00+00:00,0.00180576,-1.3,-42.95,3304.19,SL 🔴,0.5187201645474702,9869.61
FILUSDT,2026-07-29 00:00:00+00:00,0.706,2026-07-29 01:30:00+00:00,0.69894,-1.3,-42.77,3289.87,SL 🔴,0.4842660748261621,9826.84
JASMYUSDT,2026-07-28 20:00:00+00:00,0.0043,2026-07-29 03:30:00+00:00,0.004257,-1.3,-43.07,3312.77,SL 🔴,0.595334905074651,9783.77
VETUSDT,2026-07-29 00:00:00+00:00,0.004544,2026-07-29 03:30:00+00:00,0.00449856,-1.3,-43.14,3318.57,SL 🔴,0.5858731078175947,9740.63
BCHUSDT,2026-07-29 00:00:00+00:00,214.1,2026-07-29 03:30:00+00:00,211.959,-1.3,-42.95,3304.19,SL 🔴,0.5273887472842235,9697.68
LINKUSDT,2026-07-28 23:30:00+00:00,8.42,2026-07-29 03:30:00+00:00,8.3358,-1.3,-42.58,3275.61,SL 🔴,0.4493406359066213,9655.1
ROSEUSDT,2026-07-28 21:30:00+00:00,0.00515,2026-07-29 04:00:00+00:00,0.00522725,1.2,38.62,3218.37,TP 🟢,0.8400633756268261,9693.72
PROMUSDT,2026-07-28 23:30:00+00:00,2.045,2026-07-29 04:30:00+00:00,2.0652893259323553,0.6921,22.36,3231.24,Trail-Lock 🔒,0.7377197236053663,9716.08
XLMUSDT,2026-07-28 20:30:00+00:00,0.172,2026-07-29 09:00:00+00:00,0.1745,1.1535,37.36,3238.69,Timeout ⏱️,0.5624083075620149,9753.44
EDUUSDT,2026-07-29 05:30:00+00:00,0.0312,2026-07-29 07:30:00+00:00,0.0314574,0.525,17.07,3251.15,Trail-Lock 🔒,0.8391494400058293,9770.51
XNOUSDT,2026-07-29 06:00:00+00:00,0.392,2026-07-29 06:30:00+00:00,0.4001021521553214,1.7669,57.54,3256.84,TP 🟢,0.822229076257128,9828.05
ZAMAUSDT,2026-07-29 04:30:00+00:00,0.0627,2026-07-29 06:30:00+00:00,0.06342613103746271,0.8581,28.11,3276.02,Trail-Lock 🔒,0.7360978928758813,9856.16
IDUSDT,2026-07-29 16:00:00+00:00,0.0276,2026-07-29 20:00:00+00:00,0.028014,1.2,39.42,3285.39,TP 🟢,0.8479023848451492,9895.59
ACEUSDT,2026-07-29 16:00:00+00:00,0.0713,2026-07-29 21:00:00+00:00,0.071888225,0.525,17.32,3298.53,Trail-Lock 🔒,0.842661224776108,9912.91
KAITOUSDT,2026-07-29 16:00:00+00:00,1.273,2026-07-29 22:30:00+00:00,1.287916314738474,0.8717,28.81,3304.3,Trail-Lock 🔒,0.8180184834766535,9941.71
DIAUSDT,2026-07-29 16:00:00+00:00,0.1154,2026-07-30 00:00:00+00:00,0.11846914513609821,2.3596,78.19,3313.9,TP 🟢,0.8021478688520561,10019.9
NILUSDT,2026-07-29 23:30:00+00:00,0.03471,2026-07-30 00:00:00+00:00,0.0349963575,0.525,17.53,3339.97,Trail-Lock 🔒,0.6909995680841083,10037.44
OPUSDT,2026-07-29 23:30:00+00:00,0.0877,2026-07-30 12:00:00+00:00,0.0877,-0.3,-10.02,3339.97,Timeout ⏱️,0.8013035763690641,10027.42
MEUSDT,2026-07-30 15:30:00+00:00,0.06106,2026-07-30 23:30:00+00:00,0.0604494,-1.3,-43.45,3342.47,SL 🔴,0.5009923793700082,9983.97
ZENUSDT,2026-07-30 20:00:00+00:00,3.852,2026-07-31 08:30:00+00:00,3.86,-0.0923,-3.07,3327.99,Timeout ⏱️,0.6914439088264159,9980.89
KITEUSDT,2026-07-30 20:00:00+00:00,0.0929,2026-07-31 08:30:00+00:00,0.0926,-0.6229,-20.73,3327.99,Timeout ⏱️,0.5691139807408196,9960.16
HYPERUSDT,2026-07-31 07:00:00+00:00,0.0592,2026-07-31 07:30:00+00:00,0.060191340841376506,1.3746,45.64,3320.05,TP 🟢,0.8319678104319357,10005.8
INITUSDT,2026-07-31 07:00:00+00:00,0.0488,2026-07-31 10:30:00+00:00,0.049202600000000006,0.525,17.51,3335.27,Trail-Lock 🔒,0.7096851957518535,10023.31
XVGUSDT,2026-07-31 07:00:00+00:00,0.001928,2026-07-31 09:00:00+00:00,0.00190872,-1.3,-43.43,3341.1,SL 🔴,0.45938709179724024,9979.88
XVGUSDT,2026-07-31 12:30:00+00:00,0.001914,2026-07-31 13:30:00+00:00,0.0019297905,0.525,17.46,3326.63,Trail-Lock 🔒,0.7277810761093773,9997.34
NEWTUSDT,2026-07-31 12:30:00+00:00,0.0401,2026-07-31 13:30:00+00:00,0.040430825,0.525,17.5,3332.45,Trail-Lock 🔒,0.6601578557966579,10014.84
POWRUSDT,2026-07-31 12:30:00+00:00,0.0398,2026-07-31 14:00:00+00:00,0.039402,-1.3,-43.4,3338.28,SL 🔴,0.5528568677718956,9971.44
ZKPUSDT,2026-07-31 12:30:00+00:00,0.0449,2026-07-31 13:00:00+00:00,0.045270425,0.525,17.45,3323.81,Trail-Lock 🔒,0.5505838247171618,9988.89
XAIUSDT,2026-07-31 12:30:00+00:00,0.00602,2026-07-31 14:00:00+00:00,0.0059598,-1.3,-43.29,3329.63,SL 🔴,0.5379528624157895,9945.6
ATOMUSDT,2026-07-31 12:30:00+00:00,1.235,2026-07-31 17:30:00+00:00,1.24518875,0.525,17.4,3315.2,Trail-Lock 🔒,0.5277305580673208,9963.01
GUSDT,2026-07-31 12:30:00+00:00,0.00328,2026-07-31 17:00:00+00:00,0.00330706,0.525,17.44,3321.0,Trail-Lock 🔒,0.5229214390120811,9980.44
ENJUSDT,2026-07-31 12:30:00+00:00,0.02497,2026-07-31 17:30:00+00:00,0.0251760025,0.525,17.47,3326.81,Trail-Lock 🔒,0.5003470309594906,9997.91
CELRUSDT,2026-07-31 12:30:00+00:00,0.001565,2026-07-31 16:00:00+00:00,0.00157791125,0.525,17.5,3332.64,Trail-Lock 🔒,0.4633583578934782,10015.41
MASKUSDT,2026-07-31 12:30:00+00:00,0.347,2026-07-31 20:00:00+00:00,0.352205,1.2,39.99,3332.45,TP 🟢,0.7005846276513163,10055.39
ENSOUSDT,2026-07-31 18:00:00+00:00,0.903,2026-07-31 20:30:00+00:00,0.891448339694816,-1.5793,-52.93,3351.8,SL 🔴,0.6409033120473931,10002.46
PYTHUSDT,2026-07-31 22:00:00+00:00,0.04002,2026-07-31 23:00:00+00:00,0.040350165,0.525,17.5,3334.15,Trail-Lock 🔒,0.4992173429154968,10019.97
ZILUSDT,2026-07-31 22:00:00+00:00,0.002643,2026-07-31 23:30:00+00:00,0.002682645,1.2,40.08,3339.99,TP 🟢,0.46146321827049513,10060.05
ALPINEUSDT,2026-07-31 22:00:00+00:00,0.322,2026-08-01 07:30:00+00:00,0.31878,-1.3,-43.34,3334.15,SL 🔴,0.5390945924586525,10016.7
VANRYUSDT,2026-08-01 07:00:00+00:00,0.004025,2026-08-01 08:00:00+00:00,0.004100496616857146,1.5757,52.61,3338.9,TP 🟢,0.8267713738279732,10069.31
OPENUSDT,2026-08-01 11:00:00+00:00,0.178,2026-08-01 14:30:00+00:00,0.1794685,0.525,17.62,3356.44,Trail-Lock 🔒,0.8093000457805222,10086.93
DUSKUSDT,2026-08-01 11:00:00+00:00,0.0583,2026-08-01 17:00:00+00:00,0.057717,-1.3,-43.71,3362.31,SL 🔴,0.5047861696094009,10043.22
ARPAUSDT,2026-08-01 15:00:00+00:00,0.00825,2026-08-02 00:00:00+00:00,0.008373750000000001,1.2,40.17,3347.74,TP 🟢,0.48994372769952954,10083.4
ZILUSDT,2026-08-01 23:00:00+00:00,0.002629,2026-08-02 05:00:00+00:00,0.00260271,-1.3,-43.69,3361.13,SL 🔴,0.5375875318671179,10039.7
RIFUSDT,2026-08-02 07:00:00+00:00,0.0894,2026-08-02 08:00:00+00:00,0.09074105154377124,1.2001,40.16,3346.57,TP 🟢,0.5884082106861659,10079.86
DCRUSDT,2026-08-02 07:00:00+00:00,13.26,2026-08-02 11:00:00+00:00,13.4589,1.2,40.32,3359.95,TP 🟢,0.5672782806119456,10120.18
RSRUSDT,2026-08-02 07:00:00+00:00,0.001296,2026-08-02 08:30:00+00:00,0.001306692,0.525,17.71,3373.39,Trail-Lock 🔒,0.559762278234644,10137.89
ZROUSDT,2026-08-02 15:00:00+00:00,0.719,2026-08-02 22:30:00+00:00,0.72493175,0.525,17.74,3379.3,Trail-Lock 🔒,0.8445486992054783,10155.63
ZECUSDT,2026-08-02 19:30:00+00:00,472.32,2026-08-03 06:00:00+00:00,476.21664,0.525,17.77,3385.21,Trail-Lock 🔒,0.8360781698511028,10173.41
ZKUSDT,2026-08-02 19:30:00+00:00,0.00778,2026-08-03 03:30:00+00:00,0.007844185,0.525,17.8,3391.14,Trail-Lock 🔒,0.8324346252869912,10191.21
ICXUSDT,2026-08-02 23:00:00+00:00,0.0213,2026-08-03 05:30:00+00:00,0.021475725,0.525,17.83,3397.07,Trail-Lock 🔒,0.5897453752489902,10209.04
FLUXUSDT,2026-08-02 23:00:00+00:00,0.0401,2026-08-03 00:30:00+00:00,0.040430825,0.525,17.87,3403.01,Trail-Lock 🔒,0.5006963876664617,10226.91
ROSEUSDT,2026-08-03 18:30:00+00:00,0.00543,2026-08-04 03:00:00+00:00,0.0053757,-1.3,-44.32,3408.97,SL 🔴,0.6366157007681078,10182.59
EPICUSDT,2026-08-03 18:30:00+00:00,0.9105,2026-08-04 00:30:00+00:00,0.920794546459258,0.8306,28.19,3394.2,Trail-Lock 🔒,0.7455732785089633,10210.79
ACHUSDT,2026-08-03 22:00:00+00:00,0.00428,2026-08-04 04:30:00+00:00,0.00431531,0.525,17.87,3403.6,Trail-Lock 🔒,0.5956992535353797,10228.66
CKBUSDT,2026-08-04 07:30:00+00:00,0.000821,2026-08-04 08:00:00+00:00,0.000833315,1.2,40.91,3409.55,TP 🟢,0.7383826315021306,10269.57
RIFUSDT,2026-08-04 07:30:00+00:00,0.0734,2026-08-04 19:00:00+00:00,0.07541017953808024,2.4387,83.15,3409.55,TP 🟢,0.7995926454762732,10352.72
ACHUSDT,2026-08-04 07:30:00+00:00,0.00429,2026-08-04 19:00:00+00:00,0.004354350000000001,1.2,41.41,3450.91,TP 🟢,0.7547217720057099,10394.13
VANAUSDT,2026-08-04 15:30:00+00:00,0.839,2026-08-04 16:00:00+00:00,0.8515849999999999,1.2,41.58,3464.71,TP 🟢,0.7362519472724296,10435.71
LINEAUSDT,2026-08-04 15:30:00+00:00,0.002269,2026-08-05 04:00:00+00:00,0.002266,-0.4322,-15.03,3478.57,Timeout ⏱️,0.8446788953512234,10420.67
DEXEUSDT,2026-08-04 20:00:00+00:00,2.315,2026-08-04 21:00:00+00:00,2.358552481885442,1.5813,54.93,3473.56,TP 🟢,0.8271776004549328,10475.6
OPENUSDT,2026-08-04 15:30:00+00:00,0.1903,2026-08-04 21:30:00+00:00,0.191869975,0.525,18.33,3491.87,Trail-Lock 🔒,0.8037522780539563,10493.93
IOUSDT,2026-08-05 05:30:00+00:00,0.1248,2026-08-05 12:00:00+00:00,0.1258296,0.525,18.36,3497.98,Trail-Lock 🔒,0.8329027177397144,10512.3
XPLUSDT,2026-08-05 05:30:00+00:00,0.07849,2026-08-05 07:00:00+00:00,0.0791375425,0.525,18.4,3504.1,Trail-Lock 🔒,0.7461299777041824,10530.69
ARKMUSDT,2026-08-05 05:30:00+00:00,0.0959,2026-08-05 13:30:00+00:00,0.094941,-1.3,-45.63,3510.23,SL 🔴,0.5683421162936277,10485.06
ENSOUSDT,2026-08-05 12:30:00+00:00,0.904,2026-08-05 20:00:00+00:00,0.911458,0.525,18.35,3495.02,Trail-Lock 🔒,0.6203354964557025,10503.41
STRAXUSDT,2026-08-05 17:30:00+00:00,0.00864,2026-08-05 20:30:00+00:00,0.00871128,0.525,18.38,3501.14,Trail-Lock 🔒,0.4672168074859579,10521.79
OPUSDT,2026-08-05 17:30:00+00:00,0.0886,2026-08-05 22:30:00+00:00,0.087714,-1.3,-45.51,3501.14,SL 🔴,0.5407731725552132,10476.27
LINKUSDT,2026-08-05 17:30:00+00:00,8.212,2026-08-06 02:00:00+00:00,8.12988,-1.3,-45.59,3507.26,SL 🔴,0.4665659771627279,10430.68
FILUSDT,2026-08-05 17:30:00+00:00,0.7224,2026-08-06 02:00:00+00:00,0.715176,-1.3,-45.59,3507.26,SL 🔴,0.4637647057475671,10385.08
RLCUSDT,2026-08-05 22:00:00+00:00,0.2727,2026-08-06 01:00:00+00:00,0.269973,-1.3,-45.0,3461.69,SL 🔴,0.8392258515538824,10340.08
ORDIUSDT,2026-08-05 12:30:00+00:00,3.372,2026-08-06 00:00:00+00:00,3.399819,0.525,18.1,3446.69,Trail-Lock 🔒,0.6071208030511029,10358.18
ZILUSDT,2026-08-05 22:00:00+00:00,0.002603,2026-08-06 05:30:00+00:00,0.00262447475,0.525,18.13,3452.73,Trail-Lock 🔒,0.5627163408123029,10376.3
HYPERUSDT,2026-08-05 22:00:00+00:00,0.0606,2026-08-06 00:00:00+00:00,0.05993351077216986,-1.3998,-48.42,3458.77,SL 🔴,0.5102679845058617,10327.89
VIRTUALUSDT,2026-08-05 17:30:00+00:00,0.567,2026-08-06 05:00:00+00:00,0.57167775,0.525,18.07,3442.63,Trail-Lock 🔒,0.45869148040803853,10345.96
PHAUSDT,2026-08-07 01:00:00+00:00,0.0218,2026-08-07 01:30:00+00:00,0.022127,1.2,41.38,3448.65,TP 🟢,0.7064470971137978,10387.35
MOVRUSDT,2026-08-07 01:00:00+00:00,1.182,2026-08-07 03:00:00+00:00,1.17018,-1.3,-45.01,3462.45,SL 🔴,0.6059050631769097,10342.33
ONEUSDT,2026-08-07 01:00:00+00:00,0.00126,2026-08-07 04:30:00+00:00,0.0012474,-1.3,-44.82,3447.44,SL 🔴,0.5764014410062981,10297.52
CHZUSDT,2026-08-07 01:00:00+00:00,0.01283,2026-08-07 04:30:00+00:00,0.0127017,-1.3,-44.62,3432.51,SL 🔴,0.5727871289586797,10252.89
SKLUSDT,2026-08-07 01:00:00+00:00,0.00353,2026-08-07 04:00:00+00:00,0.0034947000000000003,-1.3,-44.43,3417.63,SL 🔴,0.5705820980596814,10208.47
PROMUSDT,2026-08-07 01:00:00+00:00,2.014,2026-08-07 03:00:00+00:00,2.0442099999999996,1.2,40.83,3402.82,TP 🟢,0.5404006364897894,10249.3
SIGNUSDT,2026-08-07 01:00:00+00:00,0.00653,2026-08-07 04:00:00+00:00,0.0064647,-1.3,-44.41,3416.43,SL 🔴,0.5227693260493022,10204.89
EGLDUSDT,2026-08-07 01:00:00+00:00,2.82,2026-08-07 03:00:00+00:00,2.7918,-1.3,-44.22,3401.63,SL 🔴,0.4599558716084391,10160.66
SXTUSDT,2026-08-07 05:30:00+00:00,0.00784,2026-08-07 08:30:00+00:00,0.0079576,1.2,40.64,3386.89,TP 🟢,0.8411468815994313,10201.31
CUSDT,2026-08-07 05:30:00+00:00,0.0559,2026-08-07 11:30:00+00:00,0.0567385,1.2,40.81,3400.44,TP 🟢,0.5839715209343197,10242.11
CHRUSDT,2026-08-07 05:30:00+00:00,0.01324,2026-08-07 10:00:00+00:00,0.01334923,0.525,17.92,3414.04,Trail-Lock 🔒,0.7733767636228931,10260.04
ESPUSDT,2026-08-07 09:00:00+00:00,0.06928,2026-08-07 10:30:00+00:00,0.070988212951273,2.1657,74.07,3420.01,TP 🟢,0.7366156615324483,10334.1
PYTHUSDT,2026-08-07 01:00:00+00:00,0.03869,2026-08-07 13:30:00+00:00,0.0388,-0.0157,-0.54,3462.45,Timeout ⏱️,0.6731863080693047,10333.56
IOTXUSDT,2026-08-07 05:30:00+00:00,0.00223,2026-08-07 13:00:00+00:00,0.00226345,1.2,41.33,3444.52,TP 🟢,0.7845110636017221,10374.89
THETAUSDT,2026-08-07 05:30:00+00:00,0.1347,2026-08-07 14:00:00+00:00,0.133353,-1.3,-44.96,3458.3,SL 🔴,0.7773730373094776,10329.94
FLUXUSDT,2026-08-07 05:30:00+00:00,0.0397,2026-08-07 16:00:00+00:00,0.039303,-1.3,-44.21,3400.44,SL 🔴,0.71872590278045,10285.73
SANDUSDT,2026-08-07 05:30:00+00:00,0.04105,2026-08-07 15:00:00+00:00,0.0413886625,0.525,18.0,3428.58,Trail-Lock 🔒,0.7935946698098457,10303.73
PROMUSDT,2026-08-07 14:30:00+00:00,2.02,2026-08-07 17:00:00+00:00,2.036665,0.525,18.03,3434.58,Trail-Lock 🔒,0.5304927618968073,10321.76
TOWNSUSDT,2026-08-07 05:30:00+00:00,0.00226,2026-08-07 18:00:00+00:00,0.00228,0.585,20.13,3440.59,Timeout ⏱️,0.8401656858610455,10341.89
DIAUSDT,2026-08-07 17:30:00+00:00,0.1224,2026-08-07 18:00:00+00:00,0.12343176013316805,0.5429,18.72,3447.3,Trail-Lock 🔒,0.6243541282256705,10360.6
0GUSDT,2026-08-07 17:30:00+00:00,0.144,2026-08-07 18:30:00+00:00,0.14518799999999998,0.525,18.13,3453.53,Trail-Lock 🔒,0.5561200463103346,10378.74
ZROUSDT,2026-08-07 17:30:00+00:00,0.825,2026-08-07 19:00:00+00:00,0.83180625,0.525,18.16,3459.58,Trail-Lock 🔒,0.5028627814082591,10396.9
2ZUSDT,2026-08-07 14:30:00+00:00,0.05544,2026-08-07 19:30:00+00:00,0.05488560000000001,-1.3,-45.05,3465.63,SL 🔴,0.4850458475817561,10351.84
KAIAUSDT,2026-08-07 19:30:00+00:00,0.0267,2026-08-07 23:30:00+00:00,0.027100500000000003,1.2,41.41,3450.61,TP 🟢,0.5485476156633888,10393.25
XECUSDT,2026-08-07 19:30:00+00:00,6.62e-06,2026-08-07 22:30:00+00:00,6.7193e-06,1.2,41.57,3464.42,TP 🟢,0.7620677809357079,10434.83
EPICUSDT,2026-08-07 21:30:00+00:00,1.1652,2026-08-07 23:30:00+00:00,1.193167637360583,2.1002,73.05,3478.28,Trail-Lock 🔒,0.5576156943283012,10507.88
FIDAUSDT,2026-08-07 17:30:00+00:00,0.0182,2026-08-08 00:30:00+00:00,0.018473,1.2,41.59,3465.63,TP 🟢,0.5004504043204345,10549.46
VANAUSDT,2026-08-07 21:30:00+00:00,0.87,2026-08-08 03:00:00+00:00,0.8613,-1.3,-45.71,3516.49,SL 🔴,0.6415436317329003,10503.75
DIAUSDT,2026-08-08 04:00:00+00:00,0.1269,2026-08-08 04:30:00+00:00,0.12917047982253044,1.4892,52.14,3501.25,TP 🟢,0.8303974236608225,10555.89
COOKIEUSDT,2026-08-08 04:00:00+00:00,0.0099,2026-08-08 05:30:00+00:00,0.010077898747205761,1.497,52.67,3518.63,Trail-Lock 🔒,0.7552911338272108,10608.56
BIOUSDT,2026-08-08 04:00:00+00:00,0.02542,2026-08-08 05:00:00+00:00,0.025105180341929004,-1.5385,-54.4,3536.19,SL 🔴,0.46654348087391373,10554.16
ARBUSDT,2026-08-07 19:30:00+00:00,0.0787,2026-08-08 08:00:00+00:00,0.0787,-0.3,-10.35,3450.61,Timeout ⏱️,0.5293323664641112,10543.81
STORJUSDT,2026-08-07 19:30:00+00:00,0.0451,2026-08-08 08:00:00+00:00,0.0451,-0.3,-10.35,3450.61,Timeout ⏱️,0.48550035806052544,10533.46
CELRUSDT,2026-08-08 07:00:00+00:00,0.001778,2026-08-08 09:30:00+00:00,0.00180467,1.2,42.13,3511.15,TP 🟢,0.49629729265412637,10575.59
ONEUSDT,2026-08-08 09:00:00+00:00,0.00125,2026-08-08 09:30:00+00:00,0.0012687500000000001,1.2,42.3,3525.2,TP 🟢,0.8456829973743322,10617.89
SIGNUSDT,2026-08-07 23:30:00+00:00,0.00675,2026-08-08 11:30:00+00:00,0.00685125,1.2,42.43,3536.19,TP 🟢,0.6853436163510334,10660.33
JASMYUSDT,2026-08-07 23:30:00+00:00,0.004,2026-08-08 11:30:00+00:00,0.004033,0.525,18.66,3553.44,Trail-Lock 🔒,0.6632468566131502,10678.98
EDUUSDT,2026-08-08 10:30:00+00:00,0.0356,2026-08-08 11:00:00+00:00,0.0358937,0.525,18.69,3559.66,Trail-Lock 🔒,0.5792665772532998,10697.67
NEWTUSDT,2026-08-08 09:00:00+00:00,0.0396,2026-08-08 16:00:00+00:00,0.040194,1.2,42.47,3539.3,TP 🟢,0.4934329992780658,10740.14
REQUSDT,2026-08-08 10:30:00+00:00,0.0513,2026-08-08 18:00:00+00:00,0.0520695,1.2,42.79,3565.89,TP 🟢,0.468794143115522,10782.93
PIVXUSDT,2026-08-08 16:30:00+00:00,0.0271,2026-08-08 17:00:00+00:00,0.027738055382757115,2.0544,73.84,3594.31,TP 🟢,0.8128185968735282,10856.78
WAXPUSDT,2026-08-08 16:30:00+00:00,0.00382,2026-08-08 18:30:00+00:00,0.0038515150000000002,0.525,19.0,3618.93,Trail-Lock 🔒,0.49827161980259094,10875.78
SKLUSDT,2026-08-08 14:30:00+00:00,0.00359,2026-08-08 19:30:00+00:00,0.0036438499999999997,1.2,42.96,3580.05,TP 🟢,0.5054205868724766,10918.74
FETUSDT,2026-08-08 16:30:00+00:00,0.1387,2026-08-08 19:30:00+00:00,0.137313,-1.3,-47.05,3618.93,SL 🔴,0.49832105646754726,10871.69
DGBUSDT,2026-08-08 18:30:00+00:00,0.0037,2026-08-08 19:30:00+00:00,0.003768429792168786,1.5495,56.15,3623.9,TP 🟢,0.8279318228514401,10927.84
WALUSDT,2026-08-08 14:30:00+00:00,0.0252,2026-08-08 21:00:00+00:00,0.025578,1.2,43.43,3618.93,TP 🟢,0.649577328754902,10971.27
CUSDT,2026-08-08 19:30:00+00:00,0.0606,2026-08-08 20:00:00+00:00,0.061625600893905896,1.3924,50.92,3657.09,TP 🟢,0.7843207974319546,11022.19
NILUSDT,2026-08-08 19:30:00+00:00,0.03566,2026-08-08 20:00:00+00:00,0.03601545834326736,0.6968,25.6,3674.06,Trail-Lock 🔒,0.6424421892041869,11047.79
SUIUSDT,2026-08-08 14:30:00+00:00,0.6944,2026-08-09 03:00:00+00:00,0.6901,-0.9192,-33.27,3618.93,Timeout ⏱️,0.6302415214382655,11014.52
EIGENUSDT,2026-08-08 14:30:00+00:00,0.1769,2026-08-09 01:30:00+00:00,0.175131,-1.3,-47.05,3618.93,SL 🔴,0.5959066603071513,10967.48
REQUSDT,2026-08-08 16:30:00+00:00,0.0518,2026-08-09 00:30:00+00:00,0.052577,1.2,43.5,3625.26,TP 🟢,0.4668750576158815,11010.98
SKLUSDT,2026-08-08 19:30:00+00:00,0.00361,2026-08-09 01:30:00+00:00,0.00366415,1.2,44.19,3682.6,TP 🟢,0.689548471214859,11055.17
XAIUSDT,2026-08-08 21:00:00+00:00,0.00739,2026-08-09 01:30:00+00:00,0.007553784021712665,1.9163,70.62,3685.06,TP 🟢,0.8187970045788783,11125.79
APTUSDT,2026-08-08 14:30:00+00:00,0.602,2026-08-09 00:00:00+00:00,0.6069665,0.525,19.47,3708.6,Trail-Lock 🔒,0.6439349081377002,11145.26
GPSUSDT,2026-08-08 18:30:00+00:00,0.00988,2026-08-09 06:00:00+00:00,0.0097812,-1.3,-47.35,3642.61,SL 🔴,0.45569077073127784,11097.9
DIAUSDT,2026-08-08 22:30:00+00:00,0.1253,2026-08-09 04:00:00+00:00,0.1271795,1.2,44.39,3699.3,TP 🟢,0.6936186972696343,11142.3
LUNAUSDT,2026-08-09 03:30:00+00:00,0.0426,2026-08-09 06:00:00+00:00,0.04295145,0.525,19.5,3714.1,Trail-Lock 🔒,0.5382445496650055,11161.79
XVGUSDT,2026-08-09 03:30:00+00:00,0.002123,2026-08-09 08:30:00+00:00,0.002154845,1.2,44.65,3720.6,TP 🟢,0.48555927240909635,11206.44
KSMUSDT,2026-08-08 22:30:00+00:00,3.11,2026-08-09 07:00:00+00:00,3.15665,1.2,44.83,3735.48,TP 🟢,0.7363651669373562,11251.27
MOVRUSDT,2026-08-09 06:00:00+00:00,1.204,2026-08-09 07:00:00+00:00,1.1897990592042924,-1.4795,-55.49,3750.42,SL 🔴,0.6191576655607431,11195.78
VANAUSDT,2026-08-09 06:00:00+00:00,0.882,2026-08-09 10:00:00+00:00,0.87318,-1.3,-48.52,3731.93,SL 🔴,0.45838497272713047,11147.27
SCRTUSDT,2026-08-09 03:30:00+00:00,0.0326,2026-08-09 09:30:00+00:00,0.03286895,0.525,19.51,3715.76,Trail-Lock 🔒,0.7272012144260409,11166.77
XVGUSDT,2026-08-09 08:30:00+00:00,0.00214,2026-08-09 10:30:00+00:00,0.0021186,-1.3,-48.39,3722.26,SL 🔴,0.4731317162501212,11118.38
GTCUSDT,2026-08-09 03:30:00+00:00,0.08874,2026-08-09 12:00:00+00:00,0.0900711,1.2,44.47,3706.13,TP 🟢,0.8407376375753921,11162.86
QKCUSDT,2026-08-09 13:00:00+00:00,0.002016,2026-08-09 18:00:00+00:00,0.00199584,-1.3,-48.37,3720.95,SL 🔴,0.4681830226411845,11114.49
PIVXUSDT,2026-08-09 16:30:00+00:00,0.0251,2026-08-09 17:30:00+00:00,0.02542458060251702,0.9931,36.79,3704.83,Trail-Lock 🔒,0.8152524113792929,11151.28
HEIUSDT,2026-08-09 08:30:00+00:00,0.1656,2026-08-09 19:00:00+00:00,0.1584993101410077,-4.5879,-170.71,3720.95,SL 🔴,0.6548299907656624,10980.57
BANDUSDT,2026-08-09 18:30:00+00:00,0.1738,2026-08-09 20:30:00+00:00,0.17523385,0.525,19.22,3660.19,Trail-Lock 🔒,0.8061493875995052,10999.78
PIVXUSDT,2026-08-09 18:30:00+00:00,0.0255,2026-08-09 19:30:00+00:00,0.024909189514383746,-2.6169,-95.95,3666.59,SL 🔴,0.4560563970803885,10903.83
SSVUSDT,2026-08-09 10:30:00+00:00,2.135,2026-08-09 23:00:00+00:00,2.114,-1.2836,-47.76,3720.95,Timeout ⏱️,0.5797755574519965,10856.07
IQUSDT,2026-08-09 13:00:00+00:00,0.000658,2026-08-10 01:30:00+00:00,0.00065142,-1.3,-48.37,3720.95,SL 🔴,0.5176135387705191,10807.7
DCRUSDT,2026-08-09 14:30:00+00:00,12.88,2026-08-10 03:00:00+00:00,12.99,0.554,20.62,3720.95,Timeout ⏱️,0.4507495882659341,10828.31
ALPINEUSDT,2026-08-09 16:30:00+00:00,0.334,2026-08-10 04:30:00+00:00,0.33675550000000004,0.525,18.95,3609.44,Trail-Lock 🔒,0.8461652638443372,10847.26
XVGUSDT,2026-08-09 18:30:00+00:00,0.002166,2026-08-10 04:00:00+00:00,0.0021838695,0.525,18.98,3615.75,Trail-Lock 🔒,0.8101191281870884,10866.25
EIGENUSDT,2026-08-09 13:00:00+00:00,0.1745,2026-08-09 23:30:00+00:00,0.172755,-1.3,-47.09,3622.08,SL 🔴,0.7646139266542771,10819.16
NEWTUSDT,2026-08-09 13:00:00+00:00,0.0395,2026-08-10 01:30:00+00:00,0.039825875000000004,0.525,18.93,3606.39,Trail-Lock 🔒,0.7189571282773761,10838.09
SKLUSDT,2026-08-09 22:30:00+00:00,0.00366,2026-08-10 01:00:00+00:00,0.0036901950000000003,0.525,18.97,3612.7,Trail-Lock 🔒,0.6272904138881166,10857.06
GMTUSDT,2026-08-09 16:30:00+00:00,0.00686,2026-08-10 00:00:00+00:00,0.006916595,0.525,19.0,3619.02,Trail-Lock 🔒,0.6095338366018472,10876.06
ADXUSDT,2026-08-09 18:30:00+00:00,0.0654,2026-08-10 05:30:00+00:00,0.06593955,0.525,19.03,3625.35,Trail-Lock 🔒,0.6686982334432836,10895.09
ERAUSDT,2026-08-10 04:30:00+00:00,0.0699,2026-08-10 05:30:00+00:00,0.0709485,1.2,43.58,3631.7,TP 🟢,0.4923389180561073,10938.67
LUNAUSDT,2026-08-10 14:00:00+00:00,0.0421,2026-08-10 16:30:00+00:00,0.041679,-1.3,-47.4,3646.22,SL 🔴,0.5924038233105196,10891.27
MIRAUSDT,2026-08-10 14:00:00+00:00,0.0424,2026-08-10 15:30:00+00:00,0.041976,-1.3,-47.2,3630.42,SL 🔴,0.5425111354469888,10844.08
HEIUSDT,2026-08-10 14:00:00+00:00,0.1513,2026-08-10 17:30:00+00:00,0.15510407194229767,2.2143,80.04,3614.69,TP 🟢,0.8101578548396517,10924.11
BLURUSDT,2026-08-10 17:00:00+00:00,0.014,2026-08-10 18:00:00+00:00,0.0141155,0.525,19.12,3641.37,Trail-Lock 🔒,0.5608497978199437,10943.23
AMPUSDT,2026-08-10 21:30:00+00:00,0.000385,2026-08-10 22:30:00+00:00,0.000390775,1.2,43.77,3647.74,TP 🟢,0.731153540824135,10987.0
DCRUSDT,2026-08-10 21:30:00+00:00,12.88,2026-08-10 23:00:00+00:00,12.7512,-1.3,-47.61,3662.33,SL 🔴,0.45520487900819123,10939.39
OPUSDT,2026-08-10 17:00:00+00:00,0.0911,2026-08-11 01:30:00+00:00,0.09246650000000001,1.2,43.77,3647.74,TP 🟢,0.5396537019627401,10983.17
FILUSDT,2026-08-10 19:30:00+00:00,0.6994,2026-08-11 03:00:00+00:00,0.709891,1.2,43.95,3662.33,TP 🟢,0.5539023051366012,11027.12
PROMUSDT,2026-08-10 21:30:00+00:00,2.049,2026-08-11 03:30:00+00:00,2.079735,1.2,44.11,3675.71,TP 🟢,0.8454448334486597,11071.22
DGBUSDT,2026-08-10 21:30:00+00:00,0.00381,2026-08-11 03:30:00+00:00,0.0038414325000000003,0.525,19.37,3690.41,Trail-Lock 🔒,0.6213990159185764,11090.6
XVGUSDT,2026-08-10 21:30:00+00:00,0.002184,2026-08-11 05:00:00+00:00,0.00216216,-1.3,-48.06,3696.87,SL 🔴,0.5130263320686813,11042.54
TNSRUSDT,2026-08-11 04:00:00+00:00,0.0319,2026-08-11 07:30:00+00:00,0.031581,-1.3,-47.85,3680.85,SL 🔴,0.727371595036556,10994.69
LSKUSDT,2026-08-10 17:00:00+00:00,0.077,2026-08-11 05:30:00+00:00,0.0774,0.2195,8.04,3664.9,Timeout ⏱️,0.6427634379189124,11002.73
DGBUSDT,2026-08-11 08:00:00+00:00,0.00381,2026-08-11 09:00:00+00:00,0.0037523286133144536,-1.8137,-66.52,3667.58,SL 🔴,0.8349521830205724,10936.21
GPSUSDT,2026-08-11 08:00:00+00:00,0.00928,2026-08-11 17:00:00+00:00,0.0091872,-1.3,-47.39,3645.4,SL 🔴,0.8413821953477076,10888.82
PIVXUSDT,2026-08-11 15:00:00+00:00,0.0235,2026-08-11 15:30:00+00:00,0.02389923044925918,1.3989,50.77,3629.61,Trail-Lock 🔒,0.7732430629473072,10939.6
CGPTUSDT,2026-08-11 14:30:00+00:00,0.02049,2026-08-11 17:30:00+00:00,0.020659042500000002,0.525,19.14,3646.53,Trail-Lock 🔒,0.4742253509657564,10958.74
INITUSDT,2026-08-11 14:30:00+00:00,0.0525,2026-08-11 20:30:00+00:00,0.0532875,1.2,43.83,3652.91,TP 🟢,0.8346082531696561,11002.58
CELRUSDT,2026-08-11 18:00:00+00:00,0.001975,2026-08-11 22:00:00+00:00,0.0020046250000000003,1.2,44.01,3667.53,TP 🟢,0.8493711733797468,11046.59
IMXUSDT,2026-08-11 22:30:00+00:00,0.112,2026-08-12 07:30:00+00:00,0.112924,0.525,19.33,3682.2,Trail-Lock 🔒,0.5223879859887209,11065.92
LUMIAUSDT,2026-08-12 04:30:00+00:00,0.0774,2026-08-12 08:00:00+00:00,0.076626,-1.3,-47.95,3688.64,SL 🔴,0.4738476126215667,11017.96
DIAUSDT,2026-08-12 09:00:00+00:00,0.1251,2026-08-12 09:30:00+00:00,0.12613207499999998,0.525,19.28,3672.65,Trail-Lock 🔒,0.5796618801480689,11037.25
EGLDUSDT,2026-08-12 09:00:00+00:00,2.71,2026-08-12 09:30:00+00:00,2.7323575,0.525,19.32,3679.08,Trail-Lock 🔒,0.4672387613144664,11056.56
DGBUSDT,2026-08-12 11:30:00+00:00,0.00397,2026-08-12 13:30:00+00:00,0.004047930674117914,1.663,61.29,3685.52,TP 🟢,0.8203336031811914,11117.85
GPSUSDT,2026-08-12 09:00:00+00:00,0.00956,2026-08-12 14:30:00+00:00,0.009703400000000001,1.2,44.47,3705.95,TP 🟢,0.8164857272225323,11162.32
MOVRUSDT,2026-08-12 11:30:00+00:00,0.925,2026-08-12 13:00:00+00:00,0.958610594933128,3.3336,124.03,3720.77,TP 🟢,0.71804186241964,11286.36
THETAUSDT,2026-08-12 11:30:00+00:00,0.1347,2026-08-12 14:00:00+00:00,0.133353,-1.3,-48.91,3762.12,SL 🔴,0.5001041972411087,11237.45
SENTUSDT,2026-08-12 09:00:00+00:00,0.01317,2026-08-12 19:30:00+00:00,0.013367549999999999,1.2,44.95,3745.82,TP 🟢,0.7874394703075259,11282.4
BANANAUSDT,2026-08-12 18:00:00+00:00,3.714,2026-08-12 20:30:00+00:00,3.7446405,0.525,19.74,3760.8,Trail-Lock 🔒,0.8505074648001859,11302.14
BANDUSDT,2026-08-12 18:00:00+00:00,0.1606,2026-08-12 19:00:00+00:00,0.163009,1.2,45.21,3767.38,TP 🟢,0.8493506031917233,11347.35
JASMYUSDT,2026-08-12 15:00:00+00:00,0.00402,2026-08-12 21:30:00+00:00,0.0039798,-1.3,-48.7,3745.82,SL 🔴,0.7181455697642142,11298.66
ORDIUSDT,2026-08-12 15:00:00+00:00,3.445,2026-08-12 21:00:00+00:00,3.4105499999999997,-1.3,-49.17,3782.45,SL 🔴,0.5029838013388308,11249.49
2ZUSDT,2026-08-12 18:00:00+00:00,0.05154,2026-08-12 22:00:00+00:00,0.05014697256136251,-3.0028,-112.6,3749.83,SL 🔴,0.7946862993850786,11136.88
EDUUSDT,2026-08-12 18:00:00+00:00,0.0393,2026-08-12 21:30:00+00:00,0.039624225,0.525,19.49,3712.29,Trail-Lock 🔒,0.7904622233969905,11156.37
DIAUSDT,2026-08-12 20:30:00+00:00,0.1217,2026-08-13 03:30:00+00:00,0.1235255,1.2,44.63,3718.79,TP 🟢,0.780191661987448,11201.0
ESPUSDT,2026-08-12 22:30:00+00:00,0.07136,2026-08-13 00:00:00+00:00,0.0724304,1.2,44.8,3733.67,TP 🟢,0.66158923022931,11245.8
SFPUSDT,2026-08-12 22:30:00+00:00,0.2403,2026-08-13 00:00:00+00:00,0.24228247500000002,0.525,19.68,3748.6,Trail-Lock 🔒,0.5437011801931086,11265.48
TWTUSDT,2026-08-12 22:30:00+00:00,0.4062,2026-08-13 07:30:00+00:00,0.402138,-1.3,-48.82,3755.16,SL 🔴,0.5067612065466188,11216.67
INITUSDT,2026-08-13 04:30:00+00:00,0.0518,2026-08-13 09:00:00+00:00,0.051282,-1.3,-48.61,3738.89,SL 🔴,0.6406108071907196,11168.06
TRBUSDT,2026-08-13 04:30:00+00:00,13.66,2026-08-13 08:00:00+00:00,13.5234,-1.3,-48.39,3722.69,SL 🔴,0.5579009027314732,11119.67
ORDIUSDT,2026-08-13 04:30:00+00:00,3.477,2026-08-13 14:30:00+00:00,3.50568525,0.525,19.46,3706.56,Trail-Lock 🔒,0.663572007932402,11139.13
DGBUSDT,2026-08-13 11:30:00+00:00,0.00412,2026-08-13 12:00:00+00:00,0.004153990000000001,0.525,19.49,3713.04,Trail-Lock 🔒,0.6141137069110931,11158.62
FIDAUSDT,2026-08-13 04:30:00+00:00,0.0175,2026-08-13 16:00:00+00:00,0.017325,-1.3,-48.19,3706.56,SL 🔴,0.4824309797186276,11110.43
XVGUSDT,2026-08-13 09:00:00+00:00,0.002101,2026-08-13 16:30:00+00:00,0.00207999,-1.3,-48.15,3703.48,SL 🔴,0.7112974678626485,11062.29
REQUSDT,2026-08-13 15:00:00+00:00,0.051,2026-08-13 15:30:00+00:00,0.051765,1.2,44.25,3687.43,TP 🟢,0.6522974977591609,11106.54
WINUSDT,2026-08-13 15:00:00+00:00,3.125e-05,2026-08-13 16:30:00+00:00,3.09375e-05,-1.3,-48.13,3702.18,SL 🔴,0.554188831730475,11058.41
TWTUSDT,2026-08-13 09:00:00+00:00,0.4032,2026-08-13 18:30:00+00:00,0.409248,1.2,44.44,3703.48,TP 🟢,0.8421907244773653,11102.85
DEXEUSDT,2026-08-13 18:00:00+00:00,2.009,2026-08-14 05:00:00+00:00,1.98242698148693,-1.6227,-60.06,3700.95,SL 🔴,0.841832654226405,11042.8
IOUSDT,2026-08-13 21:00:00+00:00,0.1139,2026-08-14 01:30:00+00:00,0.11265478514463548,-1.3933,-51.56,3700.95,SL 🔴,0.5758519009201988,10991.23
ONGUSDT,2026-08-13 21:00:00+00:00,0.04244,2026-08-14 00:00:00+00:00,0.0420156,-1.3,-48.11,3700.95,SL 🔴,0.5112615777859271,10943.12
MOVRUSDT,2026-08-13 21:00:00+00:00,0.857,2026-08-14 00:30:00+00:00,0.8400358984071271,-2.2795,-84.36,3700.95,SL 🔴,0.4553726686599535,10858.76
STEEMUSDT,2026-08-13 21:00:00+00:00,0.03594,2026-08-14 05:00:00+00:00,0.0355806,-1.3,-47.05,3619.59,SL 🔴,0.6698199623350025,10811.7
MTLUSDT,2026-08-13 23:30:00+00:00,0.194,2026-08-14 00:00:00+00:00,0.1956005,0.525,18.92,3603.9,Trail-Lock 🔒,0.49628341428317396,10830.62
WUSDT,2026-08-13 21:00:00+00:00,0.00814,2026-08-14 08:00:00+00:00,0.008058599999999999,-1.3,-46.85,3603.9,SL 🔴,0.5744525357250985,10783.77
JASMYUSDT,2026-08-13 21:00:00+00:00,0.00406,2026-08-14 07:00:00+00:00,0.0040194,-1.3,-46.73,3594.59,SL 🔴,0.7620966081017337,10737.04
ESPUSDT,2026-08-14 05:00:00+00:00,0.0751,2026-08-14 05:30:00+00:00,0.075719575,0.525,18.79,3579.01,Trail-Lock 🔒,0.6420558045316808,10755.83
OPUSDT,2026-08-13 23:30:00+00:00,0.0865,2026-08-14 10:00:00+00:00,0.08563499999999999,-1.3,-46.73,3594.59,SL 🔴,0.8335088399042487,10709.1
GUSDT,2026-08-14 05:00:00+00:00,0.00357,2026-08-14 09:30:00+00:00,0.0035342999999999998,-1.3,-46.61,3585.28,SL 🔴,0.5073053941661765,10662.5
NILUSDT,2026-08-14 09:00:00+00:00,0.04337,2026-08-14 09:30:00+00:00,0.042567527104345734,-2.1503,-76.43,3554.17,SL 🔴,0.4936355752532505,10586.07
RONINUSDT,2026-08-14 11:30:00+00:00,0.0495,2026-08-14 15:30:00+00:00,0.0502425,1.2,42.34,3528.69,TP 🟢,0.7483730516821495,10628.41
LAUSDT,2026-08-14 14:30:00+00:00,0.048,2026-08-14 15:30:00+00:00,0.048396,0.525,18.6,3542.8,Trail-Lock 🔒,0.5341860443779072,10647.01
ONGUSDT,2026-08-14 11:30:00+00:00,0.04279,2026-08-14 15:00:00+00:00,0.04343185,1.2,42.59,3549.0,TP 🟢,0.47255858312037213,10689.6
KSMUSDT,2026-08-14 14:30:00+00:00,2.84,2026-08-14 16:00:00+00:00,2.8826,1.2,42.76,3563.2,TP 🟢,0.4611166107324407,10732.36
LAUSDT,2026-08-14 15:30:00+00:00,0.0483,2026-08-14 16:00:00+00:00,0.049024500000000006,1.2,42.93,3577.45,TP 🟢,0.5808679152289665,10775.29
TFUELUSDT,2026-08-14 15:30:00+00:00,0.00715,2026-08-14 16:30:00+00:00,0.0072089875,0.525,18.86,3591.76,Trail-Lock 🔒,0.4774582410953966,10794.15
CTSIUSDT,2026-08-14 18:30:00+00:00,0.0253,2026-08-14 19:00:00+00:00,0.0256795,1.2,43.18,3598.05,TP 🟢,0.846363455411548,10837.32
ZKPUSDT,2026-08-14 17:30:00+00:00,0.04,2026-08-14 19:30:00+00:00,0.040600000000000004,1.2,43.35,3612.44,TP 🟢,0.8377736651907312,10880.67
WLDUSDT,2026-08-14 15:30:00+00:00,0.3409,2026-08-14 19:30:00+00:00,0.3460135,1.2,43.52,3626.89,TP 🟢,0.7311130779310788,10924.2
AWEUSDT,2026-08-14 16:30:00+00:00,0.0622,2026-08-14 19:00:00+00:00,0.06271315,0.525,19.12,3641.4,Trail-Lock 🔒,0.6293711972503397,10943.31
ERAUSDT,2026-08-14 18:30:00+00:00,0.0598,2026-08-14 19:30:00+00:00,0.060697,1.2,43.77,3647.77,TP 🟢,0.5852419463031815,10987.09
ONEUSDT,2026-08-14 22:30:00+00:00,0.00075,2026-08-14 23:00:00+00:00,0.0007676226556940371,2.0497,75.07,3662.36,TP 🟢,0.6624087555927134,11062.15
DUSKUSDT,2026-08-14 16:30:00+00:00,0.0609,2026-08-15 00:30:00+00:00,0.0618135,1.2,43.18,3598.05,TP 🟢,0.5479310259345695,11105.33
ICPUSDT,2026-08-14 21:00:00+00:00,2.229,2026-08-15 00:30:00+00:00,2.262435,1.2,43.95,3662.36,TP 🟢,0.4862940844571804,11149.28
TOWNSUSDT,2026-08-14 22:30:00+00:00,0.00213,2026-08-15 00:00:00+00:00,0.00216195,1.2,44.25,3687.38,TP 🟢,0.6109722210994227,11193.53
CUSDT,2026-08-14 21:00:00+00:00,0.0654,2026-08-14 23:30:00+00:00,0.06593955,0.525,19.59,3731.18,Trail-Lock 🔒,0.8471708746868436,11213.12
ONGUSDT,2026-08-14 23:00:00+00:00,0.04476,2026-08-15 00:00:00+00:00,0.04550565940134837,1.3659,51.05,3737.71,TP 🟢,0.7547820828515133,11264.17
PARTIUSDT,2026-08-14 23:00:00+00:00,0.0224,2026-08-15 01:00:00+00:00,0.022176,-1.3,-48.81,3754.72,SL 🔴,0.49592731165598697,11215.36
GPSUSDT,2026-08-14 23:00:00+00:00,0.01034,2026-08-15 00:00:00+00:00,0.010432828791880382,0.5978,22.35,3738.45,Trail-Lock 🔒,0.49399156575366066,11237.7
STRAXUSDT,2026-08-14 15:30:00+00:00,0.00822,2026-08-15 02:00:00+00:00,0.0083433,1.2,43.95,3662.36,TP 🟢,0.5485855241351871,11281.65
ZAMAUSDT,2026-08-14 23:00:00+00:00,0.04548,2026-08-15 01:30:00+00:00,0.0450252,-1.3,-48.7,3745.9,SL 🔴,0.4698789499287073,11232.96
DGBUSDT,2026-08-15 01:00:00+00:00,0.00414,2026-08-15 03:30:00+00:00,0.004095569534107319,-1.3732,-51.42,3744.32,SL 🔴,0.6152061311285333,11181.54
REQUSDT,2026-08-14 15:30:00+00:00,0.0504,2026-08-15 04:00:00+00:00,0.0506,0.0968,3.55,3662.36,Timeout ⏱️,0.4694441714266948,11185.09
RADUSDT,2026-08-15 03:30:00+00:00,0.238,2026-08-15 04:00:00+00:00,0.24156999999999998,1.2,44.74,3728.36,TP 🟢,0.6761917105353377,11229.83
PORTALUSDT,2026-08-14 22:00:00+00:00,0.01066,2026-08-15 05:00:00+00:00,0.010823940767943541,1.2379,46.15,3728.36,TP 🟢,0.8364837129097659,11275.98
CGPTUSDT,2026-08-14 18:30:00+00:00,0.02051,2026-08-15 05:30:00+00:00,0.02081765,1.2,43.95,3662.36,TP 🟢,0.6855226125653273,11319.93
SHELLUSDT,2026-08-15 05:00:00+00:00,0.02,2026-08-15 05:30:00+00:00,0.020165000000000002,0.525,19.81,3773.31,Trail-Lock 🔒,0.6196588793630265,11339.74
STORJUSDT,2026-08-15 04:00:00+00:00,0.0438,2026-08-15 05:30:00+00:00,0.044161349999999995,0.525,19.84,3779.91,Trail-Lock 🔒,0.5531315256031679,11359.58
ARPAUSDT,2026-08-14 17:30:00+00:00,0.00847,2026-08-15 06:00:00+00:00,0.00847,-0.3,-10.79,3598.05,Timeout ⏱️,0.45986816623468457,11348.79
KITEUSDT,2026-08-15 02:00:00+00:00,0.0957,2026-08-15 06:00:00+00:00,0.09648952499999999,0.525,19.86,3782.93,Trail-Lock 🔒,0.5287193630940945,11368.65
ARBUSDT,2026-08-15 02:30:00+00:00,0.075,2026-08-15 08:00:00+00:00,0.07425,-1.3,-48.45,3727.18,SL 🔴,0.475986216850208,11320.19
SAGAUSDT,2026-08-15 05:00:00+00:00,0.01322,2026-08-15 08:00:00+00:00,0.013329065000000001,0.525,19.81,3773.4,Trail-Lock 🔒,0.7481679405476964,11340.01
ONGUSDT,2026-08-15 06:30:00+00:00,0.04501,2026-08-15 09:00:00+00:00,0.0440467511537506,-2.4401,-92.23,3780.0,SL 🔴,0.8145117961606871,11247.77
AWEUSDT,2026-08-15 08:00:00+00:00,0.06222,2026-08-15 09:00:00+00:00,0.062733315,0.525,19.68,3749.26,Trail-Lock 🔒,0.538119074583754,11267.45
TOWNSUSDT,2026-08-15 05:00:00+00:00,0.00216,2026-08-15 09:30:00+00:00,0.0021924,1.2,45.4,3782.93,TP 🟢,0.8486099896636895,11312.85
SOMIUSDT,2026-08-15 09:00:00+00:00,0.0917,2026-08-15 09:30:00+00:00,0.0930755,1.2,45.25,3770.95,TP 🟢,0.6110841428703129,11358.1
IDUSDT,2026-08-15 07:00:00+00:00,0.0299,2026-08-15 10:00:00+00:00,0.029601,-1.3,-49.02,3770.95,SL 🔴,0.8378733509402037,11309.08
TFUELUSDT,2026-08-14 22:30:00+00:00,0.00724,2026-08-15 11:00:00+00:00,0.00725,-0.1619,-5.97,3687.38,Timeout ⏱️,0.47431330627050594,11303.11
WAXPUSDT,2026-08-14 23:00:00+00:00,0.00366,2026-08-15 11:30:00+00:00,0.00367,-0.0268,-1.0,3744.32,Timeout ⏱️,0.8348205927491705,11302.11
PARTIUSDT,2026-08-15 09:00:00+00:00,0.0222,2026-08-15 11:30:00+00:00,0.022533,1.2,45.24,3769.69,TP 🟢,0.6859881692578196,11347.34
APTUSDT,2026-08-15 02:00:00+00:00,0.544,2026-08-15 12:30:00+00:00,0.53856,-1.3,-48.45,3727.18,SL 🔴,0.4681771845441837,11298.89
ICXUSDT,2026-08-15 11:00:00+00:00,0.0186,2026-08-15 13:00:00+00:00,0.018879,1.2,45.39,3782.45,TP 🟢,0.5033338979087257,11344.28
LUMIAUSDT,2026-08-15 12:00:00+00:00,0.0816,2026-08-15 12:30:00+00:00,0.08282400000000001,1.2,45.38,3781.43,TP 🟢,0.8495663296134237,11389.66
BMTUSDT,2026-08-15 09:00:00+00:00,0.01604,2026-08-15 13:00:00+00:00,0.016649214928224847,3.4981,132.81,3796.55,TP 🟢,0.7072572358596046,11522.46
PIVXUSDT,2026-08-15 12:00:00+00:00,0.0144,2026-08-15 12:30:00+00:00,0.014723544781394638,1.9468,74.77,3840.82,Trail-Lock 🔒,0.6607909064748348,11597.24
CELRUSDT,2026-08-15 12:00:00+00:00,0.002058,2026-08-15 12:30:00+00:00,0.0020760383514270993,0.5765,22.29,3865.75,Trail-Lock 🔒,0.5170757413750449,11619.52
OPUSDT,2026-08-15 02:00:00+00:00,0.0867,2026-08-15 14:00:00+00:00,0.08583299999999999,-1.3,-49.26,3789.55,SL 🔴,0.5116971523493654,11570.26
VIRTUALUSDT,2026-08-15 02:00:00+00:00,0.5609,2026-08-15 14:30:00+00:00,0.5581,-0.7992,-29.79,3727.18,Timeout ⏱️,0.5207183670695428,11540.47
SXTUSDT,2026-08-15 05:30:00+00:00,0.00701,2026-08-15 14:30:00+00:00,0.0069399,-1.3,-49.01,3769.69,SL 🔴,0.7654192854580545,11491.47
SAPIENUSDT,2026-08-15 11:30:00+00:00,0.0774,2026-08-15 14:30:00+00:00,0.07856099999999999,1.2,46.28,3856.75,TP 🟢,0.6459211987593327,11537.75
RAREUSDT,2026-08-15 12:00:00+00:00,0.01168,2026-08-15 14:30:00+00:00,0.011901625765344787,1.5975,61.44,3845.92,TP 🟢,0.8274502143210889,11599.18
PHAUSDT,2026-08-15 09:00:00+00:00,0.0219,2026-08-15 15:00:00+00:00,0.022228499999999998,1.2,45.43,3786.03,TP 🟢,0.5894025052999373,11644.62
WLDUSDT,2026-08-15 05:30:00+00:00,0.3414,2026-08-15 15:00:00+00:00,0.34652099999999997,1.2,45.39,3782.45,TP 🟢,0.8503921632599722,11690.01
DUSKUSDT,2026-08-15 14:00:00+00:00,0.0657,2026-08-15 15:00:00+00:00,0.06626382028087485,0.5582,21.75,3896.67,Trail-Lock 🔒,0.5573188341044221,11711.76
ZKPUSDT,2026-08-15 09:30:00+00:00,0.0405,2026-08-15 15:30:00+00:00,0.0411075,1.2,45.21,3767.7,TP 🟢,0.4994091575151184,11756.97
ERAUSDT,2026-08-15 09:30:00+00:00,0.0602,2026-08-15 16:00:00+00:00,0.061103,1.2,45.39,3782.45,TP 🟢,0.4676943267662546,11802.36
CTSIUSDT,2026-08-15 15:00:00+00:00,0.02498,2026-08-15 16:00:00+00:00,0.025354699999999997,1.2,47.21,3934.12,TP 🟢,0.6450746257368056,11849.57
DGBUSDT,2026-08-15 14:30:00+00:00,0.00398,2026-08-15 16:30:00+00:00,0.004012835,0.525,20.74,3949.86,Trail-Lock 🔒,0.6808053690050574,11870.3
ERAUSDT,2026-08-15 16:30:00+00:00,0.0613,2026-08-15 17:00:00+00:00,0.060687,-1.3,-51.44,3956.77,SL 🔴,0.6159548653811818,11818.87
ZILUSDT,2026-08-15 05:00:00+00:00,0.002331,2026-08-15 17:30:00+00:00,0.002342,0.1719,6.51,3789.55,Timeout ⏱️,0.516857767653534,11825.38
XNOUSDT,2026-08-15 07:30:00+00:00,0.362,2026-08-15 17:30:00+00:00,0.36743,1.2,47.3,3941.79,TP 🟢,0.525423823897327,11872.68
XPLUSDT,2026-08-15 10:00:00+00:00,0.07718,2026-08-15 20:30:00+00:00,0.0764082,-1.3,-50.35,3873.17,SL 🔴,0.6803336594428948,11822.33
GLMRUSDT,2026-08-15 13:00:00+00:00,0.007566,2026-08-15 20:30:00+00:00,0.00746946615853254,-1.5759,-62.1,3940.78,SL 🔴,0.8429951251852809,11760.23
NILUSDT,2026-08-15 18:30:00+00:00,0.04862,2026-08-15 20:30:00+00:00,0.0495991539392766,1.7139,67.19,3920.08,Trail-Lock 🔒,0.7125685724278762,11827.41
DEXEUSDT,2026-08-15 20:00:00+00:00,1.966,2026-08-15 21:00:00+00:00,1.94634,-1.3,-51.25,3942.47,SL 🔴,0.5760118361733109,11776.16
MOVRUSDT,2026-08-15 13:00:00+00:00,0.794,2026-08-15 21:30:00+00:00,0.8143545416991046,2.2635,88.85,3925.39,Trail-Lock 🔒,0.6322901174755267,11865.02
ENJUSDT,2026-08-15 09:30:00+00:00,0.02427,2026-08-15 22:00:00+00:00,0.02415,-0.7944,-29.95,3769.69,Timeout ⏱️,0.46839139553566084,11835.07
ARKMUSDT,2026-08-15 09:30:00+00:00,0.0919,2026-08-15 22:00:00+00:00,0.0924,0.2441,9.66,3957.56,Timeout ⏱️,0.5744763126482162,11844.73
BIOUSDT,2026-08-15 15:00:00+00:00,0.02497,2026-08-15 21:30:00+00:00,0.0247203,-1.3,-51.45,3957.56,SL 🔴,0.49152135333997454,11793.28
ESPUSDT,2026-08-15 16:30:00+00:00,0.0732,2026-08-15 22:00:00+00:00,0.072468,-1.3,-51.45,3957.56,SL 🔴,0.6434751711432425,11741.83
GMTUSDT,2026-08-15 10:00:00+00:00,0.00627,2026-08-15 22:00:00+00:00,0.006207300000000001,-1.3,-50.88,3913.94,SL 🔴,0.6310686153539645,11690.95
ROSEUSDT,2026-08-15 11:00:00+00:00,0.00539,2026-08-15 23:00:00+00:00,0.0053361,-1.3,-50.26,3866.39,SL 🔴,0.6355511942539853,11640.69
ONGUSDT,2026-08-15 22:30:00+00:00,0.04912,2026-08-15 23:00:00+00:00,0.050298408658919755,2.099,81.45,3880.23,TP 🟢,0.8138229468746733,11722.13
MIRAUSDT,2026-08-15 17:00:00+00:00,0.0397,2026-08-16 00:30:00+00:00,0.039303,-1.3,-51.45,3957.56,SL 🔴,0.6091295629029115,11670.68
EDUUSDT,2026-08-15 18:00:00+00:00,0.0412,2026-08-15 23:30:00+00:00,0.041818,1.2,47.49,3957.56,TP 🟢,0.6168970390896172,11718.18
ENSOUSDT,2026-08-15 17:00:00+00:00,0.854,2026-08-16 01:00:00+00:00,0.8287653629657123,-3.2549,-128.81,3957.56,SL 🔴,0.7874973063505577,11589.36
ZROUSDT,2026-08-15 15:30:00+00:00,0.785,2026-08-15 23:30:00+00:00,0.77715,-1.3,-51.25,3942.47,SL 🔴,0.6077907228670816,11538.11
2ZUSDT,2026-08-15 15:00:00+00:00,0.04923,2026-08-16 01:00:00+00:00,0.049968450000000005,1.2,46.97,3913.94,TP 🟢,0.8401085271052924,11585.08
MEUSDT,2026-08-15 18:30:00+00:00,0.06493,2026-08-16 01:00:00+00:00,0.0654656725,0.525,20.27,3861.69,Trail-Lock 🔒,0.8364665457014996,11605.35
SHELLUSDT,2026-08-15 18:00:00+00:00,0.0202,2026-08-16 00:30:00+00:00,0.02036665,0.525,20.31,3868.45,Trail-Lock 🔒,0.7241196545657564,11625.66
ALTUSDT,2026-08-15 14:30:00+00:00,0.00603,2026-08-16 01:30:00+00:00,0.0059697,-1.3,-51.44,3956.77,SL 🔴,0.5306231051621656,11574.22
PHAUSDT,2026-08-15 15:00:00+00:00,0.022,2026-08-16 02:00:00+00:00,0.021779999999999997,-1.3,-50.96,3920.08,SL 🔴,0.7917006838699675,11523.26
HOTUSDT,2026-08-15 22:00:00+00:00,0.000329,2026-08-16 02:00:00+00:00,0.000333935,1.2,46.89,3907.38,TP 🟢,0.6684574637637889,11570.15
SSVUSDT,2026-08-15 13:00:00+00:00,2.12,2026-08-16 01:30:00+00:00,2.114,-0.583,-22.49,3856.72,Timeout ⏱️,0.7874682386650375,11547.66
PARTIUSDT,2026-08-15 14:30:00+00:00,0.0225,2026-08-16 03:00:00+00:00,0.0224,-0.7444,-28.89,3880.23,Timeout ⏱️,0.849587442803083,11518.78
MANTAUSDT,2026-08-15 14:30:00+00:00,0.05738,2026-08-16 03:00:00+00:00,0.05695,-1.0494,-40.39,3849.22,Timeout ⏱️,0.7681632110141422,11478.39
MTLUSDT,2026-08-15 15:30:00+00:00,0.186,2026-08-16 04:00:00+00:00,0.186,-0.3,-11.87,3957.56,Timeout ⏱️,0.741320410224593,11466.51
CELRUSDT,2026-08-15 18:00:00+00:00,0.00208,2026-08-16 04:00:00+00:00,0.0021111999999999997,1.2,45.87,3822.17,TP 🟢,0.8406736381687313,11512.38
SHELLUSDT,2026-08-16 01:00:00+00:00,0.0203,2026-08-16 04:00:00+00:00,0.020467475,0.525,20.15,3837.46,Trail-Lock 🔒,0.8219483491505569,11532.53
GTCUSDT,2026-08-15 18:30:00+00:00,0.08569,2026-08-16 05:00:00+00:00,0.08483310000000001,-1.3,-50.66,3896.98,SL 🔴,0.6274720565366586,11481.86
ACTUSDT,2026-08-15 16:30:00+00:00,0.00986,2026-08-16 05:00:00+00:00,0.00993,0.4099,15.67,3822.17,Timeout ⏱️,0.8435475090040082,11497.53
RONINUSDT,2026-08-16 03:00:00+00:00,0.05,2026-08-16 05:00:00+00:00,0.050412500000000006,0.525,20.12,3832.51,Trail-Lock 🔒,0.8411344775813596,11517.65
ZKPUSDT,2026-08-15 17:30:00+00:00,0.0409,2026-08-16 06:00:00+00:00,0.040491,-1.3,-51.45,3957.56,SL 🔴,0.4924185951950343,11466.21
PROVEUSDT,2026-08-15 19:30:00+00:00,0.1504,2026-08-16 06:00:00+00:00,0.15164080000000002,0.525,20.07,3822.07,Trail-Lock 🔒,0.7053832370208579,11486.27
XPLUSDT,2026-08-16 03:00:00+00:00,0.07625,2026-08-16 07:00:00+00:00,0.07739375,1.2,45.95,3828.76,TP 🟢,0.749412784194611,11532.22
ALPINEUSDT,2026-08-15 19:00:00+00:00,0.315,2026-08-16 07:30:00+00:00,0.317,0.3349,12.87,3844.18,Timeout ⏱️,0.8308123205241377,11545.09
RADUSDT,2026-08-16 06:00:00+00:00,0.232,2026-08-16 08:00:00+00:00,0.23548000000000002,1.2,46.18,3848.36,TP 🟢,0.849588329879559,11591.27
XAIUSDT,2026-08-16 05:00:00+00:00,0.00679,2026-08-16 08:30:00+00:00,0.00689185,1.2,46.37,3863.76,TP 🟢,0.8384494639645381,11637.64
ONEUSDT,2026-08-16 08:00:00+00:00,0.00072,2026-08-16 08:30:00+00:00,0.0007279638501319153,0.8061,31.27,3879.21,Trail-Lock 🔒,0.6833784635673208,11668.91
EPICUSDT,2026-08-16 07:30:00+00:00,0.3442,2026-08-16 08:30:00+00:00,0.34709718055822136,0.5417,21.07,3889.64,Trail-Lock 🔒,0.5182575536799211,11689.98
RONINUSDT,2026-08-16 08:00:00+00:00,0.0499,2026-08-16 10:00:00+00:00,0.05107119788263015,2.0471,79.77,3896.66,TP 🟢,0.811695140538003,11769.75
GPSUSDT,2026-08-16 04:30:00+00:00,0.01056,2026-08-16 11:00:00+00:00,0.0107184,1.2,47.08,3923.25,TP 🟢,0.7303940097537072,11816.82
RVNUSDT,2026-08-16 10:30:00+00:00,0.00274,2026-08-16 11:30:00+00:00,0.002762605,0.525,20.68,3938.94,Trail-Lock 🔒,0.722216397576516,11837.5
COOKIEUSDT,2026-08-16 11:00:00+00:00,0.0117,2026-08-16 11:30:00+00:00,0.011815802805713605,0.6898,27.22,3945.83,Trail-Lock 🔒,0.5717887367174164,11864.72
ACTUSDT,2026-08-16 11:00:00+00:00,0.01022,2026-08-16 11:30:00+00:00,0.0103733,1.2,47.46,3954.91,TP 🟢,0.5317267785152561,11912.18
RIFUSDT,2026-08-16 07:30:00+00:00,0.0703,2026-08-16 13:30:00+00:00,0.069597,-1.3,-51.3,3945.83,SL 🔴,0.5174464687300202,11860.88
MOVEUSDT,2026-08-16 13:00:00+00:00,0.0064,2026-08-16 13:30:00+00:00,0.006496,1.2,47.44,3953.63,TP 🟢,0.7372675072355536,11908.33
SCRTUSDT,2026-08-16 07:30:00+00:00,0.0277,2026-08-16 13:30:00+00:00,0.028115499999999998,1.2,47.63,3969.44,TP 🟢,0.6330730959750963,11955.96
ACTUSDT,2026-08-16 13:00:00+00:00,0.01034,2026-08-16 13:30:00+00:00,0.010425305000000001,0.525,20.92,3985.32,Trail-Lock 🔒,0.48258198586699713,11976.88
HOLOUSDT,2026-08-16 13:30:00+00:00,0.0565,2026-08-16 14:00:00+00:00,0.056966125,0.525,20.96,3992.29,Trail-Lock 🔒,0.5527275063668959,11997.84
ZKPUSDT,2026-08-16 15:00:00+00:00,0.0408,2026-08-16 15:30:00+00:00,0.0411366,0.525,21.0,3999.28,Trail-Lock 🔒,0.5461042632709696,12018.84
SHELLUSDT,2026-08-16 14:30:00+00:00,0.021,2026-08-16 16:30:00+00:00,0.02077116650534482,-1.3897,-55.58,3999.28,SL 🔴,0.6117375761327961,11963.26
SAGAUSDT,2026-08-16 07:00:00+00:00,0.01316,2026-08-16 18:00:00+00:00,0.013028399999999999,-1.3,-50.57,3889.64,SL 🔴,0.558907462942928,11912.7
SOPHUSDT,2026-08-16 13:30:00+00:00,0.00368,2026-08-16 18:00:00+00:00,0.0037352,1.2,47.99,3999.28,TP 🟢,0.5754603750757723,11960.69
ALTUSDT,2026-08-16 07:00:00+00:00,0.00606,2026-08-16 19:30:00+00:00,0.00602,-0.9601,-37.09,3863.76,Timeout ⏱️,0.4912871840561606,11923.59
CHRUSDT,2026-08-16 07:00:00+00:00,0.01344,2026-08-16 19:30:00+00:00,0.01351,0.2208,8.8,3986.9,Timeout ⏱️,0.8328576237622811,11932.4
FLUXUSDT,2026-08-16 07:00:00+00:00,0.0401,2026-08-16 19:30:00+00:00,0.0402,-0.0506,-2.02,3986.9,Timeout ⏱️,0.8232845529297037,11930.38
CGPTUSDT,2026-08-16 16:00:00+00:00,0.02037,2026-08-16 21:00:00+00:00,0.020166299999999998,-1.3,-51.84,3987.75,SL 🔴,0.48996888347747847,11878.54
SCRUSDT,2026-08-16 13:30:00+00:00,0.02064,2026-08-16 21:00:00+00:00,0.0204336,-1.3,-51.7,3976.79,SL 🔴,0.7755820149152521,11826.84
BMTUSDT,2026-08-16 09:00:00+00:00,0.0147,2026-08-16 21:00:00+00:00,0.014841662276031243,0.6637,26.16,3942.28,Trail-Lock 🔒,0.8312398651090137,11853.01
SAPIENUSDT,2026-08-16 11:00:00+00:00,0.0777,2026-08-16 21:30:00+00:00,0.076923,-1.3,-51.99,3999.28,SL 🔴,0.5275188085767993,11801.01
AGLDUSDT,2026-08-16 10:30:00+00:00,0.1572,2026-08-16 21:30:00+00:00,0.15562800000000002,-1.3,-51.83,3986.9,SL 🔴,0.5365352321690298,11749.18
ERAUSDT,2026-08-16 17:00:00+00:00,0.0599,2026-08-16 21:30:00+00:00,0.059301,-1.3,-51.83,3986.9,SL 🔴,0.50014324953486,11697.36
SOMIUSDT,2026-08-16 18:00:00+00:00,0.0921,2026-08-16 21:30:00+00:00,0.091179,-1.3,-51.83,3986.9,SL 🔴,0.5533966081169756,11645.53
SHELLUSDT,2026-08-16 18:30:00+00:00,0.0212,2026-08-16 21:30:00+00:00,0.0209697386310039,-1.3861,-55.12,3976.79,SL 🔴,0.609850130103486,11590.4
EGLDUSDT,2026-08-16 13:00:00+00:00,2.62,2026-08-16 21:30:00+00:00,2.5938,-1.3,-51.7,3976.79,SL 🔴,0.5507155177129792,11538.7
NEWTUSDT,2026-08-16 16:30:00+00:00,0.0373,2026-08-16 21:30:00+00:00,0.037607725,0.525,20.19,3846.23,Trail-Lock 🔒,0.8354628148342048,11558.9
RAREUSDT,2026-08-16 20:30:00+00:00,0.01228,2026-08-16 21:30:00+00:00,0.01253390060121623,1.7676,68.1,3852.97,TP 🟢,0.8195835202677237,11627.0
RLCUSDT,2026-08-16 18:00:00+00:00,0.2826,2026-08-16 21:30:00+00:00,0.28493145000000003,0.525,20.35,3875.67,Trail-Lock 🔒,0.7944599721208128,11647.35
HOLOUSDT,2026-08-16 15:00:00+00:00,0.0571,2026-08-16 21:30:00+00:00,0.057571075,0.525,20.38,3882.45,Trail-Lock 🔒,0.7423907628978069,11667.73
RIFUSDT,2026-08-16 21:00:00+00:00,0.0709,2026-08-16 22:30:00+00:00,0.0719635,1.2,46.67,3889.24,TP 🟢,0.4839747979104009,11714.4
ALPINEUSDT,2026-08-16 12:00:00+00:00,0.317,2026-08-17 00:00:00+00:00,0.31383,-1.3,-51.7,3976.79,SL 🔴,0.5986997173205542,11662.7
CTKUSDT,2026-08-16 23:00:00+00:00,0.109,2026-08-17 01:00:00+00:00,0.10989925,0.525,20.41,3887.57,Trail-Lock 🔒,0.6735206731749871,11683.11
REQUSDT,2026-08-16 13:00:00+00:00,0.0508,2026-08-16 23:30:00+00:00,0.0512191,0.525,20.45,3894.37,Trail-Lock 🔒,0.649483630845553,11703.56
SOPHUSDT,2026-08-16 18:00:00+00:00,0.00372,2026-08-17 00:00:00+00:00,0.0037758,1.2,46.81,3901.19,TP 🟢,0.5137749255168196,11750.37
PROMUSDT,2026-08-16 15:00:00+00:00,2.049,2026-08-17 01:30:00+00:00,2.079735,1.2,47.0,3916.79,TP 🟢,0.8432445865075894,11797.37
ZAMAUSDT,2026-08-16 16:30:00+00:00,0.04131,2026-08-17 02:30:00+00:00,0.04192965,1.2,47.84,3986.9,TP 🟢,0.6210782897532159,11845.22
MEGAUSDT,2026-08-16 15:00:00+00:00,0.03142,2026-08-17 03:30:00+00:00,0.03154,0.0819,3.18,3887.57,Timeout ⏱️,0.8357932038475472,11848.4
TOWNSUSDT,2026-08-17 01:00:00+00:00,0.00232,2026-08-17 04:30:00+00:00,0.0023548,1.2,47.39,3949.47,TP 🟢,0.8391656654674322,11895.8
RADUSDT,2026-08-17 05:00:00+00:00,0.229,2026-08-17 05:30:00+00:00,0.232435,1.2,47.58,3965.27,TP 🟢,0.5964677282133836,11943.38
0GUSDT,2026-08-17 04:00:00+00:00,0.158,2026-08-17 07:30:00+00:00,0.15642,-1.3,-51.55,3965.27,SL 🔴,0.5362164709737759,11891.83
CTKUSDT,2026-08-17 04:00:00+00:00,0.1102,2026-08-17 07:30:00+00:00,0.109098,-1.3,-51.55,3965.27,SL 🔴,0.4648967525372414,11840.28
SAGAUSDT,2026-08-17 07:00:00+00:00,0.01319,2026-08-17 07:30:00+00:00,0.01338785,1.2,47.36,3946.76,TP 🟢,0.6095024192183922,11887.64
SANDUSDT,2026-08-17 04:00:00+00:00,0.04024,2026-08-17 08:00:00+00:00,0.0398376,-1.3,-51.75,3981.13,SL 🔴,0.6221949026220619,11835.89
XNOUSDT,2026-08-17 08:30:00+00:00,0.359,2026-08-17 09:00:00+00:00,0.36438499999999996,1.2,47.34,3945.3,TP 🟢,0.7069948184425014,11883.23
2ZUSDT,2026-08-17 07:00:00+00:00,0.0498,2026-08-17 09:00:00+00:00,0.050546999999999995,1.2,47.53,3961.08,TP 🟢,0.5079665123032515,11930.76
PARTIUSDT,2026-08-17 09:30:00+00:00,0.0232,2026-08-17 10:00:00+00:00,0.023548,1.2,47.72,3976.92,TP 🟢,0.5874272128317157,11978.49
ALTUSDT,2026-08-17 01:00:00+00:00,0.00599,2026-08-17 10:30:00+00:00,0.0059301,-1.3,-51.34,3949.47,SL 🔴,0.7885227081548298,11927.14
LINKUSDT,2026-08-17 01:00:00+00:00,9.381,2026-08-17 10:30:00+00:00,9.521715,1.2,47.34,3945.3,TP 🟢,0.7051152771961906,11974.49
IOTAUSDT,2026-08-17 01:00:00+00:00,0.0319,2026-08-17 11:00:00+00:00,0.0323785,1.2,47.72,3976.92,TP 🟢,0.7326211525158957,12022.21
SSVUSDT,2026-08-17 01:00:00+00:00,2.145,2026-08-17 12:30:00+00:00,2.177175,1.2,47.58,3965.27,TP 🟢,0.7029509068567612,12069.79
VIRTUALUSDT,2026-08-17 10:30:00+00:00,0.5622,2026-08-17 12:30:00+00:00,0.5706330000000001,1.2,48.09,4007.4,TP 🟢,0.4787874915208598,12117.88
STRAXUSDT,2026-08-17 01:00:00+00:00,0.00835,2026-08-17 13:30:00+00:00,0.0083,-0.8988,-35.6,3961.08,Timeout ⏱️,0.704270280249382,12082.28
GTCUSDT,2026-08-17 01:00:00+00:00,0.08538,2026-08-17 13:30:00+00:00,0.08519,-0.5225,-20.7,3961.08,Timeout ⏱️,0.5976820724489795,12061.58
ESPUSDT,2026-08-17 01:00:00+00:00,0.07183,2026-08-17 13:30:00+00:00,0.07157,-0.662,-26.53,4007.4,Timeout ⏱️,0.7870914011589738,12035.06
LUMIAUSDT,2026-08-17 10:00:00+00:00,0.0853,2026-08-17 14:00:00+00:00,0.0865795,1.2,48.14,4011.69,TP 🟢,0.8439856088800258,12083.2
RONINUSDT,2026-08-17 10:00:00+00:00,0.0488,2026-08-17 14:00:00+00:00,0.049202600000000006,0.525,21.15,4027.73,Trail-Lock 🔒,0.7193524821307531,12104.34
GMTUSDT,2026-08-17 10:30:00+00:00,0.00623,2026-08-17 14:30:00+00:00,0.0061677,-1.3,-52.51,4039.29,SL 🔴,0.5981258702881329,12051.83
NILUSDT,2026-08-17 02:00:00+00:00,0.04639,2026-08-17 14:30:00+00:00,0.0467,0.3682,14.83,4027.73,Timeout ⏱️,0.8104451671618457,12066.66
PHAUSDT,2026-08-17 03:00:00+00:00,0.0218,2026-08-17 15:30:00+00:00,0.0219,0.1587,6.31,3976.92,Timeout ⏱️,0.7887951647892909,12072.97
ERAUSDT,2026-08-17 03:00:00+00:00,0.0599,2026-08-17 15:30:00+00:00,0.0602,0.2008,8.11,4039.29,Timeout ⏱️,0.833108218815779,12081.09
DGBUSDT,2026-08-17 15:00:00+00:00,0.00417,2026-08-17 15:30:00+00:00,0.00423255,1.2,48.32,4027.03,TP 🟢,0.8468126741562765,12129.41
ZAMAUSDT,2026-08-17 14:00:00+00:00,0.04221,2026-08-17 15:30:00+00:00,0.042843149999999997,1.2,48.52,4043.14,TP 🟢,0.8340225473695383,12177.93
EPICUSDT,2026-08-17 15:00:00+00:00,0.3471,2026-08-17 16:00:00+00:00,0.349963575,0.525,21.31,4059.31,Trail-Lock 🔒,0.7451814758869979,12199.24
HEIUSDT,2026-08-17 15:30:00+00:00,0.1336,2026-08-17 16:00:00+00:00,0.1347022,0.525,21.35,4066.41,Trail-Lock 🔒,0.7045921524261587,12220.59
MIRAUSDT,2026-08-17 15:00:00+00:00,0.0391,2026-08-17 16:00:00+00:00,0.039422575,0.525,21.39,4073.53,Trail-Lock 🔒,0.6094255220695586,12241.98
ORDIUSDT,2026-08-17 04:00:00+00:00,3.386,2026-08-17 16:30:00+00:00,3.406,0.2907,11.6,3991.5,Timeout ⏱️,0.7573887678109444,12253.58
SHELLUSDT,2026-08-17 15:30:00+00:00,0.0209,2026-08-17 16:30:00+00:00,0.021072425,0.525,21.44,4084.53,Trail-Lock 🔒,0.6088297619604663,12275.02
FETUSDT,2026-08-17 15:30:00+00:00,0.1226,2026-08-17 17:00:00+00:00,0.12361145,0.525,21.48,4091.67,Trail-Lock 🔒,0.5566360152851215,12296.5
ARBUSDT,2026-08-17 05:00:00+00:00,0.0749,2026-08-17 17:30:00+00:00,0.0756,0.6346,25.04,3945.3,Timeout ⏱️,0.501704560826784,12321.54
ICPUSDT,2026-08-17 05:00:00+00:00,2.276,2026-08-17 17:30:00+00:00,2.264,-0.8272,-32.64,3945.3,Timeout ⏱️,0.4692400885420678,12288.9
PARTIUSDT,2026-08-17 14:30:00+00:00,0.0236,2026-08-17 17:30:00+00:00,0.023355840218283488,-1.3346,-54.17,4059.31,SL 🔴,0.5900278642712061,12234.73
SXTUSDT,2026-08-17 15:30:00+00:00,0.00717,2026-08-17 18:00:00+00:00,0.0070983,-1.3,-53.05,4080.66,SL 🔴,0.48364879438552033,12181.68
CFXUSDT,2026-08-17 13:00:00+00:00,0.04269,2026-08-17 21:00:00+00:00,0.0422631,-1.3,-53.05,4080.66,SL 🔴,0.5841859951071005,12128.63
ICXUSDT,2026-08-17 15:30:00+00:00,0.0181,2026-08-17 21:00:00+00:00,0.017919,-1.3,-53.1,4084.53,SL 🔴,0.6342773348414729,12075.53
ADXUSDT,2026-08-17 19:30:00+00:00,0.0615,2026-08-17 21:00:00+00:00,0.0624225,1.2,48.73,4060.56,TP 🟢,0.4617196107510439,12124.26
GTCUSDT,2026-08-17 18:30:00+00:00,0.08439,2026-08-17 22:30:00+00:00,0.08354610000000001,-1.3,-52.54,4041.42,SL 🔴,0.8346572531616018,12071.72
COOKIEUSDT,2026-08-17 20:00:00+00:00,0.0113,2026-08-17 22:30:00+00:00,0.011152451320745799,-1.6057,-64.89,4041.42,SL 🔴,0.7847039330539368,12006.82
RIFUSDT,2026-08-17 13:00:00+00:00,0.0719,2026-08-17 23:30:00+00:00,0.0729785,1.2,48.03,4002.27,TP 🟢,0.7010427121321745,12054.85
KAIAUSDT,2026-08-17 23:00:00+00:00,0.0234,2026-08-18 00:30:00+00:00,0.023751,1.2,48.22,4018.28,TP 🟢,0.5793399610144571,12103.07
FETUSDT,2026-08-17 21:00:00+00:00,0.1234,2026-08-18 01:30:00+00:00,0.122166,-1.3,-52.03,4002.27,SL 🔴,0.5682548958904801,12051.04
BANDUSDT,2026-08-17 18:00:00+00:00,0.1518,2026-08-18 02:00:00+00:00,0.150282,-1.3,-52.79,4060.56,SL 🔴,0.5287362037390729,11998.25
EIGENUSDT,2026-08-17 21:00:00+00:00,0.1699,2026-08-18 02:00:00+00:00,0.168201,-1.3,-52.54,4041.42,SL 🔴,0.5932471655731745,11945.72
ENSUSDT,2026-08-17 15:00:00+00:00,3.9,2026-08-18 01:30:00+00:00,3.8609999999999998,-1.3,-52.54,4041.42,SL 🔴,0.5557643096628834,11893.18
ARBUSDT,2026-08-17 18:00:00+00:00,0.0749,2026-08-18 02:30:00+00:00,0.074151,-1.3,-52.03,4002.27,SL 🔴,0.6508107964385215,11841.15
SAPIENUSDT,2026-08-17 21:30:00+00:00,0.0767,2026-08-18 02:30:00+00:00,0.075933,-1.3,-52.03,4002.27,SL 🔴,0.5836916819959099,11789.12
LUNAUSDT,2026-08-17 15:30:00+00:00,0.0422,2026-08-18 02:30:00+00:00,0.041778,-1.3,-52.03,4002.27,SL 🔴,0.5429166464925542,11737.09
SAHARAUSDT,2026-08-17 15:30:00+00:00,0.00745,2026-08-18 01:30:00+00:00,0.0073755,-1.3,-52.03,4002.27,SL 🔴,0.6491989683064654,11685.06
SHELLUSDT,2026-08-17 21:30:00+00:00,0.0213,2026-08-18 01:30:00+00:00,0.021086999999999998,-1.3,-50.64,3895.02,SL 🔴,0.808450463277723,11634.42
SAGAUSDT,2026-08-17 21:00:00+00:00,0.01336,2026-08-18 01:30:00+00:00,0.01347022,0.525,20.36,3878.14,Trail-Lock 🔒,0.7562827334204931,11654.78
EGLDUSDT,2026-08-18 01:00:00+00:00,2.74,2026-08-18 02:30:00+00:00,2.762605,0.525,20.4,3884.93,Trail-Lock 🔒,0.714661856452537,11675.18
SXTUSDT,2026-08-17 21:00:00+00:00,0.00718,2026-08-18 02:30:00+00:00,0.007108199999999999,-1.3,-50.59,3891.73,SL 🔴,0.6104584569533156,11624.59
APTUSDT,2026-08-17 17:00:00+00:00,0.525,2026-08-18 02:30:00+00:00,0.51975,-1.3,-50.37,3874.86,SL 🔴,0.561244815829527,11574.21
LSKUSDT,2026-08-18 04:00:00+00:00,0.0783,2026-08-18 06:30:00+00:00,0.07947449999999999,1.2,46.3,3858.07,TP 🟢,0.7533177006731456,11620.51
ZECUSDT,2026-08-17 18:30:00+00:00,511.14,2026-08-18 07:00:00+00:00,508.32,-0.8517,-33.15,3891.73,Timeout ⏱️,0.6178168043705177,11587.36
KITEUSDT,2026-08-18 04:00:00+00:00,0.092,2026-08-18 08:00:00+00:00,0.09108,-1.3,-50.21,3862.45,SL 🔴,0.7253813347723912,11537.15
IOUSDT,2026-08-18 03:30:00+00:00,0.1135,2026-08-18 08:00:00+00:00,0.11227217168439753,-1.3818,-53.14,3845.72,SL 🔴,0.5181965461404494,11484.01
ACTUSDT,2026-08-18 10:30:00+00:00,0.01013,2026-08-18 11:00:00+00:00,0.0102135725,0.525,20.1,3828.0,Trail-Lock 🔒,0.7258130994734859,11504.11
ESPUSDT,2026-08-17 23:00:00+00:00,0.07196,2026-08-18 11:30:00+00:00,0.0715,-0.9392,-36.02,3834.7,Timeout ⏱️,0.6662992201086333,11468.09
AWEUSDT,2026-08-18 05:30:00+00:00,0.05892,2026-08-18 12:00:00+00:00,0.0598038,1.2,45.94,3828.0,TP 🟢,0.8375699396036933,11514.03
POLUSDT,2026-08-18 09:30:00+00:00,0.0805,2026-08-18 12:30:00+00:00,0.0817075,1.2,45.87,3822.7,TP 🟢,0.5303364952422457,11559.9
HEIUSDT,2026-08-18 07:00:00+00:00,0.1289,2026-08-18 12:00:00+00:00,0.13128684085905926,1.5517,59.79,3853.3,TP 🟢,0.8270887243112951,11619.69
DIAUSDT,2026-08-18 11:00:00+00:00,0.1263,2026-08-18 12:30:00+00:00,0.127341975,0.525,20.33,3873.23,Trail-Lock 🔒,0.8252393126162085,11640.03
WALUSDT,2026-08-18 11:00:00+00:00,0.0211,2026-08-18 13:30:00+00:00,0.0214165,1.2,46.56,3880.01,TP 🟢,0.8193934996395467,11686.59
ONEUSDT,2026-08-18 12:30:00+00:00,0.00072,2026-08-18 13:00:00+00:00,0.0007339555563995288,1.6383,63.82,3895.53,TP 🟢,0.6852832710747694,11750.41
ATUSDT,2026-08-18 02:30:00+00:00,0.1511,2026-08-18 13:00:00+00:00,0.149589,-1.3,-50.92,3916.8,SL 🔴,0.6323648675607653,11699.49
SSVUSDT,2026-08-18 10:30:00+00:00,2.186,2026-08-18 13:30:00+00:00,2.21879,1.2,46.8,3899.83,TP 🟢,0.5078589164495347,11746.29
VIRTUALUSDT,2026-08-18 10:30:00+00:00,0.5797,2026-08-18 14:00:00+00:00,0.5883955,1.2,46.99,3915.43,TP 🟢,0.47756590718186,11793.27
ONEUSDT,2026-08-18 13:30:00+00:00,0.00072,2026-08-18 14:00:00+00:00,0.0007277406579966133,0.7751,30.47,3931.09,Trail-Lock 🔒,0.6848531314046913,11823.74
STRAXUSDT,2026-08-18 07:00:00+00:00,0.00832,2026-08-18 15:00:00+00:00,0.008444799999999999,1.2,45.94,3828.0,TP 🟢,0.49241644820507446,11869.68
EPICUSDT,2026-08-18 12:30:00+00:00,0.3528,2026-08-18 15:00:00+00:00,0.3478207113498597,-1.7114,-67.45,3941.25,SL 🔴,0.6370288266409456,11802.23
ARKMUSDT,2026-08-18 14:00:00+00:00,0.087,2026-08-18 14:30:00+00:00,0.08771775,0.525,20.65,3934.08,Trail-Lock 🔒,0.6138660847276506,11822.88
OPUSDT,2026-08-18 14:00:00+00:00,0.0825,2026-08-18 14:30:00+00:00,0.08318062500000001,0.525,20.69,3940.96,Trail-Lock 🔒,0.6008324607321477,11843.57
STRAXUSDT,2026-08-18 15:00:00+00:00,0.00835,2026-08-18 15:30:00+00:00,0.00847525,1.2,47.37,3947.86,TP 🟢,0.8405891152569804,11890.95
MASKUSDT,2026-08-18 15:00:00+00:00,0.357,2026-08-18 15:30:00+00:00,0.35994525,0.525,20.81,3963.65,Trail-Lock 🔒,0.6336699524779793,11911.76
POLYXUSDT,2026-08-18 14:00:00+00:00,0.028,2026-08-18 16:00:00+00:00,0.02842,1.2,47.37,3947.86,TP 🟢,0.542417103209958,11959.13
EIGENUSDT,2026-08-18 14:00:00+00:00,0.1711,2026-08-18 16:00:00+00:00,0.1736665,1.2,47.37,3947.86,TP 🟢,0.5345117476206747,12006.5
SHELLUSDT,2026-08-18 14:00:00+00:00,0.0208,2026-08-18 16:00:00+00:00,0.021112,1.2,47.37,3947.86,TP 🟢,0.5022107514500457,12053.88
MEUSDT,2026-08-18 04:00:00+00:00,0.05824,2026-08-18 16:30:00+00:00,0.05817,-0.4202,-16.3,3880.01,Timeout ⏱️,0.7039456323021371,12037.57
PHAUSDT,2026-08-18 11:30:00+00:00,0.0213,2026-08-18 17:00:00+00:00,0.0216195,1.2,46.8,3899.83,TP 🟢,0.5911452678963025,12084.37
RADUSDT,2026-08-18 14:00:00+00:00,0.228,2026-08-18 16:30:00+00:00,0.23142000000000001,1.2,47.37,3947.86,TP 🟢,0.592891497515725,12131.75
POLUSDT,2026-08-18 14:00:00+00:00,0.0816,2026-08-18 17:00:00+00:00,0.08078400000000001,-1.3,-51.32,3947.86,SL 🔴,0.5127040245026223,12080.42
ZKPUSDT,2026-08-18 15:30:00+00:00,0.0398,2026-08-18 16:30:00+00:00,0.040397,1.2,48.32,4026.81,TP 🟢,0.6041049946433886,12128.75
RAREUSDT,2026-08-18 06:30:00+00:00,0.01206,2026-08-18 19:00:00+00:00,0.01203,-0.5488,-21.01,3828.0,Timeout ⏱️,0.8392322134684832,12107.74
SAGAUSDT,2026-08-18 16:00:00+00:00,0.01339,2026-08-18 19:00:00+00:00,0.013590850000000002,1.2,48.43,4035.91,TP 🟢,0.8088499776725006,12156.17
FILUSDT,2026-08-18 15:30:00+00:00,0.6268,2026-08-18 19:30:00+00:00,0.636202,1.2,48.22,4017.96,TP 🟢,0.49447850143657834,12204.39
ONEUSDT,2026-08-18 19:00:00+00:00,0.00073,2026-08-18 19:30:00+00:00,0.0007368844743535627,0.6431,26.16,4068.13,Trail-Lock 🔒,0.6869821714968792,12230.55
KAIAUSDT,2026-08-18 14:00:00+00:00,0.0225,2026-08-18 20:00:00+00:00,0.022275,-1.3,-51.32,3947.86,SL 🔴,0.4999605247971166,12179.23
INITUSDT,2026-08-18 14:00:00+00:00,0.051,2026-08-18 20:00:00+00:00,0.051765,1.2,48.51,4042.92,TP 🟢,0.5274974364517029,12227.74
ERAUSDT,2026-08-18 17:00:00+00:00,0.0567,2026-08-18 20:00:00+00:00,0.056133,-1.3,-52.68,4052.06,SL 🔴,0.5858836411534407,12175.06
CUSDT,2026-08-18 10:30:00+00:00,0.0629,2026-08-18 20:00:00+00:00,0.0638435,1.2,48.7,4058.35,TP 🟢,0.7463999144819089,12223.76
ARUSDT,2026-08-18 14:00:00+00:00,1.782,2026-08-18 20:30:00+00:00,1.76418,-1.3,-51.32,3947.86,SL 🔴,0.5065763800062453,12172.44
GMTUSDT,2026-08-18 14:00:00+00:00,0.00595,2026-08-18 20:30:00+00:00,0.005890500000000001,-1.3,-51.32,3947.86,SL 🔴,0.4994884778400458,12121.12
AVAUSDT,2026-08-18 14:00:00+00:00,0.1721,2026-08-18 20:30:00+00:00,0.170379,-1.3,-51.32,3947.86,SL 🔴,0.4716754992252821,12069.8
ZROUSDT,2026-08-18 14:00:00+00:00,0.782,2026-08-18 20:30:00+00:00,0.77418,-1.3,-52.56,4042.92,SL 🔴,0.5888255275285177,12017.24
ARBUSDT,2026-08-18 08:30:00+00:00,0.0751,2026-08-18 21:00:00+00:00,0.0751,-0.3,-11.48,3828.0,Timeout ⏱️,0.6220727651732376,12005.76
CTSIUSDT,2026-08-18 15:00:00+00:00,0.02446,2026-08-18 21:00:00+00:00,0.024215399999999998,-1.3,-52.56,4042.92,SL 🔴,0.5190022913720019,11953.2
MOVRUSDT,2026-08-18 12:30:00+00:00,0.751,2026-08-18 21:00:00+00:00,0.7419281899872634,-1.508,-61.2,4058.35,SL 🔴,0.845111099467194,11892.0
VIRTUALUSDT,2026-08-18 14:00:00+00:00,0.582,2026-08-18 21:30:00+00:00,0.5761799999999999,-1.3,-52.97,4074.59,SL 🔴,0.6886970153927026,11839.03
COOKIEUSDT,2026-08-18 16:00:00+00:00,0.0105,2026-08-18 21:30:00+00:00,0.0106575,1.2,47.36,3946.34,TP 🟢,0.8447018010935416,11886.39
TIAUSDT,2026-08-18 14:00:00+00:00,0.3013,2026-08-18 22:30:00+00:00,0.298287,-1.3,-51.32,3947.86,SL 🔴,0.5323731527284133,11835.06
KAITOUSDT,2026-08-18 12:30:00+00:00,0.3342,2026-08-18 22:30:00+00:00,0.339213,1.2,48.92,4076.85,TP 🟢,0.6358270046365422,11883.99
PROMUSDT,2026-08-18 12:30:00+00:00,1.868,2026-08-18 23:00:00+00:00,1.906068530392718,1.7379,68.37,3934.08,TP 🟢,0.8223358133471765,11952.36
NEWTUSDT,2026-08-18 10:30:00+00:00,0.0358,2026-08-18 23:00:00+00:00,0.0359,-0.0207,-0.82,3964.0,Timeout ⏱️,0.6350551898009609,11951.54
SUIUSDT,2026-08-18 11:00:00+00:00,0.6484,2026-08-18 23:30:00+00:00,0.6517,0.2089,8.28,3962.13,Timeout ⏱️,0.5433885743433989,11959.82
MIRAUSDT,2026-08-18 16:00:00+00:00,0.0381,2026-08-19 00:30:00+00:00,0.037719,-1.3,-52.56,4042.92,SL 🔴,0.5027897904681686,11907.26
WALUSDT,2026-08-18 15:30:00+00:00,0.0214,2026-08-19 01:00:00+00:00,0.021137906641819484,-1.5247,-60.44,3964.0,SL 🔴,0.8083242582138686,11846.82
GUSDT,2026-08-18 23:30:00+00:00,0.00387,2026-08-19 00:00:00+00:00,0.00392805,1.2,47.39,3948.94,TP 🟢,0.7319812420787164,11894.21
MEUSDT,2026-08-18 23:30:00+00:00,0.05835,2026-08-19 00:30:00+00:00,0.0577665,-1.3,-51.54,3964.74,SL 🔴,0.467501589572519,11842.66
IQUSDT,2026-08-18 14:00:00+00:00,0.000598,2026-08-19 02:30:00+00:00,0.000595,-0.8017,-31.59,3940.96,Timeout ⏱️,0.6111007539411933,11811.07
AMPUSDT,2026-08-18 14:00:00+00:00,0.000368,2026-08-19 02:00:00+00:00,0.00037352,1.2,48.22,4017.96,TP 🟢,0.623088782838113,11859.29
IDUSDT,2026-08-18 14:00:00+00:00,0.0273,2026-08-19 02:30:00+00:00,0.0274,0.0663,2.69,4052.06,Timeout ⏱️,0.6295392278033853,11861.97
ADAUSDT,2026-08-18 14:00:00+00:00,0.1734,2026-08-19 02:30:00+00:00,0.1741,0.1037,4.21,4058.35,Timeout ⏱️,0.7663385316269788,11866.18
PYTHUSDT,2026-08-18 14:00:00+00:00,0.03816,2026-08-19 02:30:00+00:00,0.03828,0.0145,0.57,3964.74,Timeout ⏱️,0.5579927059326608,11866.75
BMTUSDT,2026-08-18 14:00:00+00:00,0.01575,2026-08-19 02:30:00+00:00,0.01572,-0.4905,-19.4,3955.58,Timeout ⏱️,0.8046822398679143,11847.35
ACEUSDT,2026-08-19 01:00:00+00:00,0.2296,2026-08-19 01:30:00+00:00,0.2397833272010552,4.1352,163.31,3949.12,TP 🟢,0.6312954717531786,12010.66
ACTUSDT,2026-08-19 01:00:00+00:00,0.01006,2026-08-19 02:00:00+00:00,0.010142995,0.525,21.02,4003.55,Trail-Lock 🔒,0.565723194545551,12031.68
QNTUSDT,2026-08-18 15:30:00+00:00,56.07,2026-08-19 04:00:00+00:00,56.41,0.3064,12.39,4042.92,Timeout ⏱️,0.4604484427655442,12044.06
MINAUSDT,2026-08-18 15:30:00+00:00,0.04,2026-08-19 04:00:00+00:00,0.0402,0.2,8.14,4068.13,Timeout ⏱️,0.718595165394475,12052.2
ADXUSDT,2026-08-18 18:00:00+00:00,0.0616,2026-08-19 04:00:00+00:00,0.062524,1.2,47.55,3962.13,TP 🟢,0.7548380097303419,12099.75
CELRUSDT,2026-08-18 16:00:00+00:00,0.001996,2026-08-19 04:30:00+00:00,0.001988,-0.7008,-28.22,4026.81,Timeout ⏱️,0.6085069470801513,12071.53
GMTUSDT,2026-08-19 01:00:00+00:00,0.00595,2026-08-19 05:00:00+00:00,0.005890500000000001,-1.3,-52.14,4010.56,SL 🔴,0.45554031959976266,12019.39
LUMIAUSDT,2026-08-19 02:30:00+00:00,0.0829,2026-08-19 05:30:00+00:00,0.0841435,1.2,48.08,4006.46,TP 🟢,0.8488656322856721,12067.47
APTUSDT,2026-08-18 18:00:00+00:00,0.528,2026-08-19 06:30:00+00:00,0.535,1.0258,41.56,4052.06,Timeout ⏱️,0.513301409215396,12109.03
PHAUSDT,2026-08-18 17:30:00+00:00,0.0213,2026-08-19 06:00:00+00:00,0.0214,0.1695,6.79,4006.46,Timeout ⏱️,0.7970648880905661,12115.82
PROMUSDT,2026-08-19 01:00:00+00:00,1.918,2026-08-19 06:00:00+00:00,1.9516332889079768,1.4536,58.7,4038.61,TP 🟢,0.830753616087053,12174.52
ARBUSDT,2026-08-19 05:00:00+00:00,0.0758,2026-08-19 07:30:00+00:00,0.076937,1.2,48.27,4022.49,TP 🟢,0.4703127277044865,12222.79
BIOUSDT,2026-08-19 05:30:00+00:00,0.02497,2026-08-19 07:30:00+00:00,0.02534455,1.2,48.7,4058.17,TP 🟢,0.46615751714417825,12271.49
SXTUSDT,2026-08-19 05:30:00+00:00,0.00728,2026-08-19 08:00:00+00:00,0.0072072,-1.3,-53.18,4090.5,SL 🔴,0.8495035981414291,12218.32
CUSDT,2026-08-19 08:00:00+00:00,0.0638,2026-08-19 09:30:00+00:00,0.063162,-1.3,-52.95,4072.77,SL 🔴,0.48905090429310466,12165.37
PROMUSDT,2026-08-19 08:30:00+00:00,2.015,2026-08-19 09:00:00+00:00,2.0641939104556064,2.1414,86.84,4055.12,TP 🟢,0.8123509592493277,12252.21
CYBERUSDT,2026-08-19 07:00:00+00:00,0.288,2026-08-19 10:00:00+00:00,0.2850711564456447,-1.317,-53.4,4055.12,SL 🔴,0.8491300932296858,12198.8
SENTUSDT,2026-08-19 08:00:00+00:00,0.01183,2026-08-19 11:30:00+00:00,0.0117117,-1.3,-53.09,4084.07,SL 🔴,0.5228976383503207,12145.71
IOTXUSDT,2026-08-18 23:30:00+00:00,0.00253,2026-08-19 12:00:00+00:00,0.00253,-0.3,-11.85,3949.12,Timeout ⏱️,0.6468314345301512,12133.86
ACTUSDT,2026-08-19 10:30:00+00:00,0.01014,2026-08-19 13:00:00+00:00,0.0100386,-1.3,-52.63,4048.57,SL 🔴,0.48044383654549383,12081.23
HEIUSDT,2026-08-19 12:30:00+00:00,0.1419,2026-08-19 13:00:00+00:00,0.1458807764334956,2.5053,100.89,4027.08,TP 🟢,0.8024186638769504,12182.12
0GUSDT,2026-08-19 12:30:00+00:00,0.14,2026-08-19 14:00:00+00:00,0.1421,1.2,48.73,4060.71,TP 🟢,0.5599222550063938,12230.85
IMXUSDT,2026-08-19 12:30:00+00:00,0.0966,2026-08-19 14:00:00+00:00,0.09563400000000001,-1.3,-52.79,4060.71,SL 🔴,0.4562691139761728,12178.06
ARKMUSDT,2026-08-19 06:30:00+00:00,0.0865,2026-08-19 14:30:00+00:00,0.08779749999999999,1.2,48.87,4072.77,TP 🟢,0.45823877190324774,12226.93
EGLDUSDT,2026-08-19 08:30:00+00:00,2.76,2026-08-19 15:00:00+00:00,2.8013999999999997,1.2,49.01,4084.07,TP 🟢,0.5464782363668608,12275.94
SFPUSDT,2026-08-19 08:00:00+00:00,0.2448,2026-08-19 15:00:00+00:00,0.248472,1.2,49.01,4084.07,TP 🟢,0.46564862489434555,12324.95
ADXUSDT,2026-08-19 11:00:00+00:00,0.0624,2026-08-19 15:00:00+00:00,0.063336,1.2,48.58,4048.57,TP 🟢,0.49723398300008936,12373.53
LINKUSDT,2026-08-19 08:30:00+00:00,9.686,2026-08-19 15:00:00+00:00,9.83129,1.2,48.73,4060.71,TP 🟢,0.6293667419269044,12422.26
STRAXUSDT,2026-08-19 12:30:00+00:00,0.00835,2026-08-19 15:00:00+00:00,0.00847525,1.2,48.73,4060.71,TP 🟢,0.5985128239460425,12470.99
0GUSDT,2026-08-19 14:00:00+00:00,0.141,2026-08-19 14:30:00+00:00,0.14216325,0.525,21.82,4157.0,Trail-Lock 🔒,0.5594564001906354,12492.82
QKCUSDT,2026-08-19 14:00:00+00:00,0.001952,2026-08-19 15:00:00+00:00,0.0019812799999999998,1.2,49.97,4164.27,TP 🟢,0.48364848674830224,12542.79
ZROUSDT,2026-08-19 13:30:00+00:00,0.849,2026-08-19 17:00:00+00:00,0.861735,1.2,50.17,4180.93,TP 🟢,0.7593316188474376,12592.96
ONEUSDT,2026-08-19 15:00:00+00:00,0.00071,2026-08-19 18:00:00+00:00,0.0007243143259103806,1.7161,72.04,4197.65,TP 🟢,0.8238002459400187,12664.99
ESPUSDT,2026-08-19 18:00:00+00:00,0.08031,2026-08-19 18:30:00+00:00,0.08106211803622176,0.6365,26.87,4221.66,Trail-Lock 🔒,0.4871011370426349,12691.87
DGBUSDT,2026-08-19 15:00:00+00:00,0.0039,2026-08-19 19:30:00+00:00,0.0039585,1.2,50.77,4230.62,TP 🟢,0.8506249392355205,12742.63
STORJUSDT,2026-08-19 15:00:00+00:00,0.0406,2026-08-19 20:00:00+00:00,0.041208999999999996,1.2,50.37,4197.65,TP 🟢,0.7765778100255843,12793.01
LAUSDT,2026-08-19 16:00:00+00:00,0.0572,2026-08-19 20:00:00+00:00,0.056093726215826215,-2.234,-94.31,4221.66,SL 🔴,0.649333696190646,12698.69
BTTCUSDT,2026-08-19 20:00:00+00:00,2.7e-07,2026-08-19 20:30:00+00:00,2.758928578805885e-07,1.8825,79.69,4232.9,Trail-Lock 🔒,0.6743763611673992,12778.38
WALUSDT,2026-08-19 21:00:00+00:00,0.0223,2026-08-19 22:00:00+00:00,0.022483975,0.525,22.36,4259.46,Trail-Lock 🔒,0.600030351603126,12800.74
0GUSDT,2026-08-19 21:00:00+00:00,0.15,2026-08-19 22:30:00+00:00,0.1512375,0.525,22.4,4266.91,Trail-Lock 🔒,0.8358734028675321,12823.14
NILUSDT,2026-08-19 19:00:00+00:00,0.04177,2026-08-19 23:00:00+00:00,0.042229191764393596,0.7993,34.17,4274.38,Trail-Lock 🔒,0.823203874174191,12857.31
BICOUSDT,2026-08-19 21:30:00+00:00,0.01693,2026-08-20 01:00:00+00:00,0.01654880372488272,-2.5516,-109.36,4285.77,SL 🔴,0.8146029425695963,12747.95
XAIUSDT,2026-08-19 21:00:00+00:00,0.00718,2026-08-20 02:30:00+00:00,0.007287699999999999,1.2,50.99,4249.32,TP 🟢,0.7983410608440994,12798.94
ONGUSDT,2026-08-20 01:00:00+00:00,0.06177,2026-08-20 01:30:00+00:00,0.06238597797216167,0.6972,29.75,4266.31,Trail-Lock 🔒,0.6610133358144417,12828.69
GLMRUSDT,2026-08-19 15:00:00+00:00,0.007169,2026-08-20 03:30:00+00:00,0.00716,-0.4255,-18.2,4276.23,Timeout ⏱️,0.8374020415657137,12810.49
BANDUSDT,2026-08-20 02:30:00+00:00,0.1623,2026-08-20 03:00:00+00:00,0.163638975,0.525,22.42,4270.16,Trail-Lock 🔒,0.6517333409595087,12832.91
DIAUSDT,2026-08-20 02:30:00+00:00,0.1306,2026-08-20 03:00:00+00:00,0.13167744999999997,0.525,22.46,4277.64,Trail-Lock 🔒,0.6383537398854645,12855.37
DGBUSDT,2026-08-20 02:30:00+00:00,0.00404,2026-08-20 03:00:00+00:00,0.00407333,0.525,22.5,4285.12,Trail-Lock 🔒,0.5665709497952176,12877.86
KAITOUSDT,2026-08-20 02:30:00+00:00,0.352,2026-08-20 03:30:00+00:00,0.354904,0.525,22.54,4292.62,Trail-Lock 🔒,0.5141923670209404,12900.4
STORJUSDT,2026-08-19 21:00:00+00:00,0.041,2026-08-20 05:30:00+00:00,0.04133825,0.525,22.58,4300.13,Trail-Lock 🔒,0.843524982212107,12922.98
INITUSDT,2026-08-20 03:30:00+00:00,0.0536,2026-08-20 05:30:00+00:00,0.054404,1.2,51.69,4307.66,TP 🟢,0.5177910268080823,12974.67
ZKPUSDT,2026-08-19 21:00:00+00:00,0.0402,2026-08-20 07:00:00+00:00,0.04053165,0.525,22.71,4324.89,Trail-Lock 🔒,0.8423231606131818,12997.37
FLUXUSDT,2026-08-19 21:00:00+00:00,0.0406,2026-08-20 08:00:00+00:00,0.041208999999999996,1.2,51.24,4270.16,TP 🟢,0.7732088552522769,13048.62
SCRUSDT,2026-08-19 20:00:00+00:00,0.02041,2026-08-20 08:00:00+00:00,0.020716150000000003,1.2,51.42,4285.12,TP 🟢,0.5989946996222508,13100.04
ZKUSDT,2026-08-20 04:00:00+00:00,0.00829,2026-08-20 08:00:00+00:00,0.008414350000000001,1.2,51.99,4332.46,TP 🟢,0.640911958818888,13152.03
ONGUSDT,2026-08-20 06:30:00+00:00,0.06263,2026-08-20 07:30:00+00:00,0.06367302115955874,1.3654,59.86,4384.01,TP 🟢,0.7757555349316977,13211.89
IMXUSDT,2026-08-20 08:00:00+00:00,0.1036,2026-08-20 09:30:00+00:00,0.105154,1.2,52.85,4403.96,TP 🟢,0.8484889007234182,13264.73
XPLUSDT,2026-08-20 08:00:00+00:00,0.08193,2026-08-20 09:30:00+00:00,0.08260592250000001,0.525,23.21,4421.58,Trail-Lock 🔒,0.6831657307186857,13287.95
ZKPUSDT,2026-08-20 08:00:00+00:00,0.0406,2026-08-20 09:30:00+00:00,0.04093495,0.525,23.25,4429.32,Trail-Lock 🔒,0.4993066809119899,13311.2
MOVEUSDT,2026-08-20 09:30:00+00:00,0.0062,2026-08-20 10:00:00+00:00,0.006259554488218657,0.6606,29.31,4437.07,Trail-Lock 🔒,0.7390566530861201,13340.51
LUMIAUSDT,2026-08-20 08:00:00+00:00,0.0856,2026-08-20 10:00:00+00:00,0.08630619999999999,0.525,23.35,4446.84,Trail-Lock 🔒,0.6297718607835106,13363.86
INITUSDT,2026-08-20 09:00:00+00:00,0.05501,2026-08-20 11:00:00+00:00,0.055463832500000004,0.525,23.39,4454.62,Trail-Lock 🔒,0.602920958980269,13387.24
NEARUSDT,2026-08-20 08:00:00+00:00,1.749,2026-08-20 12:00:00+00:00,1.73151,-1.3,-58.01,4462.41,SL 🔴,0.5245864957330492,13329.23
SUIUSDT,2026-08-20 10:00:00+00:00,0.728,2026-08-20 12:00:00+00:00,0.7200037188708013,-1.3984,-62.4,4462.41,SL 🔴,0.5193411044537547,13266.83
GUSDT,2026-08-20 09:30:00+00:00,0.00409,2026-08-20 12:30:00+00:00,0.0040491,-1.3,-57.49,4422.28,SL 🔴,0.8439997298666775,13209.34
AVAXUSDT,2026-08-20 08:00:00+00:00,6.766,2026-08-20 12:00:00+00:00,6.86749,1.2,52.84,4403.11,TP 🟢,0.768042785989639,13262.18
STRAXUSDT,2026-08-20 09:00:00+00:00,0.00862,2026-08-20 12:00:00+00:00,0.0085338,-1.3,-57.47,4420.73,SL 🔴,0.7467934916825715,13204.71
ADAUSDT,2026-08-20 11:30:00+00:00,0.1912,2026-08-20 12:00:00+00:00,0.19277740000000002,0.525,23.11,4401.57,Trail-Lock 🔒,0.6186438877981967,13227.82
SIGNUSDT,2026-08-20 11:30:00+00:00,0.00707,2026-08-20 12:00:00+00:00,0.0071283275,0.525,23.15,4409.27,Trail-Lock 🔒,0.5840141565841546,13250.96
BANDUSDT,2026-08-20 10:00:00+00:00,0.1648,2026-08-20 13:30:00+00:00,0.163152,-1.3,-58.01,4462.41,SL 🔴,0.4612024364424083,13192.95
IQUSDT,2026-08-20 12:30:00+00:00,0.000622,2026-08-20 13:00:00+00:00,0.00063133,1.2,52.77,4397.65,TP 🟢,0.8451653660918992,13245.72
APTUSDT,2026-08-20 08:00:00+00:00,0.559,2026-08-20 13:30:00+00:00,0.567385,1.2,52.98,4415.24,TP 🟢,0.7523973314417653,13298.71
XTZUSDT,2026-08-20 08:00:00+00:00,0.2161,2026-08-20 13:30:00+00:00,0.217882825,0.525,23.27,4432.9,Trail-Lock 🔒,0.644183616862207,13321.98
APEUSDT,2026-08-20 12:30:00+00:00,0.1302,2026-08-20 13:30:00+00:00,0.128898,-1.3,-57.73,4440.66,SL 🔴,0.4612278383060171,13264.25
TWTUSDT,2026-08-20 10:00:00+00:00,0.4074,2026-08-20 14:00:00+00:00,0.40332599999999996,-1.3,-58.01,4462.41,SL 🔴,0.5306413197238347,13206.24
BCHUSDT,2026-08-20 13:30:00+00:00,216.5,2026-08-20 14:00:00+00:00,218.286125,0.525,23.11,4402.08,Trail-Lock 🔒,0.6190917531511618,13229.35
SAHARAUSDT,2026-08-20 08:00:00+00:00,0.00775,2026-08-20 15:00:00+00:00,0.00786625,1.2,52.84,4403.11,TP 🟢,0.7938674341898981,13282.19
CGPTUSDT,2026-08-20 06:30:00+00:00,0.02061,2026-08-20 15:00:00+00:00,0.02091915,1.2,52.82,4401.57,TP 🟢,0.71835243730338,13335.01
0GUSDT,2026-08-20 09:00:00+00:00,0.1519,2026-08-20 14:30:00+00:00,0.1541785,1.2,53.29,4440.66,TP 🟢,0.6332497577411199,13388.29
MOVEUSDT,2026-08-20 15:00:00+00:00,0.0063,2026-08-20 15:30:00+00:00,0.00636433157934656,0.7211,32.18,4462.76,Trail-Lock 🔒,0.7306042328182634,13420.48
ARUSDT,2026-08-20 15:00:00+00:00,1.937,2026-08-20 15:30:00+00:00,1.95298025,0.525,23.49,4473.49,Trail-Lock 🔒,0.6157174093417117,13443.96
XAIUSDT,2026-08-20 12:30:00+00:00,0.00735,2026-08-20 16:30:00+00:00,0.00746025,1.2,52.82,4402.08,TP 🟢,0.7327223431169292,13496.79
SAPIENUSDT,2026-08-20 15:00:00+00:00,0.0782,2026-08-20 17:00:00+00:00,0.07884515,0.525,23.62,4498.93,Trail-Lock 🔒,0.7592608668186327,13520.41
WUSDT,2026-08-20 15:00:00+00:00,0.00889,2026-08-20 17:30:00+00:00,0.009023350000000001,1.2,53.78,4481.32,TP 🟢,0.5005208254384036,13574.18
CUSDT,2026-08-20 15:00:00+00:00,0.0665,2026-08-20 17:30:00+00:00,0.0674975,1.2,54.3,4524.73,TP 🟢,0.5255015007532456,13628.48
HYPERUSDT,2026-08-20 15:00:00+00:00,0.0659,2026-08-20 18:30:00+00:00,0.065241,-1.3,-58.82,4524.73,SL 🔴,0.5940916640846279,13569.66
MIRAUSDT,2026-08-20 17:00:00+00:00,0.04059,2026-08-20 18:30:00+00:00,0.0401841,-1.3,-59.06,4542.83,SL 🔴,0.5236200014913808,13510.6
LSKUSDT,2026-08-20 17:00:00+00:00,0.0848,2026-08-20 18:30:00+00:00,0.08373933109750642,-1.5508,-70.45,4542.83,SL 🔴,0.474935652382068,13440.15
2ZUSDT,2026-08-20 14:00:00+00:00,0.05285,2026-08-20 18:30:00+00:00,0.0532860125,0.525,23.52,4480.05,Trail-Lock 🔒,0.8489556086509547,13463.67
RIFUSDT,2026-08-20 11:00:00+00:00,0.0775,2026-08-20 18:30:00+00:00,0.078139375,0.525,23.56,4487.89,Trail-Lock 🔒,0.8445823181582948,13487.23
KAITOUSDT,2026-08-20 12:30:00+00:00,0.3519,2026-08-20 18:00:00+00:00,0.3571785,1.2,53.95,4495.74,TP 🟢,0.8439030306498491,13541.18
ZECUSDT,2026-08-20 16:00:00+00:00,564.55,2026-08-20 18:00:00+00:00,573.01825,1.2,54.16,4513.73,TP 🟢,0.8425551884556266,13595.35
RSRUSDT,2026-08-20 15:00:00+00:00,0.001294,2026-08-20 18:00:00+00:00,0.0013046755,0.525,23.79,4531.78,Trail-Lock 🔒,0.6222469833157352,13619.14
SUIUSDT,2026-08-20 15:00:00+00:00,0.7304,2026-08-20 18:00:00+00:00,0.741356,1.2,54.48,4539.71,TP 🟢,0.5932731519072376,13673.62
TWTUSDT,2026-08-20 17:30:00+00:00,0.4146,2026-08-20 18:00:00+00:00,0.41045400000000004,-1.3,-59.25,4557.87,SL 🔴,0.48189028296003955,13614.36
ICPUSDT,2026-08-20 15:00:00+00:00,2.337,2026-08-20 19:00:00+00:00,2.372055,1.2,53.85,4487.89,TP 🟢,0.8488390078963189,13668.22
XVGUSDT,2026-08-20 15:00:00+00:00,0.002149,2026-08-20 19:00:00+00:00,0.0021812349999999997,1.2,54.38,4531.78,TP 🟢,0.7137464877181832,13722.6
IOUSDT,2026-08-20 17:00:00+00:00,0.1272,2026-08-20 19:00:00+00:00,0.129108,1.2,54.69,4557.87,TP 🟢,0.5590114327358263,13777.29
PHAUSDT,2026-08-20 15:00:00+00:00,0.0232,2026-08-20 20:00:00+00:00,0.023548,1.2,54.48,4539.71,TP 🟢,0.5935303955955448,13831.77
PORTALUSDT,2026-08-20 18:30:00+00:00,0.01155,2026-08-20 20:00:00+00:00,0.011721249119642995,1.1827,54.53,4610.59,Trail-Lock 🔒,0.8049722800268196,13886.3
CKBUSDT,2026-08-20 15:00:00+00:00,0.000889,2026-08-20 20:30:00+00:00,0.000902335,1.2,53.78,4481.32,TP 🟢,0.5426489499897251,13940.08
CVCUSDT,2026-08-20 15:00:00+00:00,0.01788,2026-08-20 20:30:00+00:00,0.0181482,1.2,54.69,4557.87,TP 🟢,0.5092601395177426,13994.77
IOSTUSDT,2026-08-20 15:00:00+00:00,0.000566,2026-08-20 20:30:00+00:00,0.00057449,1.2,54.69,4557.87,TP 🟢,0.5050858450591843,14049.46
GLMUSDT,2026-08-20 15:00:00+00:00,0.0938,2026-08-20 20:30:00+00:00,0.095207,1.2,54.69,4557.87,TP 🟢,0.5039996622511032,14104.16
SCRUSDT,2026-08-20 15:00:00+00:00,0.02105,2026-08-20 21:00:00+00:00,0.02136575,1.2,54.69,4557.87,TP 🟢,0.5494946177331397,14158.85
RADUSDT,2026-08-20 15:00:00+00:00,0.233,2026-08-20 21:30:00+00:00,0.236495,1.2,53.78,4481.32,TP 🟢,0.4964540337790253,14212.63
MANTAUSDT,2026-08-20 15:00:00+00:00,0.05875,2026-08-20 21:30:00+00:00,0.05963125,1.2,54.69,4557.87,TP 🟢,0.5385733592288038,14267.32
SHELLUSDT,2026-08-20 15:30:00+00:00,0.0212,2026-08-20 22:00:00+00:00,0.021518,1.2,53.78,4481.32,TP 🟢,0.606502591583323,14321.1
SAGAUSDT,2026-08-20 15:00:00+00:00,0.014,2026-08-20 22:00:00+00:00,0.01421,1.2,53.78,4481.32,TP 🟢,0.5856146364873356,14374.88
ZKCUSDT,2026-08-20 15:00:00+00:00,0.0392,2026-08-20 22:00:00+00:00,0.039788,1.2,53.78,4481.32,TP 🟢,0.4988759742364163,14428.65
CKBUSDT,2026-08-20 20:30:00+00:00,0.000887,2026-08-20 22:00:00+00:00,0.000900305,1.2,57.71,4809.55,TP 🟢,0.7439209693148483,14486.37
CVCUSDT,2026-08-20 21:30:00+00:00,0.01798,2026-08-20 22:00:00+00:00,0.0182497,1.2,57.95,4828.79,TP 🟢,0.6801086256170694,14544.31
TNSRUSDT,2026-08-20 15:00:00+00:00,0.0336,2026-08-20 23:00:00+00:00,0.034103999999999995,1.2,53.99,4498.93,TP 🟢,0.8440595346632569,14598.3
APTUSDT,2026-08-20 15:30:00+00:00,0.569,2026-08-20 23:00:00+00:00,0.5775349999999999,1.2,54.48,4539.71,TP 🟢,0.5972166454897836,14652.77
BREVUSDT,2026-08-20 15:00:00+00:00,0.0684,2026-08-20 23:00:00+00:00,0.069426,1.2,54.69,4557.87,TP 🟢,0.5459315584839237,14707.47
IQUSDT,2026-08-20 21:30:00+00:00,0.000634,2026-08-20 22:30:00+00:00,0.0006392305,0.525,25.74,4902.49,Trail-Lock 🔒,0.4916154558611786,14733.21
ADXUSDT,2026-08-20 21:00:00+00:00,0.0652,2026-08-20 23:30:00+00:00,0.066178,1.2,57.07,4755.77,TP 🟢,0.4937955541604804,14790.28
TAOUSDT,2026-08-20 23:00:00+00:00,214.6,2026-08-20 23:30:00+00:00,217.819,1.2,59.16,4930.09,TP 🟢,0.7199633933997563,14849.44
POLYXUSDT,2026-08-20 20:30:00+00:00,0.0322,2026-08-21 00:00:00+00:00,0.032683,1.2,57.07,4755.77,TP 🟢,0.5322603758398513,14906.51
MASKUSDT,2026-08-20 21:30:00+00:00,0.393,2026-08-21 00:00:00+00:00,0.398895,1.2,58.18,4848.1,TP 🟢,0.5005319414278817,14964.68
POWRUSDT,2026-08-20 21:30:00+00:00,0.04,2026-08-21 01:30:00+00:00,0.040600000000000004,1.2,58.18,4848.1,TP 🟢,0.49590407309797574,15022.86
PHAUSDT,2026-08-20 21:30:00+00:00,0.0236,2026-08-21 01:30:00+00:00,0.0237947,0.525,26.29,5007.62,Trail-Lock 🔒,0.7695311263727785,15049.15
IOTXUSDT,2026-08-20 21:00:00+00:00,0.002762,2026-08-21 00:30:00+00:00,0.00280343,1.2,60.2,5016.38,TP 🟢,0.677486380301824,15109.35
IOUSDT,2026-08-20 23:00:00+00:00,0.1303,2026-08-21 01:30:00+00:00,0.1322545,1.2,60.44,5036.45,TP 🟢,0.5708930996830451,15169.79
RVNUSDT,2026-08-20 23:30:00+00:00,0.00302,2026-08-21 01:30:00+00:00,0.0030641070721942306,1.1605,58.68,5056.6,Trail-Lock 🔒,0.5071660719785878,15228.47
BICOUSDT,2026-08-21 01:00:00+00:00,0.01917,2026-08-21 02:30:00+00:00,0.019461471062597664,1.2205,61.95,5076.16,Trail-Lock 🔒,0.8008655151055541,15290.42
SXTUSDT,2026-08-21 01:30:00+00:00,0.00782,2026-08-21 02:00:00+00:00,0.007884515000000002,0.525,26.76,5096.81,Trail-Lock 🔒,0.6527212345606928,15317.18
POLYXUSDT,2026-08-21 01:30:00+00:00,0.0327,2026-08-21 04:00:00+00:00,0.0331905,1.2,61.27,5105.73,TP 🟢,0.467063534322584,15378.45
IOUSDT,2026-08-21 01:30:00+00:00,0.1315,2026-08-21 04:00:00+00:00,0.12999102589067502,-1.4475,-73.91,5105.73,SL 🔴,0.6849638084170233,15304.54
OPUSDT,2026-08-20 23:00:00+00:00,0.0956,2026-08-21 04:00:00+00:00,0.09703400000000001,1.2,61.22,5101.51,TP 🟢,0.8500527626973904,15365.76
MIRAUSDT,2026-08-21 01:30:00+00:00,0.04091,2026-08-21 04:30:00+00:00,0.04152365,1.2,61.27,5105.73,TP 🟢,0.4964820835755782,15427.03
RADUSDT,2026-08-20 21:30:00+00:00,0.235,2026-08-21 05:00:00+00:00,0.23693874999999998,0.525,27.0,5142.34,Trail-Lock 🔒,0.5916083211853145,15454.02
TIAUSDT,2026-08-20 23:00:00+00:00,0.3429,2026-08-21 06:00:00+00:00,0.3480435,1.2,60.68,5056.6,TP 🟢,0.5676500089739183,15514.7
MINAUSDT,2026-08-21 02:30:00+00:00,0.0472,2026-08-21 06:00:00+00:00,0.047908,1.2,61.27,5105.73,TP 🟢,0.5417488881253848,15575.97
IOSTUSDT,2026-08-20 21:00:00+00:00,0.000572,2026-08-21 06:00:00+00:00,0.0005662800000000001,-1.3,-66.37,5105.73,SL 🔴,0.5015872133591887,15509.6
NEWTUSDT,2026-08-21 05:00:00+00:00,0.04054,2026-08-21 06:00:00+00:00,0.0411481,1.2,61.82,5151.34,TP 🟢,0.46604938943709406,15571.41
BTTCUSDT,2026-08-21 05:30:00+00:00,2.9e-07,2026-08-21 06:00:00+00:00,2.96544453153453e-07,1.9567,101.56,5190.47,Trail-Lock 🔒,0.6587232760238796,15672.98
ORDIUSDT,2026-08-21 05:30:00+00:00,4.26,2026-08-21 06:00:00+00:00,4.295145,0.525,27.43,5224.33,Trail-Lock 🔒,0.6218488289726425,15700.4
CKBUSDT,2026-08-21 05:30:00+00:00,0.000909,2026-08-21 06:00:00+00:00,0.0008949304939504581,-1.8478,-96.7,5233.47,SL 🔴,0.55964041252983,15603.7
APTUSDT,2026-08-21 05:30:00+00:00,0.584,2026-08-21 06:30:00+00:00,0.588818,0.525,27.31,5201.23,Trail-Lock 🔒,0.513774856402908,15631.01
AMPUSDT,2026-08-21 05:30:00+00:00,0.000401,2026-08-21 06:00:00+00:00,0.00040430825,0.525,27.35,5210.34,Trail-Lock 🔒,0.5073214301294359,15658.36
WCTUSDT,2026-08-20 23:00:00+00:00,0.03805,2026-08-21 07:00:00+00:00,0.03862075,1.2,60.91,5076.16,TP 🟢,0.4784134871470389,15719.27
METISUSDT,2026-08-21 01:30:00+00:00,2.6,2026-08-21 07:00:00+00:00,2.6390000000000002,1.2,61.27,5105.73,TP 🟢,0.4803441482017043,15780.54
WUSDT,2026-08-21 01:30:00+00:00,0.00909,2026-08-21 07:30:00+00:00,0.009226350000000001,1.2,61.27,5105.73,TP 🟢,0.4720234728676357,15841.81
IDUSDT,2026-08-21 01:30:00+00:00,0.0304,2026-08-21 07:30:00+00:00,0.030856,1.2,61.27,5105.73,TP 🟢,0.46390086057583263,15903.08
KSMUSDT,2026-08-21 03:30:00+00:00,3.2,2026-08-21 07:00:00+00:00,3.248,1.2,61.46,5121.92,TP 🟢,0.45984829476213174,15964.54
XNOUSDT,2026-08-21 05:30:00+00:00,0.391,2026-08-21 07:30:00+00:00,0.396865,1.2,62.8,5233.47,TP 🟢,0.5699386264622478,16027.35
AVAXUSDT,2026-08-21 05:30:00+00:00,7.356,2026-08-21 07:00:00+00:00,7.46634,1.2,62.41,5201.23,TP 🟢,0.5145890259257259,16089.76
DASHUSDT,2026-08-21 05:00:00+00:00,33.7,2026-08-21 07:00:00+00:00,34.2055,1.2,62.63,5219.45,TP 🟢,0.4733250184683392,16152.39
WALUSDT,2026-08-21 05:30:00+00:00,0.0234,2026-08-21 08:00:00+00:00,0.023751,1.2,62.29,5190.47,TP 🟢,0.7784099650172688,16214.68
STEEMUSDT,2026-08-21 08:30:00+00:00,0.04103,2026-08-21 09:00:00+00:00,0.041645449999999994,1.2,64.86,5404.89,TP 🟢,0.849150958842777,16279.54
OPUSDT,2026-08-21 08:30:00+00:00,0.0986,2026-08-21 09:00:00+00:00,0.10007899999999999,1.2,65.12,5426.51,TP 🟢,0.8475412497159877,16344.66
SKLUSDT,2026-08-21 08:30:00+00:00,0.0037,2026-08-21 09:00:00+00:00,0.0037555,1.2,65.38,5448.22,TP 🟢,0.8428626919197912,16410.03
HYPERUSDT,2026-08-21 08:30:00+00:00,0.0655,2026-08-21 09:00:00+00:00,0.0664825,1.2,65.64,5470.01,TP 🟢,0.7987365317957988,16475.68
GLMRUSDT,2026-08-21 08:30:00+00:00,0.007481,2026-08-21 09:00:00+00:00,0.0075932149999999995,1.2,65.9,5491.89,TP 🟢,0.7985407718819744,16541.58
DUSKUSDT,2026-08-21 07:30:00+00:00,0.0732,2026-08-21 09:00:00+00:00,0.074298,1.2,66.17,5513.86,TP 🟢,0.7912168407284432,16607.74
MEGAUSDT,2026-08-21 06:30:00+00:00,0.03856,2026-08-21 09:00:00+00:00,0.0391384,1.2,66.43,5535.91,TP 🟢,0.7791968808133907,16674.18
COOKIEUSDT,2026-08-21 07:30:00+00:00,0.0116,2026-08-21 09:00:00+00:00,0.011792062251542139,1.3557,75.35,5558.06,TP 🟢,0.7655739065191955,16749.53
RAREUSDT,2026-08-21 08:30:00+00:00,0.01258,2026-08-21 09:00:00+00:00,0.0127687,1.2,67.0,5583.18,TP 🟢,0.7595981405726033,16816.52
MOVRUSDT,2026-08-21 08:30:00+00:00,0.78,2026-08-21 09:00:00+00:00,0.7917000000000001,1.2,67.27,5605.51,TP 🟢,0.7394700105521298,16883.79
SXTUSDT,2026-08-21 08:30:00+00:00,0.00785,2026-08-21 09:00:00+00:00,0.0077715,-1.3,-73.16,5627.93,SL 🔴,0.6494826364095704,16810.63
ICPUSDT,2026-08-21 07:30:00+00:00,2.426,2026-08-21 09:00:00+00:00,2.46239,1.2,67.24,5603.54,TP 🟢,0.6284944832315129,16877.87
ERAUSDT,2026-08-21 07:30:00+00:00,0.0593,2026-08-21 09:00:00+00:00,0.0601895,1.2,67.51,5625.96,TP 🟢,0.5823010380874094,16945.38
ACTUSDT,2026-08-21 10:30:00+00:00,0.0117,2026-08-21 11:00:00+00:00,0.011802033361638566,0.5721,32.31,5648.46,Trail-Lock 🔒,0.5773376415242357,16977.69
BATUSDT,2026-08-21 11:00:00+00:00,0.068,2026-08-21 11:30:00+00:00,0.068561,0.525,29.71,5659.23,Trail-Lock 🔒,0.5977059577438301,17007.41
GLMRUSDT,2026-08-21 10:30:00+00:00,0.007532,2026-08-21 12:00:00+00:00,0.00764498,1.2,68.03,5669.14,TP 🟢,0.5762076456603952,17075.44
GPSUSDT,2026-08-21 09:00:00+00:00,0.01213,2026-08-21 12:00:00+00:00,0.012407997007386868,1.9918,113.37,5691.81,TP 🟢,0.8125389708023627,17188.81
ALPINEUSDT,2026-08-21 11:30:00+00:00,0.351,2026-08-21 12:00:00+00:00,0.35389575,0.525,30.08,5729.6,Trail-Lock 🔒,0.526006677794669,17218.89
GLMRUSDT,2026-08-21 12:30:00+00:00,0.007591,2026-08-21 13:00:00+00:00,0.0076536257499999994,0.525,30.13,5739.63,Trail-Lock 🔒,0.6998937976508152,17249.02
DEXEUSDT,2026-08-21 12:30:00+00:00,1.97,2026-08-21 13:00:00+00:00,1.9862525,0.525,30.19,5749.67,Trail-Lock 🔒,0.5942975968855214,17279.21
HIVEUSDT,2026-08-21 12:30:00+00:00,0.0439,2026-08-21 13:30:00+00:00,0.044262175,0.525,30.24,5759.74,Trail-Lock 🔒,0.5447399355720898,17309.44
MAGICUSDT,2026-08-21 12:30:00+00:00,0.0456,2026-08-21 15:00:00+00:00,0.046284,1.2,69.24,5769.81,TP 🟢,0.49414872329196513,17378.68
TAOUSDT,2026-08-21 12:30:00+00:00,227.2,2026-08-21 14:30:00+00:00,230.60799999999998,1.2,69.24,5769.81,TP 🟢,0.4890571384239931,17447.92
STORJUSDT,2026-08-21 12:30:00+00:00,0.0414,2026-08-21 15:00:00+00:00,0.04174155,0.525,30.53,5815.97,Trail-Lock 🔒,0.719738625489043,17478.45
ZAMAUSDT,2026-08-21 14:00:00+00:00,0.04772,2026-08-21 14:30:00+00:00,0.04811369,0.525,30.59,5826.15,Trail-Lock 🔒,0.6382666435740416,17509.04
ADXUSDT,2026-08-21 10:00:00+00:00,0.0668,2026-08-21 15:30:00+00:00,0.0673511,0.525,30.64,5836.35,Trail-Lock 🔒,0.5668214865013864,17539.68
MOVRUSDT,2026-08-21 15:30:00+00:00,0.803,2026-08-21 16:00:00+00:00,0.815045,1.2,70.16,5846.56,TP 🟢,0.6419946563348391,17609.84
ADAUSDT,2026-08-21 15:30:00+00:00,0.2178,2026-08-21 16:00:00+00:00,0.21990147813100022,0.6649,39.03,5869.95,Trail-Lock 🔒,0.5566014417609856,17648.87
MTLUSDT,2026-08-21 15:00:00+00:00,0.226,2026-08-21 16:30:00+00:00,0.22939,1.2,70.16,5846.56,TP 🟢,0.49503818912271474,17719.03
SCRTUSDT,2026-08-21 10:00:00+00:00,0.0203,2026-08-21 16:30:00+00:00,0.021034082451392808,3.3162,195.86,5906.34,TP 🟢,0.7207908573017376,17914.89
SUIUSDT,2026-08-21 15:30:00+00:00,0.8039,2026-08-21 17:00:00+00:00,0.8112580969465499,0.6153,36.74,5971.63,Trail-Lock 🔒,0.6906830456999145,17951.63
PHAUSDT,2026-08-21 10:00:00+00:00,0.025,2026-08-21 18:30:00+00:00,0.025375,1.2,71.81,5983.88,TP 🟢,0.8363664656319827,18023.44
ZECUSDT,2026-08-21 16:00:00+00:00,662.33,2026-08-21 18:30:00+00:00,675.9602927831834,1.7579,105.61,6007.81,TP 🟢,0.7706915805356824,18129.05
SXTUSDT,2026-08-21 10:30:00+00:00,0.00794,2026-08-21 18:30:00+00:00,0.0080591,1.2,72.52,6043.02,TP 🟢,0.5407160443129245,18201.57
ICPUSDT,2026-08-21 16:00:00+00:00,2.502,2026-08-21 18:30:00+00:00,2.4700863531020105,-1.5755,-94.28,5983.88,SL 🔴,0.5289313735836876,18107.29
ZILUSDT,2026-08-21 16:00:00+00:00,0.00272,2026-08-21 19:00:00+00:00,0.0026928000000000004,-1.3,-77.79,5983.88,SL 🔴,0.4998153119592211,18029.5
ETCUSDT,2026-08-21 18:00:00+00:00,7.54,2026-08-21 18:30:00+00:00,7.6022050000000005,0.525,31.55,6009.83,Trail-Lock 🔒,0.6330555701429994,18061.05
ENJUSDT,2026-08-21 18:00:00+00:00,0.0277,2026-08-21 19:00:00+00:00,0.02741886368857786,-1.3149,-79.16,6020.35,SL 🔴,0.6186021722224674,17981.89
ARKMUSDT,2026-08-21 18:00:00+00:00,0.107,2026-08-21 18:30:00+00:00,0.10562546935292147,-1.5846,-94.98,5993.96,SL 🔴,0.5615010849764785,17886.91
CKBUSDT,2026-08-21 18:00:00+00:00,0.000984,2026-08-21 18:30:00+00:00,0.0009719627132520805,-1.5233,-90.82,5962.3,SL 🔴,0.5325497559071244,17796.09
DOTUSDT,2026-08-21 17:30:00+00:00,0.904,2026-08-21 18:30:00+00:00,0.8932776310280558,-1.4861,-88.16,5932.03,SL 🔴,0.520938673749392,17707.93
AVAUSDT,2026-08-21 17:30:00+00:00,0.2042,2026-08-21 18:30:00+00:00,0.20588465,0.525,30.99,5902.64,Trail-Lock 🔒,0.49966271657006056,17738.92
KAIAUSDT,2026-08-21 18:00:00+00:00,0.0289,2026-08-21 18:30:00+00:00,0.02855999503139987,-1.4765,-87.3,5912.97,SL 🔴,0.4751178811954726,17651.61
TRBUSDT,2026-08-21 17:00:00+00:00,16.88,2026-08-21 20:00:00+00:00,17.18821151990064,1.5259,91.7,6009.83,TP 🟢,0.8292833558171357,17743.32
FLUXUSDT,2026-08-21 16:00:00+00:00,0.0462,2026-08-21 20:30:00+00:00,0.046893,1.2,72.12,6009.83,TP 🟢,0.640473040296121,17815.44
IOTAUSDT,2026-08-21 19:00:00+00:00,0.0422,2026-08-21 20:30:00+00:00,0.042833,1.2,70.61,5883.87,TP 🟢,0.4989495973025433,17886.04
ALTUSDT,2026-08-21 20:00:00+00:00,0.00685,2026-08-21 20:30:00+00:00,0.006952750000000001,1.2,71.54,5962.01,TP 🟢,0.6245613416638656,17957.59
STORJUSDT,2026-08-21 15:00:00+00:00,0.0416,2026-08-21 21:00:00+00:00,0.042224,1.2,70.04,5836.35,TP 🟢,0.6067912976513521,18027.62
ZILUSDT,2026-08-21 20:00:00+00:00,0.002736,2026-08-21 22:00:00+00:00,0.00277704,1.2,72.11,6009.21,TP 🟢,0.5889589339689091,18099.73
TFUELUSDT,2026-08-21 20:30:00+00:00,0.0086,2026-08-21 22:00:00+00:00,0.008729,1.2,72.11,6009.21,TP 🟢,0.5767456520244565,18171.84
ZAMAUSDT,2026-08-21 21:30:00+00:00,0.04833,2026-08-21 22:30:00+00:00,0.04905495,1.2,72.69,6057.28,TP 🟢,0.6057719966398507,18244.53
MOVEUSDT,2026-08-21 22:30:00+00:00,0.0073,2026-08-21 23:00:00+00:00,0.007448955985995833,1.7405,105.85,6081.51,TP 🟢,0.8232134845819425,18350.38
PHAUSDT,2026-08-21 21:30:00+00:00,0.0255,2026-08-21 23:30:00+00:00,0.025226550965692297,-1.3723,-83.46,6081.51,SL 🔴,0.5750996810095143,18266.92
AMPUSDT,2026-08-21 23:00:00+00:00,0.00043,2026-08-21 23:30:00+00:00,0.00042450840469072725,-1.5771,-96.03,6088.97,SL 🔴,0.4990442753985569,18170.89
STRAXUSDT,2026-08-21 21:00:00+00:00,0.00939,2026-08-22 00:30:00+00:00,0.00953085,1.2,72.69,6057.28,TP 🟢,0.4935433636537661,18243.58
ZILUSDT,2026-08-21 21:30:00+00:00,0.002762,2026-08-22 01:00:00+00:00,0.00280343,1.2,72.98,6081.51,TP 🟢,0.473847377669923,18316.55
2ZUSDT,2026-08-21 20:30:00+00:00,0.0584,2026-08-22 00:30:00+00:00,0.059276,1.2,72.68,6056.96,TP 🟢,0.474557979327712,18389.24
SANDUSDT,2026-08-21 21:30:00+00:00,0.04705,2026-08-22 01:00:00+00:00,0.04775575,1.2,73.56,6129.75,TP 🟢,0.842264651787286,18462.8
COOKIEUSDT,2026-08-21 22:00:00+00:00,0.0119,2026-08-22 00:00:00+00:00,0.0120785,1.2,73.85,6154.27,TP 🟢,0.8414402029561905,18536.65
ICPUSDT,2026-08-21 22:30:00+00:00,2.52,2026-08-22 00:00:00+00:00,2.5578,1.2,74.15,6178.88,TP 🟢,0.6243266796511733,18610.79
IQUSDT,2026-08-21 23:30:00+00:00,0.000693,2026-08-22 00:00:00+00:00,0.000703395,1.2,74.44,6203.6,TP 🟢,0.6155085653716019,18685.24
CVCUSDT,2026-08-21 20:00:00+00:00,0.01992,2026-08-22 00:00:00+00:00,0.02008434,0.525,32.7,6228.41,Trail-Lock 🔒,0.5751153514414606,18717.94
QKCUSDT,2026-08-21 23:00:00+00:00,0.002191,2026-08-22 02:00:00+00:00,0.0022238649999999998,1.2,73.07,6088.97,TP 🟢,0.5169963796321894,18791.0
RADUSDT,2026-08-22 01:00:00+00:00,0.239,2026-08-22 02:00:00+00:00,0.24097174999999998,0.525,32.88,6263.67,Trail-Lock 🔒,0.5876401780402931,18823.89
LAUSDT,2026-08-22 01:00:00+00:00,0.0647,2026-08-22 01:30:00+00:00,0.06526497546087134,0.5732,35.97,6274.63,Trail-Lock 🔒,0.5592086480367673,18859.85
EDUUSDT,2026-08-22 01:00:00+00:00,0.043,2026-08-22 02:00:00+00:00,0.043644999999999996,1.2,75.44,6286.62,TP 🟢,0.5527862948685123,18935.29
ACEUSDT,2026-08-22 02:00:00+00:00,0.2407,2026-08-22 02:30:00+00:00,0.24713431858591897,2.3732,149.79,6311.76,TP 🟢,0.5713018976495245,19085.08
XPLUSDT,2026-08-22 03:00:00+00:00,0.10563,2026-08-22 04:00:00+00:00,0.10693680970073446,0.9372,59.62,6361.69,Trail-Lock 🔒,0.798783392646384,19144.7
GTCUSDT,2026-08-22 02:30:00+00:00,0.09217,2026-08-22 03:30:00+00:00,0.0929304025,0.525,33.5,6381.57,Trail-Lock 🔒,0.6194468280106494,19178.21
SAPIENUSDT,2026-08-22 03:00:00+00:00,0.0852,2026-08-22 04:00:00+00:00,0.0859029,0.525,33.56,6392.74,Trail-Lock 🔒,0.5851726797911819,19211.77
GPSUSDT,2026-08-21 17:00:00+00:00,0.01257,2026-08-22 04:30:00+00:00,0.0129556938786001,2.7684,177.28,6403.92,TP 🟢,0.7834888716411449,19389.05
QTUMUSDT,2026-08-21 21:30:00+00:00,0.826,2026-08-22 05:00:00+00:00,0.83839,1.2,77.56,6463.02,TP 🟢,0.8506625304637736,19466.61
CTSIUSDT,2026-08-21 21:30:00+00:00,0.02695,2026-08-22 05:00:00+00:00,0.02735425,1.2,77.87,6488.87,TP 🟢,0.8506247319755554,19544.47
ATOMUSDT,2026-08-21 21:30:00+00:00,1.556,2026-08-22 05:00:00+00:00,1.57934,1.2,78.18,6514.82,TP 🟢,0.8504360199815236,19622.65
INITUSDT,2026-08-22 03:00:00+00:00,0.05853,2026-08-22 05:00:00+00:00,0.05940795,1.2,78.49,6540.88,TP 🟢,0.8503918038783571,19701.14
NEWTUSDT,2026-08-21 22:00:00+00:00,0.04326,2026-08-22 05:00:00+00:00,0.0439089,1.2,78.8,6567.05,TP 🟢,0.8503809773066086,19779.95
FIDAUSDT,2026-08-21 21:30:00+00:00,0.0192,2026-08-22 05:00:00+00:00,0.019488,1.2,79.12,6593.32,TP 🟢,0.8497011060502779,19859.07
WALUSDT,2026-08-22 02:30:00+00:00,0.0253,2026-08-22 05:00:00+00:00,0.0256795,1.2,79.44,6619.69,TP 🟢,0.8494878715548455,19938.5
LPTUSDT,2026-08-21 21:30:00+00:00,1.388,2026-08-22 05:00:00+00:00,1.40882,1.2,79.75,6646.17,TP 🟢,0.848824829654084,20018.26
QNTUSDT,2026-08-21 22:00:00+00:00,64.03,2026-08-22 05:00:00+00:00,64.99045,1.2,80.07,6672.75,TP 🟢,0.8487845331665175,20098.33
CELOUSDT,2026-08-21 21:30:00+00:00,0.07207,2026-08-22 05:00:00+00:00,0.07315105,1.2,80.39,6699.44,TP 🟢,0.8484941331426615,20178.72
API3USDT,2026-08-21 21:30:00+00:00,0.2236,2026-08-22 05:00:00+00:00,0.226954,1.2,80.71,6726.24,TP 🟢,0.8480946311785239,20259.44
EGLDUSDT,2026-08-22 02:00:00+00:00,3.262,2026-08-22 05:00:00+00:00,3.31093,1.2,81.04,6753.15,TP 🟢,0.8476304958934144,20340.48
ERAUSDT,2026-08-21 22:30:00+00:00,0.0624,2026-08-22 05:00:00+00:00,0.063336,1.2,81.36,6780.16,TP 🟢,0.8473313837235054,20421.84
ENJUSDT,2026-08-21 20:30:00+00:00,0.02761,2026-08-22 05:00:00+00:00,0.028024149999999998,1.2,81.69,6807.28,TP 🟢,0.8471635138865221,20503.53
WUSDT,2026-08-21 21:30:00+00:00,0.00939,2026-08-22 05:00:00+00:00,0.00953085,1.2,82.01,6834.51,TP 🟢,0.8468568951403378,20585.54
LUNAUSDT,2026-08-21 22:00:00+00:00,0.0482,2026-08-22 05:00:00+00:00,0.048923,1.2,82.34,6861.85,TP 🟢,0.8466498409747321,20667.88
IOSTUSDT,2026-08-21 21:30:00+00:00,0.000598,2026-08-22 05:00:00+00:00,0.00060697,1.2,82.67,6889.29,TP 🟢,0.8464963792228123,20750.55
ALGOUSDT,2026-08-21 21:30:00+00:00,0.0943,2026-08-22 05:00:00+00:00,0.0957145,1.2,83.0,6916.85,TP 🟢,0.8460320345501285,20833.56
MANAUSDT,2026-08-21 21:30:00+00:00,0.0746,2026-08-22 05:00:00+00:00,0.075719,1.2,83.33,6944.52,TP 🟢,0.8457738211085019,20916.89
VTHOUSDT,2026-08-21 22:00:00+00:00,0.000373,2026-08-22 05:00:00+00:00,0.000378595,1.2,83.67,6972.3,TP 🟢,0.8453293236425639,21000.56
AVAXUSDT,2026-08-21 21:30:00+00:00,7.576,2026-08-22 05:00:00+00:00,7.68964,1.2,84.0,7000.19,TP 🟢,0.8450372523766105,21084.56
GUSDT,2026-08-21 22:30:00+00:00,0.00415,2026-08-22 05:00:00+00:00,0.00421225,1.2,84.34,7028.19,TP 🟢,0.844745820118529,21168.9
CHRUSDT,2026-08-21 21:30:00+00:00,0.01533,2026-08-22 05:00:00+00:00,0.01555995,1.2,84.68,7056.3,TP 🟢,0.8443495669419111,21253.57
ARUSDT,2026-08-21 21:00:00+00:00,2.092,2026-08-22 05:00:00+00:00,2.12338,1.2,85.01,7084.52,TP 🟢,0.8442372812677059,21338.59
RONINUSDT,2026-08-21 21:00:00+00:00,0.0596,2026-08-22 05:00:00+00:00,0.060494,1.2,85.35,7112.86,TP 🟢,0.8440113841986833,21423.94
LINKUSDT,2026-08-21 21:00:00+00:00,11.658,2026-08-22 05:00:00+00:00,11.83287,1.2,85.7,7141.31,TP 🟢,0.8439455257117586,21509.64
RENDERUSDT,2026-08-21 21:30:00+00:00,1.477,2026-08-22 05:00:00+00:00,1.499155,1.2,86.04,7169.88,TP 🟢,0.843471078203854,21595.68
HBARUSDT,2026-08-21 21:30:00+00:00,0.07693,2026-08-22 05:00:00+00:00,0.07808395,1.2,86.38,7198.56,TP 🟢,0.8432435679261453,21682.06
XLMUSDT,2026-08-21 21:30:00+00:00,0.1928,2026-08-22 05:00:00+00:00,0.195692,1.2,86.73,7227.35,TP 🟢,0.8429382279259354,21768.79
DEXEUSDT,2026-08-22 04:30:00+00:00,2.05,2026-08-22 05:00:00+00:00,2.0807499999999997,1.2,87.08,7256.26,TP 🟢,0.8427031697690506,21855.86
DOGEUSDT,2026-08-21 20:30:00+00:00,0.08514,2026-08-22 05:00:00+00:00,0.0864171,1.2,87.42,7285.29,TP 🟢,0.8426738180899641,21943.29
ARKMUSDT,2026-08-21 21:30:00+00:00,0.1058,2026-08-22 05:00:00+00:00,0.10738700000000001,1.2,87.77,7314.43,TP 🟢,0.8421103909324344,22031.06
MAGICUSDT,2026-08-21 21:30:00+00:00,0.0455,2026-08-22 05:00:00+00:00,0.0461825,1.2,88.12,7343.69,TP 🟢,0.8416950246403487,22119.18
CFXUSDT,2026-08-21 21:30:00+00:00,0.04913,2026-08-22 05:00:00+00:00,0.04986695,1.2,88.48,7373.06,TP 🟢,0.8402902796932543,22207.66
NEARUSDT,2026-08-21 21:00:00+00:00,1.888,2026-08-22 05:00:00+00:00,1.9163199999999998,1.2,88.83,7402.55,TP 🟢,0.8379060528728013,22296.49
PYTHUSDT,2026-08-21 22:30:00+00:00,0.04732,2026-08-22 05:00:00+00:00,0.0480298,1.2,89.19,7432.16,TP 🟢,0.8377199139539874,22385.68
TIAUSDT,2026-08-21 22:00:00+00:00,0.388,2026-08-22 05:00:00+00:00,0.3939073936664268,1.2225,91.22,7461.89,TP 🟢,0.8373181439807483,22476.9
EIGENUSDT,2026-08-21 21:30:00+00:00,0.2151,2026-08-22 05:00:00+00:00,0.2183816053513815,1.2256,91.83,7492.3,TP 🟢,0.8371292128233002,22568.73
APTUSDT,2026-08-21 22:30:00+00:00,0.624,2026-08-22 05:00:00+00:00,0.63336,1.2,90.27,7522.91,TP 🟢,0.8370098968568803,22659.0
AMPUSDT,2026-08-22 03:00:00+00:00,0.00043,2026-08-22 05:00:00+00:00,0.0004366198030540709,1.2395,93.62,7553.0,TP 🟢,0.8368802395297006,22752.62
POWRUSDT,2026-08-21 22:00:00+00:00,0.0421,2026-08-22 05:00:00+00:00,0.0427315,1.2,91.01,7584.21,TP 🟢,0.8364403228048106,22843.63
SEIUSDT,2026-08-21 21:00:00+00:00,0.04656,2026-08-22 05:00:00+00:00,0.0472584,1.2,91.37,7614.54,TP 🟢,0.8355521831069019,22935.01
DUSKUSDT,2026-08-21 21:30:00+00:00,0.0771,2026-08-22 05:00:00+00:00,0.07831558807027013,1.2766,97.6,7645.0,TP 🟢,0.8349457727077326,23032.6
SUIUSDT,2026-08-21 21:00:00+00:00,0.8041,2026-08-22 05:00:00+00:00,0.817092136856934,1.3157,101.02,7677.53,TP 🟢,0.834489828049466,23133.62
VIRTUALUSDT,2026-08-21 22:30:00+00:00,0.694,2026-08-22 05:00:00+00:00,0.7051409992010254,1.3053,100.66,7711.21,TP 🟢,0.8337584688288695,23234.28
ARBUSDT,2026-08-21 21:30:00+00:00,0.0956,2026-08-22 05:00:00+00:00,0.09714492924455478,1.316,101.92,7744.76,TP 🟢,0.8334564677817253,23336.2
ZENUSDT,2026-08-21 21:00:00+00:00,4.951,2026-08-22 05:00:00+00:00,5.036281755448497,1.4225,110.65,7778.73,TP 🟢,0.831843270282499,23446.86
ADAUSDT,2026-08-21 21:30:00+00:00,0.2184,2026-08-22 05:00:00+00:00,0.22219889236105317,1.4394,112.5,7815.62,TP 🟢,0.8305942290029565,23559.35
XRPUSDT,2026-08-21 22:00:00+00:00,1.3881,2026-08-22 05:00:00+00:00,1.4126579576611396,1.4692,115.38,7853.12,TP 🟢,0.8300645596609868,23674.73
IMXUSDT,2026-08-22 02:30:00+00:00,0.1254,2026-08-22 05:00:00+00:00,0.12765367355040788,1.4972,118.15,7891.58,TP 🟢,0.8296808112706606,23792.88
AGLDUSDT,2026-08-21 21:00:00+00:00,0.1755,2026-08-22 05:00:00+00:00,0.1781325,1.2,95.17,7930.96,TP 🟢,0.828800605234771,23888.05
ORDIUSDT,2026-08-21 22:30:00+00:00,4.354,2026-08-22 05:00:00+00:00,4.432568700684542,1.5045,119.8,7962.68,TP 🟢,0.8276881759899912,24007.85
ACTUSDT,2026-08-22 04:00:00+00:00,0.01226,2026-08-22 05:00:00+00:00,0.012477011722965493,1.4701,117.64,8002.62,TP 🟢,0.827666912367034,24125.5
ZROUSDT,2026-08-22 03:00:00+00:00,1.009,2026-08-22 05:00:00+00:00,1.0280661703092573,1.5896,127.83,8041.83,TP 🟢,0.8255225423355261,24253.33
WLDUSDT,2026-08-21 22:00:00+00:00,0.3862,2026-08-22 05:00:00+00:00,0.3935097136339871,1.5927,128.76,8084.44,TP 🟢,0.8251875314236845,24382.1
TRBUSDT,2026-08-21 20:00:00+00:00,17.02,2026-08-22 05:00:00+00:00,17.360771818895625,1.7022,138.34,8127.37,TP 🟢,0.823727267232595,24520.44
FETUSDT,2026-08-21 20:30:00+00:00,0.1616,2026-08-22 05:00:00+00:00,0.16494319737466395,1.7688,144.57,8173.48,TP 🟢,0.8223095564995917,24665.01
IOTXUSDT,2026-08-21 21:30:00+00:00,0.002959,2026-08-22 05:00:00+00:00,0.003003385,1.2,98.66,8221.67,TP 🟢,0.8175737909551584,24763.67
GASUSDT,2026-08-21 22:00:00+00:00,1.166,2026-08-22 05:00:00+00:00,1.18349,1.2,99.05,8254.56,TP 🟢,0.8131372510434841,24862.73
BMTUSDT,2026-08-21 22:30:00+00:00,0.01784,2026-08-22 05:00:00+00:00,0.018177304950522735,1.5907,131.83,8287.58,TP 🟢,0.8107725964013547,24994.56
TWTUSDT,2026-08-21 21:30:00+00:00,0.421,2026-08-22 05:00:00+00:00,0.427315,1.2,99.98,8331.52,TP 🟢,0.8063244103306663,25094.54
BLURUSDT,2026-08-21 21:00:00+00:00,0.01536,2026-08-22 05:00:00+00:00,0.0155904,1.2,100.38,8364.85,TP 🟢,0.802529509334329,25194.92
RLCUSDT,2026-08-21 23:30:00+00:00,0.3241,2026-08-22 05:00:00+00:00,0.3289615,1.2,100.78,8398.31,TP 🟢,0.7976409870438844,25295.7
APEUSDT,2026-08-21 21:00:00+00:00,0.1384,2026-08-22 05:00:00+00:00,0.140476,1.2,101.18,8431.9,TP 🟢,0.7973659796241948,25396.88
VETUSDT,2026-08-21 20:30:00+00:00,0.00548,2026-08-22 05:00:00+00:00,0.0055622,1.2,101.59,8465.63,TP 🟢,0.7962616048736024,25498.47
POLYXUSDT,2026-08-21 21:00:00+00:00,0.0351,2026-08-22 05:00:00+00:00,0.0356265,1.2,101.99,8499.49,TP 🟢,0.778212025996611,25600.46
OPUSDT,2026-08-21 21:00:00+00:00,0.1039,2026-08-22 05:00:00+00:00,0.10545850000000001,1.2,102.4,8533.49,TP 🟢,0.7728642853673043,25702.86
BANANAUSDT,2026-08-21 21:30:00+00:00,4.2,2026-08-22 05:00:00+00:00,4.263,1.2,102.81,8567.62,TP 🟢,0.7646954651884651,25805.67
WAXPUSDT,2026-08-21 21:30:00+00:00,0.0042,2026-08-22 05:00:00+00:00,0.004262999999999999,1.2,103.22,8601.89,TP 🟢,0.7585326073055334,25908.9
SOLUSDT,2026-08-21 21:00:00+00:00,91.38,2026-08-22 05:00:00+00:00,92.7507,1.2,103.64,8636.3,TP 🟢,0.7430770021045118,26012.53
HIVEUSDT,2026-08-21 21:30:00+00:00,0.0441,2026-08-22 05:00:00+00:00,0.0447615,1.2,104.05,8670.84,TP 🟢,0.7427668982448289,26116.58
ASTRUSDT,2026-08-21 22:00:00+00:00,0.005401,2026-08-22 05:00:00+00:00,0.005482015000000001,1.2,104.47,8705.53,TP 🟢,0.738617847370503,26221.05
METISUSDT,2026-08-21 21:30:00+00:00,2.78,2026-08-22 05:00:00+00:00,2.8217,1.2,104.88,8740.35,TP 🟢,0.7125845043471736,26325.93
ZKUSDT,2026-08-21 21:30:00+00:00,0.00926,2026-08-22 05:00:00+00:00,0.0093989,1.2,105.3,8775.31,TP 🟢,0.7111980792291571,26431.24
AVAUSDT,2026-08-22 02:00:00+00:00,0.207,2026-08-22 05:00:00+00:00,0.210105,1.2,105.72,8810.41,TP 🟢,0.7093854925696761,26536.96
RSRUSDT,2026-08-22 02:30:00+00:00,0.001536,2026-08-22 05:00:00+00:00,0.00155904,1.2,106.15,8845.65,TP 🟢,0.6948692287590954,26643.11
0GUSDT,2026-08-22 02:00:00+00:00,0.1757,2026-08-22 05:00:00+00:00,0.1783355,1.2,106.57,8881.04,TP 🟢,0.6886360167669153,26749.68
SIGNUSDT,2026-08-21 21:00:00+00:00,0.0076,2026-08-22 05:00:00+00:00,0.007714,1.2,107.0,8916.56,TP 🟢,0.6856381251982365,26856.68
SOMIUSDT,2026-08-21 21:30:00+00:00,0.1087,2026-08-22 05:00:00+00:00,0.1103305,1.2,107.43,8952.23,TP 🟢,0.6845863589155718,26964.11
XTZUSDT,2026-08-21 20:00:00+00:00,0.2341,2026-08-22 05:00:00+00:00,0.2376115,1.2,107.86,8988.04,TP 🟢,0.6801310662378252,27071.96
SAHARAUSDT,2026-08-21 20:30:00+00:00,0.00866,2026-08-22 05:00:00+00:00,0.0087899,1.2,108.29,9023.99,TP 🟢,0.6775601214890309,27180.25
ACHUSDT,2026-08-21 22:00:00+00:00,0.00486,2026-08-22 05:00:00+00:00,0.0049329,1.2,108.72,9060.08,TP 🟢,0.6757786853536867,27288.97
ARPAUSDT,2026-08-21 20:00:00+00:00,0.00944,2026-08-22 05:00:00+00:00,0.009581600000000001,1.2,109.16,9096.32,TP 🟢,0.6739261764555688,27398.13
FILUSDT,2026-08-21 20:30:00+00:00,0.7882,2026-08-22 05:00:00+00:00,0.800023,1.2,109.59,9132.71,TP 🟢,0.6660650334788853,27507.72
HYPERUSDT,2026-08-21 21:00:00+00:00,0.0692,2026-08-22 05:00:00+00:00,0.070238,1.2,110.03,9169.24,TP 🟢,0.6585407903110936,27617.75
ONEUSDT,2026-08-22 02:30:00+00:00,0.000821,2026-08-22 05:00:00+00:00,0.0008344041412090241,1.3327,122.68,9205.92,TP 🟢,0.6559391619455005,27740.43
WINUSDT,2026-08-22 02:30:00+00:00,3.49e-05,2026-08-22 05:00:00+00:00,3.5423500000000004e-05,1.2,110.96,9246.81,TP 🟢,0.6550319326151668,27851.4
ALPINEUSDT,2026-08-21 21:30:00+00:00,0.352,2026-08-22 05:00:00+00:00,0.35728,1.2,111.41,9283.8,TP 🟢,0.6514641826066846,27962.8
MEGAUSDT,2026-08-21 23:00:00+00:00,0.04207,2026-08-22 05:00:00+00:00,0.042790541260764654,1.4127,131.68,9320.93,TP 🟢,0.6421779301643106,28094.48
CELRUSDT,2026-08-22 02:00:00+00:00,0.0023,2026-08-22 05:00:00+00:00,0.0023344999999999998,1.2,112.38,9364.83,TP 🟢,0.6365170083976016,28206.86
PROVEUSDT,2026-08-21 21:00:00+00:00,0.1737,2026-08-22 05:00:00+00:00,0.1763055,1.2,112.83,9402.29,TP 🟢,0.6335336918057995,28319.69
ANKRUSDT,2026-08-21 20:00:00+00:00,0.00386,2026-08-22 05:00:00+00:00,0.0039179,1.2,113.28,9439.9,TP 🟢,0.6285511973641489,28432.96
CGPTUSDT,2026-08-22 02:00:00+00:00,0.02244,2026-08-22 05:00:00+00:00,0.0227766,1.2,113.73,9477.65,TP 🟢,0.6246129355813959,28546.7
SOPHUSDT,2026-08-21 21:30:00+00:00,0.00386,2026-08-22 05:00:00+00:00,0.0039179,1.2,114.19,9515.57,TP 🟢,0.6236449615976318,28660.88
GTCUSDT,2026-08-22 04:30:00+00:00,0.0925,2026-08-22 05:00:00+00:00,0.091575,-1.3,-124.2,9553.63,SL 🔴,0.6231407908686968,28536.69
STORJUSDT,2026-08-21 21:00:00+00:00,0.0418,2026-08-22 05:00:00+00:00,0.042427,1.2,114.15,9512.23,TP 🟢,0.6115003502493105,28650.83
MOVRUSDT,2026-08-22 01:00:00+00:00,0.816,2026-08-22 05:00:00+00:00,0.82824,1.2,114.6,9550.28,TP 🟢,0.6097655005196377,28765.44
CYBERUSDT,2026-08-21 20:00:00+00:00,0.343,2026-08-22 05:00:00+00:00,0.34814500000000004,1.2,115.06,9588.48,TP 🟢,0.5914494876093705,28880.5
XVGUSDT,2026-08-21 21:00:00+00:00,0.002399,2026-08-22 05:00:00+00:00,0.002434985,1.2,115.52,9626.83,TP 🟢,0.5910194957592405,28996.02
BANDUSDT,2026-08-22 02:00:00+00:00,0.1878,2026-08-22 05:00:00+00:00,0.19061699999999998,1.2,115.98,9665.34,TP 🟢,0.579894314761028,29112.0
BREVUSDT,2026-08-21 20:00:00+00:00,0.074,2026-08-22 05:00:00+00:00,0.07511,1.2,116.45,9704.0,TP 🟢,0.5743883367932172,29228.45
PUNDIXUSDT,2026-08-21 20:30:00+00:00,0.089,2026-08-22 05:00:00+00:00,0.090335,1.2,116.91,9742.82,TP 🟢,0.568628716072782,29345.37
TOWNSUSDT,2026-08-22 02:30:00+00:00,0.00267,2026-08-22 05:00:00+00:00,0.00271005,1.2,117.38,9781.79,TP 🟢,0.5678995732801722,29462.75
GLMUSDT,2026-08-21 21:00:00+00:00,0.1033,2026-08-22 05:00:00+00:00,0.1048495,1.2,117.85,9820.92,TP 🟢,0.5655496320546802,29580.6
EDUUSDT,2026-08-22 02:00:00+00:00,0.0433,2026-08-22 05:00:00+00:00,0.043949499999999996,1.2,118.32,9860.2,TP 🟢,0.5515834050377137,29698.92
VANAUSDT,2026-08-21 21:30:00+00:00,0.999,2026-08-22 05:00:00+00:00,1.013985,1.2,118.8,9899.64,TP 🟢,0.5484325026983936,29817.72
AWEUSDT,2026-08-22 02:00:00+00:00,0.06741,2026-08-22 05:00:00+00:00,0.06842115,1.2,119.27,9939.24,TP 🟢,0.5471625033992275,29936.99
IDUSDT,2026-08-21 21:30:00+00:00,0.0323,2026-08-22 05:00:00+00:00,0.0327845,1.2,119.75,9979.0,TP 🟢,0.5344025030691776,30056.73
ALTUSDT,2026-08-22 03:00:00+00:00,0.007,2026-08-22 05:00:00+00:00,0.007105,1.2,120.23,10018.91,TP 🟢,0.5279850587620887,30176.96
SHELLUSDT,2026-08-21 20:00:00+00:00,0.0227,2026-08-22 05:00:00+00:00,0.023040500000000002,1.2,120.71,10058.99,TP 🟢,0.50045172713861,30297.67
STEEMUSDT,2026-08-21 21:00:00+00:00,0.04223,2026-08-22 05:00:00+00:00,0.04286345,1.2,121.19,10099.22,TP 🟢,0.47793870407082273,30418.86
REQUSDT,2026-08-21 22:00:00+00:00,0.0558,2026-08-22 06:30:00+00:00,0.056637,1.2,121.68,10139.62,TP 🟢,0.8315233728295339,30540.54
ESPUSDT,2026-08-22 05:00:00+00:00,0.08802,2026-08-22 06:00:00+00:00,0.08634813925453416,-2.1994,-223.9,10180.18,SL 🔴,0.690634580259864,30316.63
ZKCUSDT,2026-08-22 06:30:00+00:00,0.0432,2026-08-22 07:00:00+00:00,0.0435564,0.525,53.05,10105.54,Trail-Lock 🔒,0.4932692287228444,30369.69
MINAUSDT,2026-08-22 07:00:00+00:00,0.0592,2026-08-22 07:30:00+00:00,0.060799253073116705,2.4014,243.1,10123.23,TP 🟢,0.657140098246971,30612.79
API3USDT,2026-08-22 06:30:00+00:00,0.2303,2026-08-22 08:00:00+00:00,0.23543207660403323,1.9284,196.78,10204.26,TP 🟢,0.6494000832196877,30809.57
SUIUSDT,2026-08-22 06:30:00+00:00,0.8564,2026-08-22 10:00:00+00:00,0.8257031344666744,-3.8844,-398.92,10269.86,SL 🔴,0.5725511596477992,30410.65
ESPUSDT,2026-08-22 06:30:00+00:00,0.08853,2026-08-22 10:00:00+00:00,0.09056309695983544,1.9965,202.38,10136.88,TP 🟢,0.781336417827855,30613.03
INITUSDT,2026-08-22 12:00:00+00:00,0.05727,2026-08-22 12:30:00+00:00,0.058240367840015274,1.3944,142.29,10204.34,TP 🟢,0.7882138992753727,30755.32
ALPINEUSDT,2026-08-22 12:00:00+00:00,0.36,2026-08-22 14:00:00+00:00,0.36336602592682227,0.635,65.1,10251.77,Trail-Lock 🔒,0.7519468325108603,30820.42
ALPINEUSDT,2026-08-22 14:30:00+00:00,0.366,2026-08-22 15:00:00+00:00,0.35923129190472713,-2.1494,-220.82,10273.47,SL 🔴,0.5023519030269044,30599.6
TNSRUSDT,2026-08-22 06:30:00+00:00,0.0358,2026-08-22 15:30:00+00:00,0.03486842291456664,-2.9022,-298.05,10269.86,SL 🔴,0.8075269851020358,30301.55
ANKRUSDT,2026-08-22 13:00:00+00:00,0.00398,2026-08-22 16:00:00+00:00,0.0040397,1.2,121.21,10100.52,TP 🟢,0.8378906422447301,30422.76
DCRUSDT,2026-08-22 16:00:00+00:00,13.99,2026-08-22 16:30:00+00:00,14.15782629778992,0.8996,91.23,10140.92,Trail-Lock 🔒,0.6566217386385338,30513.99
GLMUSDT,2026-08-22 16:00:00+00:00,0.1098,2026-08-22 17:00:00+00:00,0.11149831068107373,1.2467,126.81,10171.33,TP 🟢,0.5303486635967878,30640.8
ACEUSDT,2026-08-22 09:30:00+00:00,0.2372,2026-08-22 17:30:00+00:00,0.24813115349538895,4.3084,438.22,10171.33,TP 🟢,0.6088128552682176,31079.02
XAIUSDT,2026-08-22 17:30:00+00:00,0.00778,2026-08-22 18:00:00+00:00,0.007844185,0.525,54.39,10359.67,Trail-Lock 🔒,0.5950344430357495,31133.41
APEUSDT,2026-08-22 18:00:00+00:00,0.1465,2026-08-22 18:30:00+00:00,0.14775786722008216,0.5586,57.97,10377.8,Trail-Lock 🔒,0.49454999156432633,31191.38
PARTIUSDT,2026-08-22 18:00:00+00:00,0.0241,2026-08-22 20:00:00+00:00,0.023754118272628234,-1.7352,-180.41,10397.13,SL 🔴,0.4838122270679988,31010.97
CTSIUSDT,2026-08-22 18:00:00+00:00,0.02648,2026-08-22 20:00:00+00:00,0.026214067220392528,-1.3043,-135.61,10397.13,SL 🔴,0.4781754841043698,30875.36
GPSUSDT,2026-08-22 17:30:00+00:00,0.01284,2026-08-22 20:30:00+00:00,0.013036746945647808,1.2323,126.83,10291.79,Trail-Lock 🔒,0.8035692664927141,31002.19
THETAUSDT,2026-08-22 16:00:00+00:00,0.1902,2026-08-22 21:00:00+00:00,0.18654916756686318,-2.2195,-225.75,10171.33,SL 🔴,0.5888623696549983,30776.44
KAIAUSDT,2026-08-22 20:30:00+00:00,0.0306,2026-08-22 21:00:00+00:00,0.030879683248746206,0.614,62.99,10258.81,Trail-Lock 🔒,0.6746787741773667,30839.43
GMTUSDT,2026-08-22 17:30:00+00:00,0.0074,2026-08-22 21:30:00+00:00,0.00729523629612191,-1.7157,-176.58,10291.79,SL 🔴,0.6018518712806107,30662.85
JASMYUSDT,2026-08-22 16:30:00+00:00,0.00437,2026-08-22 21:30:00+00:00,0.004306136790052414,-1.7614,-181.28,10291.79,SL 🔴,0.8389778257029987,30481.57
ZKPUSDT,2026-08-22 12:00:00+00:00,0.0437,2026-08-22 21:30:00+00:00,0.042776551979023546,-2.4132,-247.56,10258.81,SL 🔴,0.8210617849647482,30234.01
LPTUSDT,2026-08-22 16:30:00+00:00,1.4,2026-08-22 21:30:00+00:00,1.378159249115379,-1.8601,-190.82,10258.81,SL 🔴,0.7659546440931906,30043.19
MASKUSDT,2026-08-22 17:00:00+00:00,0.426,2026-08-22 21:30:00+00:00,0.420466875604745,-1.5989,-164.02,10258.81,SL 🔴,0.7573929140852207,29879.17
ZECUSDT,2026-08-22 16:00:00+00:00,795.5,2026-08-22 21:30:00+00:00,815.9047729444969,2.265,225.59,9959.72,TP 🟢,0.8099106169427315,30104.76
SHELLUSDT,2026-08-22 10:30:00+00:00,0.0229,2026-08-22 21:30:00+00:00,0.02347315984502817,2.2029,221.06,10034.92,TP 🟢,0.803662470845383,30325.81
DOTUSDT,2026-08-22 16:30:00+00:00,0.927,2026-08-22 21:30:00+00:00,0.912999874982886,-1.8103,-187.87,10377.8,SL 🔴,0.6048829465032626,30137.95
VANAUSDT,2026-08-22 17:30:00+00:00,1.0,2026-08-22 22:00:00+00:00,0.9897569274199987,-1.3243,-135.86,10258.81,SL 🔴,0.6897631078443489,30002.09
CELRUSDT,2026-08-22 16:30:00+00:00,0.002257,2026-08-22 21:30:00+00:00,0.0022756202499999998,0.525,52.5,10000.7,Trail-Lock 🔒,0.7177966083017142,30054.59
CELOUSDT,2026-08-22 16:30:00+00:00,0.07309,2026-08-22 22:00:00+00:00,0.0736929925,0.525,52.6,10018.2,Trail-Lock 🔒,0.6443305167916451,30107.19
VIRTUALUSDT,2026-08-22 16:30:00+00:00,0.6823,2026-08-23 00:30:00+00:00,0.694491982701815,1.4869,148.09,9959.72,TP 🟢,0.8304712197059434,30255.28
DGBUSDT,2026-08-22 20:00:00+00:00,0.00425,2026-08-23 00:30:00+00:00,0.004292988815517281,0.7115,71.76,10085.09,Trail-Lock 🔒,0.8285342082869366,30327.04
RIFUSDT,2026-08-22 13:30:00+00:00,0.0798,2026-08-23 00:00:00+00:00,0.07839144372574197,-2.0651,-208.76,10109.01,SL 🔴,0.8233879016025887,30118.27
ONGUSDT,2026-08-22 23:30:00+00:00,0.06941,2026-08-23 00:00:00+00:00,0.07132125598168981,2.4536,246.32,10039.42,TP 🟢,0.8010564059854968,30364.6
ZENUSDT,2026-08-22 16:00:00+00:00,5.241,2026-08-23 02:00:00+00:00,5.369610580356366,2.1539,218.01,10121.53,TP 🟢,0.8127244476090641,30582.61
MEGAUSDT,2026-08-23 01:00:00+00:00,0.04038,2026-08-23 01:30:00+00:00,0.0409857,1.2,122.33,10194.2,TP 🟢,0.7671523212060227,30704.94
AVAXUSDT,2026-08-22 16:30:00+00:00,7.504,2026-08-23 03:30:00+00:00,7.394655677441104,-1.7571,-180.63,10279.81,SL 🔴,0.6681010840073226,30524.31
XNOUSDT,2026-08-23 08:30:00+00:00,0.404,2026-08-23 09:00:00+00:00,0.41006000000000004,1.2,122.1,10174.77,TP 🟢,0.8279545493871221,30646.41
TRBUSDT,2026-08-23 08:30:00+00:00,19.03,2026-08-23 09:00:00+00:00,19.249396597792337,0.8529,87.13,10215.47,Trail-Lock 🔒,0.4563280493294999,30733.53
MINAUSDT,2026-08-23 09:00:00+00:00,0.0551,2026-08-23 09:30:00+00:00,0.0555616786584009,0.5379,55.1,10244.51,Trail-Lock 🔒,0.6702540833119661,30788.64
MINAUSDT,2026-08-23 10:00:00+00:00,0.0558,2026-08-23 10:30:00+00:00,0.05630162598607017,0.599,61.47,10262.88,Trail-Lock 🔒,0.6245962861542078,30850.11
ZAMAUSDT,2026-08-23 10:00:00+00:00,0.0535,2026-08-23 12:00:00+00:00,0.052567242073501524,-2.0435,-210.14,10283.37,SL 🔴,0.49581448344614143,30639.97
FETUSDT,2026-08-23 11:00:00+00:00,0.1629,2026-08-23 12:00:00+00:00,0.16550274642789378,1.2978,132.54,10213.32,TP 🟢,0.7925337024375497,30772.52
ZROUSDT,2026-08-23 07:00:00+00:00,1.179,2026-08-23 12:00:00+00:00,1.2159539894004512,2.8344,290.73,10257.51,TP 🟢,0.7686347369534465,31063.25
NILUSDT,2026-08-23 11:30:00+00:00,0.0443,2026-08-23 12:00:00+00:00,0.044665474999999996,0.525,54.36,10354.42,Trail-Lock 🔒,0.5564669602607741,31117.61
PROMUSDT,2026-08-23 05:30:00+00:00,2.682,2026-08-23 12:30:00+00:00,2.633311661579601,-2.1154,-217.53,10283.37,SL 🔴,0.7594232107138761,30900.08
TFUELUSDT,2026-08-23 11:30:00+00:00,0.0087,2026-08-23 13:00:00+00:00,0.0088305,1.2,123.6,10300.03,TP 🟢,0.7567994737180364,31023.68
BLURUSDT,2026-08-23 11:30:00+00:00,0.01623,2026-08-23 13:30:00+00:00,0.01647345,1.2,124.25,10354.42,TP 🟢,0.5654024908835034,31147.93
SCRTUSDT,2026-08-23 13:30:00+00:00,0.0163,2026-08-23 14:00:00+00:00,0.016678105725064,2.0197,209.69,10382.64,TP 🟢,0.8154290556261522,31357.63
AGLDUSDT,2026-08-23 11:00:00+00:00,0.1736,2026-08-23 14:30:00+00:00,0.17186400000000002,-1.3,-134.61,10354.42,SL 🔴,0.6676234291409362,31223.02
WCTUSDT,2026-08-23 13:00:00+00:00,0.03931,2026-08-23 14:30:00+00:00,0.0389169,-1.3,-134.97,10382.64,SL 🔴,0.5471863098296821,31088.04
EPICUSDT,2026-08-23 13:30:00+00:00,0.3463,2026-08-23 14:30:00+00:00,0.3417812326228473,-1.6049,-167.75,10452.54,SL 🔴,0.5616687277638366,30920.29
RSRUSDT,2026-08-23 14:00:00+00:00,0.00143,2026-08-23 14:30:00+00:00,0.00145145,1.2,123.68,10306.76,TP 🟢,0.8496056975146271,31043.98
VETUSDT,2026-08-23 13:00:00+00:00,0.005698,2026-08-23 14:30:00+00:00,0.0057450085,0.525,54.33,10347.99,Trail-Lock 🔒,0.8479455249554828,31098.3
PHAUSDT,2026-08-23 13:30:00+00:00,0.0246,2026-08-23 14:30:00+00:00,0.024969,1.2,124.39,10366.1,TP 🟢,0.8471434618517494,31222.7
ALTUSDT,2026-08-23 14:00:00+00:00,0.00648,2026-08-23 14:30:00+00:00,0.0065772,1.2,124.89,10407.57,TP 🟢,0.8468620679864524,31347.59
SANDUSDT,2026-08-23 14:00:00+00:00,0.04524,2026-08-23 14:30:00+00:00,0.045918600000000004,1.2,125.39,10449.2,TP 🟢,0.8456863312931464,31472.98
THETAUSDT,2026-08-23 13:00:00+00:00,0.1894,2026-08-23 14:30:00+00:00,0.19224100000000002,1.2,125.89,10490.99,TP 🟢,0.8421499176583574,31598.87
SUSDT,2026-08-23 11:00:00+00:00,0.02744,2026-08-23 14:30:00+00:00,0.0278516,1.2,126.4,10532.96,TP 🟢,0.841898635703292,31725.26
ORDIUSDT,2026-08-23 14:00:00+00:00,4.094,2026-08-23 14:30:00+00:00,4.155410000000001,1.2,126.9,10575.09,TP 🟢,0.8388803630765659,31852.17
XLMUSDT,2026-08-23 14:00:00+00:00,0.1968,2026-08-23 14:30:00+00:00,0.199752,1.2,127.41,10617.39,TP 🟢,0.8335660013000395,31979.57
CHZUSDT,2026-08-23 13:30:00+00:00,0.01441,2026-08-23 14:30:00+00:00,0.01462615,1.2,127.92,10659.86,TP 🟢,0.8279173591367589,32107.49
ZENUSDT,2026-08-23 13:00:00+00:00,5.464,2026-08-23 14:30:00+00:00,5.5674742132230834,1.5937,170.57,10702.5,TP 🟢,0.8269585161458487,32278.06
ENSUSDT,2026-08-23 13:00:00+00:00,5.83,2026-08-23 14:30:00+00:00,5.718024363914957,-2.2207,-238.93,10759.35,SL 🔴,0.8266919115209056,32039.13
AIXBTUSDT,2026-08-23 14:00:00+00:00,0.02052,2026-08-23 14:30:00+00:00,0.0208278,1.2,128.16,10679.71,TP 🟢,0.8205326802781058,32167.29
DASHUSDT,2026-08-23 14:00:00+00:00,41.82,2026-08-23 14:30:00+00:00,42.71215696266267,1.8333,196.58,10722.43,TP 🟢,0.8200186723907362,32363.87
LPTUSDT,2026-08-23 14:00:00+00:00,1.397,2026-08-23 14:30:00+00:00,1.417955,1.2,129.46,10787.96,TP 🟢,0.7969872985205532,32493.32
STORJUSDT,2026-08-23 13:30:00+00:00,0.0408,2026-08-23 14:30:00+00:00,0.04035699272449951,-1.3858,-150.1,10831.11,SL 🔴,0.7787335847849409,32343.22
TIAUSDT,2026-08-23 14:00:00+00:00,0.3795,2026-08-23 14:30:00+00:00,0.3851925,1.2,129.37,10781.07,TP 🟢,0.7695206687841682,32472.6
ZROUSDT,2026-08-23 13:00:00+00:00,1.233,2026-08-23 14:30:00+00:00,1.2715441133286904,2.826,305.9,10824.2,TP 🟢,0.7680854737478187,32778.49
JASMYUSDT,2026-08-23 13:30:00+00:00,0.00427,2026-08-23 14:30:00+00:00,0.004334050000000001,1.2,131.11,10926.16,TP 🟢,0.7630260413590748,32909.61
XRPUSDT,2026-08-23 13:30:00+00:00,1.4966,2026-08-23 14:30:00+00:00,1.5190489999999999,1.2,131.64,10969.87,TP 🟢,0.7427288202743275,33041.24
BMTUSDT,2026-08-23 13:00:00+00:00,0.01546,2026-08-23 14:30:00+00:00,0.015691899999999998,1.2,132.16,11013.75,TP 🟢,0.7391354105914811,33173.41
TFUELUSDT,2026-08-23 14:00:00+00:00,0.00876,2026-08-23 14:30:00+00:00,0.0088914,1.2,132.69,11057.8,TP 🟢,0.729716214720243,33306.1
ONEUSDT,2026-08-23 13:00:00+00:00,0.000753,2026-08-23 14:30:00+00:00,0.000764295,1.2,133.22,11102.03,TP 🟢,0.7202117141884877,33439.33
VIRTUALUSDT,2026-08-23 13:30:00+00:00,0.6933,2026-08-23 14:30:00+00:00,0.7036995,1.2,133.76,11146.44,TP 🟢,0.71268323814493,33573.09
OPENUSDT,2026-08-23 13:30:00+00:00,0.1648,2026-08-23 14:30:00+00:00,0.167272,1.2,134.29,11191.03,TP 🟢,0.6799867045520152,33707.38
LTCUSDT,2026-08-23 13:30:00+00:00,52.33,2026-08-23 14:30:00+00:00,51.8067,-1.3,-146.07,11235.79,SL 🔴,0.6789130934273775,33561.31
CKBUSDT,2026-08-23 13:00:00+00:00,0.000973,2026-08-23 14:30:00+00:00,0.000987595,1.2,134.25,11187.1,TP 🟢,0.6731462401934881,33695.56
API3USDT,2026-08-23 13:00:00+00:00,0.2265,2026-08-23 14:30:00+00:00,0.2298975,1.2,134.78,11231.85,TP 🟢,0.6599196050660732,33830.34
NEWTUSDT,2026-08-23 14:00:00+00:00,0.04323,2026-08-23 14:30:00+00:00,0.0427977,-1.3,-146.6,11276.78,SL 🔴,0.657523165235438,33683.74
TNSRUSDT,2026-08-23 13:00:00+00:00,0.0348,2026-08-23 14:30:00+00:00,0.035087099999999996,0.525,58.95,11227.91,Trail-Lock 🔒,0.6549569114052389,33742.69
ERAUSDT,2026-08-23 11:30:00+00:00,0.0587,2026-08-23 14:30:00+00:00,0.0595805,1.2,134.97,11247.56,TP 🟢,0.6291976009802701,33877.66
MASKUSDT,2026-08-23 14:00:00+00:00,0.426,2026-08-23 14:30:00+00:00,0.42174,-1.3,-146.8,11292.55,SL 🔴,0.6016332486015008,33730.86
REQUSDT,2026-08-23 13:00:00+00:00,0.0552,2026-08-23 14:30:00+00:00,0.0556554,0.525,59.03,11243.62,Trail-Lock 🔒,0.5937026192387105,33789.88
ALPINEUSDT,2026-08-23 13:00:00+00:00,0.351,2026-08-23 14:30:00+00:00,0.34748999999999997,-1.3,-146.42,11263.29,SL 🔴,0.5900947561787773,33643.46
AVAXUSDT,2026-08-23 13:30:00+00:00,7.55,2026-08-23 14:30:00+00:00,7.4745,-1.3,-145.79,11214.49,SL 🔴,0.5773755440596048,33497.67
FILUSDT,2026-08-23 13:30:00+00:00,0.7687,2026-08-23 14:30:00+00:00,0.7605894498829446,-1.3551,-151.31,11165.89,SL 🔴,0.5660810498280378,33346.36
APEUSDT,2026-08-23 13:30:00+00:00,0.1473,2026-08-23 14:30:00+00:00,0.14582699999999998,-1.3,-144.5,11115.45,SL 🔴,0.5528666926687648,33201.86
ROSEUSDT,2026-08-23 13:00:00+00:00,0.00622,2026-08-23 14:30:00+00:00,0.0061553672607151,-1.3391,-148.2,11067.29,SL 🔴,0.544697575169202,33053.66
LINEAUSDT,2026-08-23 13:00:00+00:00,0.002462,2026-08-23 14:30:00+00:00,0.0024989300000000003,1.2,132.21,11017.89,TP 🟢,0.5389180465728715,33185.88
CVCUSDT,2026-08-23 13:30:00+00:00,0.01997,2026-08-23 14:30:00+00:00,0.0197703,-1.3,-143.81,11061.96,SL 🔴,0.537400234935046,33042.07
APTUSDT,2026-08-23 13:30:00+00:00,0.643,2026-08-23 14:30:00+00:00,0.652645,1.2,132.17,11014.02,TP 🟢,0.5322132078919052,33174.24
IOTXUSDT,2026-08-23 13:00:00+00:00,0.00286,2026-08-23 14:30:00+00:00,0.0028314,-1.3,-143.76,11058.08,SL 🔴,0.5171754269887001,33030.48
DUSKUSDT,2026-08-23 13:00:00+00:00,0.075,2026-08-23 14:30:00+00:00,0.076125,1.2,132.12,11010.16,TP 🟢,0.5159909725270447,33162.6
HBARUSDT,2026-08-23 10:00:00+00:00,0.07821,2026-08-23 14:30:00+00:00,0.07938315,1.2,132.65,11054.2,TP 🟢,0.49637385790059396,33295.26
GALAUSDT,2026-08-23 11:00:00+00:00,0.001973,2026-08-23 14:30:00+00:00,0.001938141567158555,-2.0668,-229.38,11098.42,SL 🔴,0.4618947573159371,33065.88
VANAUSDT,2026-08-23 13:30:00+00:00,1.014,2026-08-23 15:00:00+00:00,1.02921,1.2,132.81,11067.29,TP 🟢,0.5464468768295184,33198.68
ORDIUSDT,2026-08-23 15:00:00+00:00,4.239,2026-08-23 15:30:00+00:00,4.279722704055639,0.6607,73.11,11066.23,Trail-Lock 🔒,0.5302760025086688,33271.79
ARPAUSDT,2026-08-23 13:00:00+00:00,0.00944,2026-08-23 15:30:00+00:00,0.009581600000000001,1.2,132.65,11054.2,TP 🟢,0.5049619778589073,33404.44
ACTUSDT,2026-08-23 15:00:00+00:00,0.011,2026-08-23 16:30:00+00:00,0.011165,1.2,133.62,11134.81,TP 🟢,0.49916087148914706,33538.06
BIOUSDT,2026-08-23 15:30:00+00:00,0.03038,2026-08-23 17:00:00+00:00,0.030630635,0.525,58.69,11179.35,Trail-Lock 🔒,0.7033205558916715,33596.75
STORJUSDT,2026-08-23 17:00:00+00:00,0.0413,2026-08-23 18:30:00+00:00,0.041919500000000005,1.2,134.39,11198.92,TP 🟢,0.8372650376896562,33731.14
ROSEUSDT,2026-08-23 18:00:00+00:00,0.0064,2026-08-23 18:30:00+00:00,0.0064528,0.525,59.03,11243.71,Trail-Lock 🔒,0.5704080184905054,33790.17
SUIUSDT,2026-08-23 18:30:00+00:00,0.83,2026-08-23 19:30:00+00:00,0.8425208036251018,1.2085,136.12,11263.39,TP 🟢,0.805683081849486,33926.29
CFXUSDT,2026-08-23 18:00:00+00:00,0.04917,2026-08-23 20:00:00+00:00,0.049907549999999995,1.2,135.71,11308.76,TP 🟢,0.674363392180326,34062.0
PHAUSDT,2026-08-23 18:30:00+00:00,0.0254,2026-08-23 20:30:00+00:00,0.025099447796998332,-1.4833,-167.07,11263.39,SL 🔴,0.5729088824038677,33894.93
IDUSDT,2026-08-23 18:00:00+00:00,0.0317,2026-08-23 20:30:00+00:00,0.031383,-1.3,-146.42,11263.39,SL 🔴,0.5386070950897013,33748.51
2ZUSDT,2026-08-23 15:00:00+00:00,0.0573,2026-08-23 21:00:00+00:00,0.058159499999999996,1.2,133.62,11134.81,TP 🟢,0.5170974866185434,33882.12
KAIAUSDT,2026-08-23 17:00:00+00:00,0.0322,2026-08-23 21:00:00+00:00,0.032683,1.2,134.39,11198.92,TP 🟢,0.7329770088028095,34016.51
SFPUSDT,2026-08-23 18:00:00+00:00,0.2737,2026-08-23 21:30:00+00:00,0.2778055,1.2,134.99,11249.5,TP 🟢,0.5024097741888527,34151.51
RIFUSDT,2026-08-23 21:00:00+00:00,0.0798,2026-08-23 21:30:00+00:00,0.080997,1.2,136.61,11383.84,TP 🟢,0.8499464438981653,34288.11
SUIUSDT,2026-08-23 21:00:00+00:00,0.84,2026-08-23 21:30:00+00:00,0.8528042313849418,1.2243,139.93,11429.37,TP 🟢,0.7823713993292115,34428.04
WLDUSDT,2026-08-23 21:00:00+00:00,0.4084,2026-08-23 21:30:00+00:00,0.4120153087534261,0.5852,67.16,11476.01,Trail-Lock 🔒,0.6632723273973485,34495.2
SANDUSDT,2026-08-23 21:00:00+00:00,0.04602,2026-08-23 22:00:00+00:00,0.046399665,0.525,60.37,11498.4,Trail-Lock 🔒,0.7320681118903859,34555.57
CVCUSDT,2026-08-23 21:00:00+00:00,0.0204,2026-08-23 22:00:00+00:00,0.0205683,0.525,60.47,11518.52,Trail-Lock 🔒,0.7174067315931487,34616.04
MOVRUSDT,2026-08-23 21:30:00+00:00,0.714,2026-08-23 22:00:00+00:00,0.7198905,0.525,60.58,11538.68,Trail-Lock 🔒,0.6189924334833644,34676.62
ALTUSDT,2026-08-23 21:00:00+00:00,0.00664,2026-08-23 21:30:00+00:00,0.00669478,0.525,60.68,11558.87,Trail-Lock 🔒,0.596394796022411,34737.31
ICPUSDT,2026-08-23 21:00:00+00:00,2.436,2026-08-23 21:30:00+00:00,2.4560969999999998,0.525,60.79,11579.1,Trail-Lock 🔒,0.5730580052724105,34798.1
IOTXUSDT,2026-08-23 21:00:00+00:00,0.002942,2026-08-23 22:00:00+00:00,0.00291258,-1.3,-150.79,11599.37,SL 🔴,0.5563656619512016,34647.3
SOMIUSDT,2026-08-23 21:00:00+00:00,0.1123,2026-08-23 22:30:00+00:00,0.111177,-1.3,-150.27,11558.87,SL 🔴,0.5982898755177307,34497.04
CTKUSDT,2026-08-23 18:30:00+00:00,0.118,2026-08-23 23:00:00+00:00,0.11682,-1.3,-147.6,11354.0,SL 🔴,0.5778197836840975,34349.44
SCRUSDT,2026-08-23 21:00:00+00:00,0.02272,2026-08-23 23:00:00+00:00,0.0224928,-1.3,-150.79,11599.37,SL 🔴,0.5609859368342486,34198.64
ANKRUSDT,2026-08-23 21:00:00+00:00,0.00411,2026-08-23 23:00:00+00:00,0.0040689,-1.3,-150.14,11549.1,SL 🔴,0.5544234979529263,34048.51
BATUSDT,2026-08-23 21:00:00+00:00,0.0722,2026-08-23 23:00:00+00:00,0.071478,-1.3,-150.14,11549.1,SL 🔴,0.5511317522825017,33898.37
SHELLUSDT,2026-08-23 12:00:00+00:00,0.0229,2026-08-23 23:00:00+00:00,0.023132912308303697,0.7171,81.03,11299.46,Trail-Lock 🔒,0.8280815162281725,33979.39
LAUSDT,2026-08-23 17:00:00+00:00,0.0579,2026-08-23 23:00:00+00:00,0.0587685,1.2,135.92,11326.46,TP 🟢,0.4752310359441425,34115.31
SEIUSDT,2026-08-23 21:00:00+00:00,0.04794,2026-08-23 23:30:00+00:00,0.048335505,0.525,59.7,11371.77,Trail-Lock 🔒,0.7508300131594765,34175.01
LPTUSDT,2026-08-23 20:00:00+00:00,1.431,2026-08-23 23:30:00+00:00,1.44280575,0.525,59.81,11391.67,Trail-Lock 🔒,0.5575753841759463,34234.82
MIRAUSDT,2026-08-23 21:00:00+00:00,0.04262,2026-08-24 00:00:00+00:00,0.0421938,-1.3,-150.0,11538.68,SL 🔴,0.6461953865976213,34084.82
CHZUSDT,2026-08-23 18:00:00+00:00,0.01479,2026-08-24 00:00:00+00:00,0.014623080916518053,-1.4286,-160.91,11263.39,SL 🔴,0.564673001500711,33923.91
HEIUSDT,2026-08-23 18:30:00+00:00,0.1287,2026-08-24 00:00:00+00:00,0.127289968038708,-1.3956,-158.46,11354.0,SL 🔴,0.5900445274020923,33765.45
GUSDT,2026-08-23 21:00:00+00:00,0.00391,2026-08-24 00:00:00+00:00,0.0038709000000000005,-1.3,-150.27,11558.87,SL 🔴,0.6188189551825183,33615.19
SOLUSDT,2026-08-23 21:00:00+00:00,95.36,2026-08-24 00:00:00+00:00,94.4064,-1.3,-149.48,11498.4,SL 🔴,0.568548138190181,33465.71
XECUSDT,2026-08-23 21:00:00+00:00,7.32e-06,2026-08-24 00:00:00+00:00,7.2468e-06,-1.3,-149.48,11498.4,SL 🔴,0.5432591681178716,33316.23
WAXPUSDT,2026-08-23 21:00:00+00:00,0.00432,2026-08-24 00:00:00+00:00,0.0042768,-1.3,-149.48,11498.4,SL 🔴,0.5425063694366241,33166.75
TFUELUSDT,2026-08-23 21:00:00+00:00,0.00894,2026-08-24 00:00:00+00:00,0.008843443092823498,-1.3801,-158.68,11498.4,SL 🔴,0.5001852728496601,33008.07
ZKPUSDT,2026-08-23 21:00:00+00:00,0.0425,2026-08-24 00:00:00+00:00,0.042075,-1.3,-149.48,11498.4,SL 🔴,0.4985344204964327,32858.59
FETUSDT,2026-08-23 21:00:00+00:00,0.166,2026-08-24 00:00:00+00:00,0.1636368498621177,-1.7236,-198.18,11498.4,SL 🔴,0.8400542828637412,32660.4
MTLUSDT,2026-08-23 21:00:00+00:00,0.235,2026-08-24 00:00:00+00:00,0.23265,-1.3,-149.48,11498.4,SL 🔴,0.7646911942066723,32510.92
DOGEUSDT,2026-08-23 21:00:00+00:00,0.09308,2026-08-24 00:00:00+00:00,0.0920374778904966,-1.42,-163.85,11538.68,SL 🔴,0.710732224848746,32347.07
WALUSDT,2026-08-23 21:00:00+00:00,0.0239,2026-08-24 00:00:00+00:00,0.023661,-1.3,-150.0,11538.68,SL 🔴,0.6740887602500271,32197.07
GASUSDT,2026-08-23 21:00:00+00:00,1.211,2026-08-24 00:00:00+00:00,1.19889,-1.3,-150.0,11538.68,SL 🔴,0.6729490432266415,32047.06
ALGOUSDT,2026-08-23 21:00:00+00:00,0.0935,2026-08-24 00:00:00+00:00,0.092565,-1.3,-150.0,11538.68,SL 🔴,0.6562192389016107,31897.06
XTZUSDT,2026-08-23 21:00:00+00:00,0.2347,2026-08-24 00:00:00+00:00,0.232353,-1.3,-150.0,11538.68,SL 🔴,0.6499908956920788,31747.06
TNSRUSDT,2026-08-23 18:00:00+00:00,0.0352,2026-08-24 00:00:00+00:00,0.034848000000000004,-1.3,-150.0,11538.68,SL 🔴,0.6476923096350556,31597.06
AVAXUSDT,2026-08-23 21:00:00+00:00,7.588,2026-08-24 00:00:00+00:00,7.51212,-1.3,-150.0,11538.68,SL 🔴,0.632542028343081,31447.05
LUNAUSDT,2026-08-23 21:00:00+00:00,0.0488,2026-08-24 00:00:00+00:00,0.048312,-1.3,-150.0,11538.68,SL 🔴,0.6286623709084808,31297.05
FILUSDT,2026-08-23 21:00:00+00:00,0.7752,2026-08-24 00:00:00+00:00,0.767448,-1.3,-150.27,11558.87,SL 🔴,0.6018058958363177,31146.79
HIVEUSDT,2026-08-23 21:00:00+00:00,0.0441,2026-08-24 00:00:00+00:00,0.043659,-1.3,-150.53,11579.1,SL 🔴,0.5880925678022018,30996.26
RAREUSDT,2026-08-23 21:00:00+00:00,0.0125,2026-08-24 00:00:00+00:00,0.012375,-1.3,-150.53,11579.1,SL 🔴,0.5855477181616469,30845.73
PUNDIXUSDT,2026-08-23 21:00:00+00:00,0.0894,2026-08-24 00:00:00+00:00,0.08850599999999999,-1.3,-150.53,11579.1,SL 🔴,0.5850102855073812,30695.2
ARKUSDT,2026-08-23 21:00:00+00:00,0.1088,2026-08-24 00:00:00+00:00,0.10771199999999999,-1.3,-150.14,11549.1,SL 🔴,0.5486851597754735,30545.06
LINEAUSDT,2026-08-23 21:00:00+00:00,0.00255,2026-08-24 00:00:00+00:00,0.0025245000000000003,-1.3,-150.14,11549.1,SL 🔴,0.5464377303899495,30394.92
ATOMUSDT,2026-08-23 21:00:00+00:00,1.613,2026-08-24 00:00:00+00:00,1.59687,-1.3,-150.14,11549.1,SL 🔴,0.49852273764980837,30244.79
ARPAUSDT,2026-08-23 21:00:00+00:00,0.00963,2026-08-24 00:00:00+00:00,0.009533699999999999,-1.3,-150.14,11549.1,SL 🔴,0.47671726079641114,30094.65
OPENUSDT,2026-08-23 21:00:00+00:00,0.1667,2026-08-24 00:00:00+00:00,0.16503299999999999,-1.3,-149.49,11499.01,SL 🔴,0.6648538490619086,29945.16
WCTUSDT,2026-08-23 21:00:00+00:00,0.03977,2026-08-24 00:00:00+00:00,0.0393723,-1.3,-149.49,11499.01,SL 🔴,0.6439628023237179,29795.67
BANANAUSDT,2026-08-23 18:30:00+00:00,4.007,2026-08-24 00:00:00+00:00,3.9669299999999996,-1.3,-146.89,11299.46,SL 🔴,0.8311537475549498,29648.78
LINKUSDT,2026-08-23 21:00:00+00:00,11.496,2026-08-24 00:00:00+00:00,11.38104,-1.3,-147.24,11326.46,SL 🔴,0.7940348395737206,29501.54
HYPERUSDT,2026-08-23 21:00:00+00:00,0.0683,2026-08-24 00:00:00+00:00,0.067617,-1.3,-147.24,11326.46,SL 🔴,0.755939401417742,29354.29
MEUSDT,2026-08-23 19:00:00+00:00,0.06727,2026-08-24 00:00:00+00:00,0.0665312455868133,-1.3982,-158.37,11326.46,SL 🔴,0.7447618947515336,29195.93
ETCUSDT,2026-08-23 21:00:00+00:00,7.92,2026-08-24 00:00:00+00:00,7.8408,-1.3,-147.24,11326.46,SL 🔴,0.7086626014238109,29048.68
2ZUSDT,2026-08-23 21:00:00+00:00,0.05748,2026-08-24 00:00:00+00:00,0.0569052,-1.3,-147.24,11326.46,SL 🔴,0.6774961069864721,28901.44
GLMUSDT,2026-08-23 20:00:00+00:00,0.1096,2026-08-24 00:00:00+00:00,0.108504,-1.3,-147.24,11326.46,SL 🔴,0.4905240591989586,28754.19
TRBUSDT,2026-08-23 21:00:00+00:00,19.15,2026-08-24 00:30:00+00:00,18.873353556171214,-1.7446,-167.22,9584.73,SL 🔴,0.8273982341777821,28586.98
COOKIEUSDT,2026-08-23 12:00:00+00:00,0.0105,2026-08-23 23:30:00+00:00,0.0106575,1.2,114.35,9528.99,TP 🟢,0.8136463757672017,28701.32
ZENUSDT,2026-08-23 18:00:00+00:00,5.628,2026-08-24 00:00:00+00:00,5.702830990874554,1.0296,98.5,9567.11,Trail-Lock 🔒,0.8104568824111831,28799.83
AIXBTUSDT,2026-08-23 15:00:00+00:00,0.02093,2026-08-24 00:00:00+00:00,0.02124395,1.2,115.2,9599.94,TP 🟢,0.784610229955703,28915.03
PROMUSDT,2026-08-23 13:00:00+00:00,2.712,2026-08-24 00:00:00+00:00,2.7966184138186394,2.8201,271.82,9638.34,TP 🟢,0.7774827256268123,29186.84
CKBUSDT,2026-08-23 19:00:00+00:00,0.000987,2026-08-24 00:00:00+00:00,0.00099514275,0.525,51.08,9728.95,Trail-Lock 🔒,0.7595282726325824,29237.92
MINAUSDT,2026-08-23 19:00:00+00:00,0.0577,2026-08-24 00:30:00+00:00,0.058176025,0.525,51.17,9745.97,Trail-Lock 🔒,0.6608814043318609,29289.09
IOSTUSDT,2026-08-23 18:00:00+00:00,0.000595,2026-08-24 00:00:00+00:00,0.0005999087500000001,0.525,51.26,9763.03,Trail-Lock 🔒,0.6549817445591674,29340.34
JASMYUSDT,2026-08-23 15:00:00+00:00,0.00434,2026-08-24 00:00:00+00:00,0.0044051,1.2,117.36,9780.11,TP 🟢,0.6024455100825922,29457.7
WINUSDT,2026-08-23 20:00:00+00:00,3.468e-05,2026-08-24 00:00:00+00:00,3.496611e-05,0.525,51.55,9819.23,Trail-Lock 🔒,0.5970429751929304,29509.25
ZILUSDT,2026-08-23 15:00:00+00:00,0.002782,2026-08-24 01:00:00+00:00,0.0028049515,0.525,51.64,9836.42,Trail-Lock 🔒,0.5703080816894741,29560.9
SOPHUSDT,2026-08-23 21:00:00+00:00,0.00382,2026-08-24 00:00:00+00:00,0.0037818,-1.3,-128.1,9853.63,SL 🔴,0.5612125585939225,29432.8
ALPINEUSDT,2026-08-23 19:00:00+00:00,0.354,2026-08-24 00:00:00+00:00,0.3569205,0.525,51.51,9810.93,Trail-Lock 🔒,0.5206833859317208,29484.31
NEWTUSDT,2026-08-23 15:00:00+00:00,0.04376,2026-08-24 00:00:00+00:00,0.0433224,-1.3,-127.77,9828.1,SL 🔴,0.4788000088731814,29356.54
QKCUSDT,2026-08-23 17:30:00+00:00,0.002186,2026-08-24 01:30:00+00:00,0.00216414,-1.3,-147.6,11354.0,SL 🔴,0.4549637111479504,29208.94
VTHOUSDT,2026-08-23 21:00:00+00:00,0.000372,2026-08-24 02:00:00+00:00,0.00036827999999999996,-1.3,-150.79,11599.37,SL 🔴,0.5703801064412992,29058.15
PROVEUSDT,2026-08-23 15:00:00+00:00,0.1748,2026-08-24 01:30:00+00:00,0.173052,-1.3,-127.77,9828.1,SL 🔴,0.4872604883234612,28930.38
ZKUSDT,2026-08-23 13:30:00+00:00,0.00893,2026-08-24 01:30:00+00:00,0.009063950000000001,1.2,115.72,9643.46,TP 🟢,0.8495120361857904,29046.1
IOTAUSDT,2026-08-23 13:00:00+00:00,0.0449,2026-08-24 01:30:00+00:00,0.0447,-0.7454,-72.17,9682.03,Timeout ⏱️,0.8423606821994672,28973.93
INITUSDT,2026-08-23 13:30:00+00:00,0.05534,2026-08-24 02:00:00+00:00,0.05572,0.3867,37.34,9657.98,Timeout ⏱️,0.7539585588746117,29011.27
DIAUSDT,2026-08-23 15:00:00+00:00,0.1363,2026-08-24 01:30:00+00:00,0.13742447500000002,0.525,50.77,9670.42,Trail-Lock 🔒,0.7234592376584378,29062.04
ARKMUSDT,2026-08-23 13:00:00+00:00,0.1097,2026-08-24 01:30:00+00:00,0.1086,-1.3027,-126.2,9687.35,Timeout ⏱️,0.5181545872496722,28935.84
PARTIUSDT,2026-08-23 15:30:00+00:00,0.0237,2026-08-24 04:00:00+00:00,0.024,0.9658,93.16,9645.28,Timeout ⏱️,0.8349311301477205,29029.0
STRAXUSDT,2026-08-23 16:00:00+00:00,0.00938,2026-08-24 04:00:00+00:00,0.0095207,1.2,116.12,9676.33,TP 🟢,0.6756704543682778,29145.12
SFPUSDT,2026-08-23 21:00:00+00:00,0.2743,2026-08-24 05:00:00+00:00,0.271557,-1.3,-126.3,9715.04,SL 🔴,0.6136793207826505,29018.82
SAGAUSDT,2026-08-23 21:00:00+00:00,0.01494,2026-08-24 08:30:00+00:00,0.01520196476223083,1.4534,139.31,9584.73,TP 🟢,0.8312334383078456,29158.13
KITEUSDT,2026-08-24 08:30:00+00:00,0.1166,2026-08-24 09:30:00+00:00,0.118349,1.2,116.63,9719.38,TP 🟢,0.619458479846232,29274.76
MTLUSDT,2026-08-24 08:30:00+00:00,0.232,2026-08-24 09:00:00+00:00,0.233914,0.525,51.23,9758.25,Trail-Lock 🔒,0.48077702772885544,29325.99
SKLUSDT,2026-08-24 10:00:00+00:00,0.0039,2026-08-24 10:30:00+00:00,0.003932175,0.525,51.32,9775.33,Trail-Lock 🔒,0.6850147422242665,29377.31
0GUSDT,2026-08-24 10:00:00+00:00,0.1622,2026-08-24 10:30:00+00:00,0.16353815,0.525,51.41,9792.44,Trail-Lock 🔒,0.5921213209681142,29428.72
DIAUSDT,2026-08-24 09:30:00+00:00,0.1365,2026-08-24 11:30:00+00:00,0.13854750000000002,1.2,117.71,9809.57,TP 🟢,0.5811496216289733,29546.44
STEEMUSDT,2026-08-24 10:00:00+00:00,0.04493,2026-08-24 11:30:00+00:00,0.04560395,1.2,117.71,9809.57,TP 🟢,0.5068768509410149,29664.15
COOKIEUSDT,2026-08-24 11:00:00+00:00,0.0106,2026-08-24 12:00:00+00:00,0.010759,1.2,118.66,9888.05,TP 🟢,0.8079970654358384,29782.81
WUSDT,2026-08-24 11:30:00+00:00,0.00957,2026-08-24 12:00:00+00:00,0.00971355,1.2,119.13,9927.6,TP 🟢,0.7189216808181131,29901.94
ENSUSDT,2026-08-24 11:30:00+00:00,5.78,2026-08-24 12:00:00+00:00,5.827685,0.525,52.33,9967.31,Trail-Lock 🔒,0.7016489673477458,29954.27
ALGOUSDT,2026-08-24 11:30:00+00:00,0.0924,2026-08-24 12:00:00+00:00,0.09316229999999999,0.525,52.42,9984.76,Trail-Lock 🔒,0.6888927196148736,30006.69
ZAMAUSDT,2026-08-24 11:30:00+00:00,0.0601,2026-08-24 12:00:00+00:00,0.06075248954553497,0.7857,78.58,10002.23,Trail-Lock 🔒,0.6790076792831371,30085.27
IMXUSDT,2026-08-24 11:30:00+00:00,0.1292,2026-08-24 12:00:00+00:00,0.13026590000000002,0.525,52.65,10028.42,Trail-Lock 🔒,0.668461939872759,30137.92
LPTUSDT,2026-08-24 11:30:00+00:00,1.403,2026-08-24 12:00:00+00:00,1.41457475,0.525,52.74,10045.97,Trail-Lock 🔒,0.655088066802095,30190.66
API3USDT,2026-08-24 11:30:00+00:00,0.2307,2026-08-24 12:30:00+00:00,0.232603275,0.525,52.83,10063.55,Trail-Lock 🔒,0.631206148724025,30243.5
ADAUSDT,2026-08-24 11:30:00+00:00,0.221,2026-08-24 12:00:00+00:00,0.22282325,0.525,52.93,10081.17,Trail-Lock 🔒,0.6283389858190171,30296.42
RENDERUSDT,2026-08-24 11:30:00+00:00,1.492,2026-08-24 12:00:00+00:00,1.5043090000000001,0.525,53.02,10098.81,Trail-Lock 🔒,0.6223411683816421,30349.44
XLMUSDT,2026-08-24 11:30:00+00:00,0.1971,2026-08-24 12:30:00+00:00,0.2000565,1.2,121.4,10116.48,TP 🟢,0.6126333915664081,30470.84
XECUSDT,2026-08-24 11:30:00+00:00,7.21e-06,2026-08-24 12:30:00+00:00,7.3181499999999996e-06,1.2,121.88,10156.95,TP 🟢,0.6122446253740549,30592.72
IOUSDT,2026-08-24 11:30:00+00:00,0.1425,2026-08-24 12:00:00+00:00,0.14367562499999997,0.525,53.54,10197.57,Trail-Lock 🔒,0.6023863271467738,30646.26
LINKUSDT,2026-08-24 11:30:00+00:00,11.621,2026-08-24 12:30:00+00:00,11.795315,1.2,122.59,10215.42,TP 🟢,0.592994325978869,30768.85
SOLUSDT,2026-08-24 11:30:00+00:00,95.01,2026-08-24 12:30:00+00:00,96.43515000000001,1.2,123.08,10256.28,TP 🟢,0.5896314613986988,30891.92
MAGICUSDT,2026-08-24 11:30:00+00:00,0.0452,2026-08-24 12:30:00+00:00,0.0455729,0.525,54.06,10297.31,Trail-Lock 🔒,0.5852214862673555,30945.98
CHZUSDT,2026-08-24 11:30:00+00:00,0.0145,2026-08-24 12:30:00+00:00,0.014619625,0.525,54.16,10315.33,Trail-Lock 🔒,0.5711752154668116,31000.14
GRTUSDT,2026-08-24 11:30:00+00:00,0.01749,2026-08-24 12:30:00+00:00,0.01775235,1.2,124.0,10333.38,TP 🟢,0.5597584340054895,31124.14
SEIUSDT,2026-08-24 11:30:00+00:00,0.04716,2026-08-24 12:30:00+00:00,0.0478674,1.2,124.5,10374.71,TP 🟢,0.5576561259571042,31248.64
MANAUSDT,2026-08-24 11:30:00+00:00,0.0745,2026-08-24 12:30:00+00:00,0.07561749999999999,1.2,124.99,10416.21,TP 🟢,0.5442830193318321,31373.63
MIRAUSDT,2026-08-24 11:30:00+00:00,0.04184,2026-08-24 12:30:00+00:00,0.04218518,0.525,54.9,10457.88,Trail-Lock 🔒,0.5421010742381388,31428.53
IDUSDT,2026-08-24 11:30:00+00:00,0.0307,2026-08-24 12:30:00+00:00,0.0311605,1.2,125.71,10476.18,TP 🟢,0.5412536941580782,31554.25
ICPUSDT,2026-08-24 11:00:00+00:00,2.411,2026-08-24 12:00:00+00:00,2.447165,1.2,126.22,10518.08,TP 🟢,0.5299900872344673,31680.46
GTCUSDT,2026-08-24 11:00:00+00:00,0.08604,2026-08-24 12:30:00+00:00,0.08733060000000001,1.2,126.72,10560.15,TP 🟢,0.5264928292175086,31807.19
RONINUSDT,2026-08-24 11:30:00+00:00,0.0553,2026-08-24 12:00:00+00:00,0.055756225,0.525,55.66,10602.4,Trail-Lock 🔒,0.5216779943316895,31862.85
ETCUSDT,2026-08-24 11:30:00+00:00,7.8,2026-08-24 12:30:00+00:00,7.917,1.2,127.45,10620.95,TP 🟢,0.5166154386549507,31990.3
SOPHUSDT,2026-08-24 11:30:00+00:00,0.00374,2026-08-24 12:30:00+00:00,0.0037708549999999996,0.525,55.98,10663.43,Trail-Lock 🔒,0.5093215436760624,32046.28
AXLUSDT,2026-08-24 11:30:00+00:00,0.0417,2026-08-24 12:30:00+00:00,0.0423255,1.2,128.19,10682.09,TP 🟢,0.5057155311455992,32174.47
AVAXUSDT,2026-08-24 11:30:00+00:00,7.514,2026-08-24 12:30:00+00:00,7.5759905000000005,0.525,56.31,10724.82,Trail-Lock 🔒,0.49299568485561795,32230.77
ASTRUSDT,2026-08-24 11:30:00+00:00,0.005355,2026-08-24 12:30:00+00:00,0.005399178750000001,0.525,56.4,10743.59,Trail-Lock 🔒,0.48055239527421617,32287.18
ARPAUSDT,2026-08-24 11:30:00+00:00,0.00942,2026-08-24 12:30:00+00:00,0.0095613,1.2,129.15,10762.39,TP 🟢,0.45909005600376457,32416.33
CFXUSDT,2026-08-24 10:00:00+00:00,0.0483,2026-08-24 13:30:00+00:00,0.04777921089014216,-1.3782,-134.96,9792.44,SL 🔴,0.6393682452518485,32281.36
AMPUSDT,2026-08-24 09:30:00+00:00,0.000422,2026-08-24 13:30:00+00:00,0.00041778000000000003,-1.3,-127.52,9809.57,SL 🔴,0.5015701526831806,32153.84
IOTXUSDT,2026-08-24 12:30:00+00:00,0.002811,2026-08-24 13:30:00+00:00,0.002853165,1.2,128.62,10717.95,TP 🟢,0.8493021586039362,32282.45
KAIAUSDT,2026-08-24 12:30:00+00:00,0.031,2026-08-24 13:30:00+00:00,0.031465,1.2,129.13,10760.82,TP 🟢,0.844442759795562,32411.58
BIOUSDT,2026-08-24 12:30:00+00:00,0.02904,2026-08-24 13:30:00+00:00,0.0294756,1.2,129.65,10803.86,TP 🟢,0.8443790648982586,32541.23
XRPUSDT,2026-08-24 12:30:00+00:00,1.4786,2026-08-24 13:30:00+00:00,1.5007789999999999,1.2,130.16,10847.08,TP 🟢,0.8432123390180787,32671.4
BCHUSDT,2026-08-24 12:30:00+00:00,274.4,2026-08-24 13:30:00+00:00,278.51599999999996,1.2,130.69,10890.47,TP 🟢,0.8414337633308444,32802.08
ORDIUSDT,2026-08-24 12:30:00+00:00,4.102,2026-08-24 13:30:00+00:00,4.135841500000001,0.525,57.4,10934.03,Trail-Lock 🔒,0.8394321185088474,32859.48
BANANAUSDT,2026-08-24 12:30:00+00:00,3.935,2026-08-24 13:30:00+00:00,3.9674637500000003,0.525,57.5,10953.16,Trail-Lock 🔒,0.8351468120562947,32916.99
ZECUSDT,2026-08-24 12:30:00+00:00,839.21,2026-08-24 13:30:00+00:00,846.3578168371308,0.5517,60.54,10972.33,Trail-Lock 🔒,0.8163542485009125,32977.53
EGLDUSDT,2026-08-24 12:30:00+00:00,3.574,2026-08-24 13:30:00+00:00,3.62761,1.2,131.91,10992.51,TP 🟢,0.805920103055035,33109.44
SUSDT,2026-08-24 11:30:00+00:00,0.02768,2026-08-24 13:30:00+00:00,0.0280952,1.2,132.44,11036.48,TP 🟢,0.789534913040491,33241.87
ZENUSDT,2026-08-24 12:30:00+00:00,5.549,2026-08-24 13:30:00+00:00,5.460801860686103,-1.8894,-209.36,11080.62,SL 🔴,0.7842087674647701,33032.51
WALUSDT,2026-08-24 11:30:00+00:00,0.0229,2026-08-24 13:30:00+00:00,0.0232435,1.2,132.13,11010.84,TP 🟢,0.7826330059030555,33164.64
DOGEUSDT,2026-08-24 12:30:00+00:00,0.0917,2026-08-24 13:30:00+00:00,0.09068107923406185,-1.4111,-156.0,11054.88,SL 🔴,0.7701877933374057,33008.64
STXUSDT,2026-08-24 11:30:00+00:00,0.2393,2026-08-24 13:30:00+00:00,0.2342637683713204,-2.4046,-264.57,11002.88,SL 🔴,0.7604713598744701,32744.07
MANAUSDT,2026-08-24 12:30:00+00:00,0.0745,2026-08-24 13:30:00+00:00,0.07511462499999999,0.525,57.3,10914.69,Trail-Lock 🔒,0.7534224743683219,32801.37
INITUSDT,2026-08-24 12:30:00+00:00,0.05538,2026-08-24 13:30:00+00:00,0.0548262,-1.3,-142.14,10933.79,SL 🔴,0.7002778693192331,32659.23
GUSDT,2026-08-24 10:00:00+00:00,0.00385,2026-08-24 13:30:00+00:00,0.0038817625,0.525,57.15,10886.41,Trail-Lock 🔒,0.6861306850389628,32716.39
ANKRUSDT,2026-08-24 10:00:00+00:00,0.00397,2026-08-24 13:30:00+00:00,0.0040027525,0.525,57.25,10905.46,Trail-Lock 🔒,0.6744265184514028,32773.64
LAUSDT,2026-08-24 12:30:00+00:00,0.057,2026-08-24 13:00:00+00:00,0.05747025,0.525,57.35,10924.55,Trail-Lock 🔒,0.6680905114274694,32830.99
GLMUSDT,2026-08-24 12:30:00+00:00,0.1099,2026-08-24 13:30:00+00:00,0.108801,-1.3,-142.27,10943.66,SL 🔴,0.6643978540182245,32688.73
PORTALUSDT,2026-08-24 08:30:00+00:00,0.01601,2026-08-24 13:30:00+00:00,0.016678109373789697,3.8731,422.02,10896.24,TP 🟢,0.6588627105614966,33110.75
BLURUSDT,2026-08-24 12:30:00+00:00,0.01643,2026-08-24 13:30:00+00:00,0.01667645,1.2,132.44,11036.92,TP 🟢,0.6558920957783194,33243.19
ZILUSDT,2026-08-24 12:30:00+00:00,0.002753,2026-08-24 13:30:00+00:00,0.00272547,-1.3,-144.05,11081.06,SL 🔴,0.6507197110096722,33099.14
GRTUSDT,2026-08-24 12:30:00+00:00,0.01762,2026-08-24 13:30:00+00:00,0.01738354999756073,-1.6419,-181.16,11033.05,SL 🔴,0.6328811504609941,32917.98
FIDAUSDT,2026-08-24 12:30:00+00:00,0.01909,2026-08-24 13:30:00+00:00,0.0188991,-1.3,-142.64,10972.66,SL 🔴,0.600396110425763,32775.34
HBARUSDT,2026-08-24 12:30:00+00:00,0.08031,2026-08-24 13:30:00+00:00,0.07941656362825747,-1.4125,-154.32,10925.11,SL 🔴,0.593340819030703,32621.02
CYBERUSDT,2026-08-24 12:30:00+00:00,0.348,2026-08-24 13:30:00+00:00,0.3442774561899163,-1.3697,-148.94,10873.67,SL 🔴,0.5923424393758979,32472.08
AIXBTUSDT,2026-08-24 09:30:00+00:00,0.02067,2026-08-24 13:30:00+00:00,0.02098005,1.2,129.89,10824.03,TP 🟢,0.5912797218984734,32601.97
APEUSDT,2026-08-24 11:30:00+00:00,0.1456,2026-08-24 13:30:00+00:00,0.1468012,0.525,57.05,10867.32,Trail-Lock 🔒,0.5836970623918947,32659.02
GMTUSDT,2026-08-24 12:30:00+00:00,0.00737,2026-08-24 13:30:00+00:00,0.0072962999999999995,-1.3,-141.52,10886.34,SL 🔴,0.5809789671841796,32517.5
DOTUSDT,2026-08-24 12:30:00+00:00,0.916,2026-08-24 13:30:00+00:00,0.9060822462528543,-1.3827,-149.88,10839.17,SL 🔴,0.5462158310808192,32367.63
CELOUSDT,2026-08-24 12:30:00+00:00,0.07553,2026-08-24 13:30:00+00:00,0.0747275644783306,-1.3624,-146.99,10789.21,SL 🔴,0.5424157805539542,32220.63
TIAUSDT,2026-08-24 12:30:00+00:00,0.376,2026-08-24 13:30:00+00:00,0.3716409899929585,-1.4593,-156.73,10740.21,SL 🔴,0.5405302711257507,32063.9
XECUSDT,2026-08-24 12:30:00+00:00,7.28e-06,2026-08-24 13:30:00+00:00,7.207199999999999e-06,-1.3,-138.94,10687.97,SL 🔴,0.5235171142500797,31924.96
NEWTUSDT,2026-08-24 12:30:00+00:00,0.04304,2026-08-24 13:30:00+00:00,0.042609600000000004,-1.3,-138.34,10641.65,SL 🔴,0.519755602602651,31786.62
SOLUSDT,2026-08-24 12:30:00+00:00,95.84,2026-08-24 13:30:00+00:00,94.8816,-1.3,-137.74,10595.54,SL 🔴,0.5041806894937481,31648.87
LSKUSDT,2026-08-24 11:00:00+00:00,0.094,2026-08-24 13:30:00+00:00,0.0930451767685848,-1.3158,-138.81,10549.62,SL 🔴,0.4969669159485392,31510.06
HIVEUSDT,2026-08-24 12:30:00+00:00,0.0434,2026-08-24 13:30:00+00:00,0.042966000000000004,-1.3,-136.54,10503.35,SL 🔴,0.4934117445619764,31373.52
MAGICUSDT,2026-08-24 12:30:00+00:00,0.0454,2026-08-24 13:30:00+00:00,0.044946,-1.3,-135.95,10457.84,SL 🔴,0.49045010537176903,31237.57
CVCUSDT,2026-08-24 12:30:00+00:00,0.01997,2026-08-24 13:30:00+00:00,0.0197703,-1.3,-135.36,10412.52,SL 🔴,0.48652098590491,31102.21
ROSEUSDT,2026-08-24 12:30:00+00:00,0.00624,2026-08-24 13:30:00+00:00,0.006174436385691136,-1.3507,-140.03,10367.4,SL 🔴,0.4726623724558166,30962.17
SAGAUSDT,2026-08-24 08:30:00+00:00,0.01504,2026-08-24 14:30:00+00:00,0.015271192649454446,1.2372,135.51,10953.16,TP 🟢,0.8371144176546812,31097.69
LUMIAUSDT,2026-08-24 12:30:00+00:00,0.0891,2026-08-24 14:00:00+00:00,0.0904365,1.2,131.1,10925.11,TP 🟢,0.5971719340810855,31228.79
WLDUSDT,2026-08-24 12:30:00+00:00,0.4008,2026-08-24 14:30:00+00:00,0.4069477818291636,1.2339,134.32,10886.34,TP 🟢,0.5827696203579785,31363.11
WAXPUSDT,2026-08-24 12:30:00+00:00,0.00422,2026-08-24 14:30:00+00:00,0.0042832999999999994,1.2,126.6,10549.62,TP 🟢,0.49866084168385244,31489.71
ZKCUSDT,2026-08-24 12:30:00+00:00,0.0413,2026-08-24 15:00:00+00:00,0.041919500000000005,1.2,131.67,10972.66,TP 🟢,0.6065733962241402,31621.38
BANDUSDT,2026-08-24 11:30:00+00:00,0.1867,2026-08-24 15:00:00+00:00,0.18950050000000002,1.2,131.1,10925.11,TP 🟢,0.5943833782878029,31752.48
REQUSDT,2026-08-24 12:30:00+00:00,0.0557,2026-08-24 15:00:00+00:00,0.0565355,1.2,123.85,10320.72,TP 🟢,0.46915194181921993,31876.33
IOTXUSDT,2026-08-24 14:30:00+00:00,0.00286,2026-08-24 15:30:00+00:00,0.0029029,1.2,127.51,10625.44,TP 🟢,0.4914783872189933,32003.83
KAIAUSDT,2026-08-24 14:30:00+00:00,0.0316,2026-08-24 15:00:00+00:00,0.032074000000000005,1.2,128.02,10667.94,TP 🟢,0.46432893283069876,32131.85
CFXUSDT,2026-08-24 15:00:00+00:00,0.04866,2026-08-24 15:30:00+00:00,0.0493899,1.2,128.53,10710.62,TP 🟢,0.8145754080868024,32260.38
ANKRUSDT,2026-08-24 15:00:00+00:00,0.00402,2026-08-24 15:30:00+00:00,0.0040803,1.2,129.04,10753.46,TP 🟢,0.7841394538716376,32389.42
CGPTUSDT,2026-08-24 15:00:00+00:00,0.02088,2026-08-24 15:30:00+00:00,0.02105226,0.525,56.68,10796.47,Trail-Lock 🔒,0.7400282327757475,32446.1
ALTUSDT,2026-08-24 15:00:00+00:00,0.00643,2026-08-24 15:30:00+00:00,0.00652645,1.2,129.78,10815.37,TP 🟢,0.7105401962016101,32575.88
ALGOUSDT,2026-08-24 15:00:00+00:00,0.093,2026-08-24 15:30:00+00:00,0.09439499999999999,1.2,130.3,10858.63,TP 🟢,0.7069417711014341,32706.19
CTSIUSDT,2026-08-24 15:00:00+00:00,0.02653,2026-08-24 15:30:00+00:00,0.026748872500000003,0.525,57.24,10902.06,Trail-Lock 🔒,0.6673447148572516,32763.42
HYPERUSDT,2026-08-24 15:00:00+00:00,0.0675,2026-08-24 15:30:00+00:00,0.068056875,0.525,57.34,10921.14,Trail-Lock 🔒,0.6289686767941967,32820.76
CVCUSDT,2026-08-24 15:00:00+00:00,0.01994,2026-08-24 15:30:00+00:00,0.020104504999999998,0.525,57.44,10940.25,Trail-Lock 🔒,0.6239118277951422,32878.2
GMTUSDT,2026-08-24 14:30:00+00:00,0.00737,2026-08-24 15:30:00+00:00,0.00748055,1.2,131.51,10959.4,TP 🟢,0.4922635449576618,33009.71
CTKUSDT,2026-08-24 11:30:00+00:00,0.1153,2026-08-24 17:00:00+00:00,0.114147,-1.3,-139.91,10762.39,SL 🔴,0.46323115470460924,32869.8
DIAUSDT,2026-08-24 15:00:00+00:00,0.1376,2026-08-24 17:00:00+00:00,0.13602197503499466,-1.4468,-158.56,10959.4,SL 🔴,0.6085762577721516,32711.23
GLMUSDT,2026-08-24 15:00:00+00:00,0.1109,2026-08-24 17:00:00+00:00,0.10974360560202229,-1.3427,-147.16,10959.4,SL 🔴,0.5818840165429958,32564.08
BREVUSDT,2026-08-24 15:00:00+00:00,0.0729,2026-08-24 17:00:00+00:00,0.07217100000000001,-1.3,-142.47,10959.4,SL 🔴,0.5786123682677287,32421.61
ACTUSDT,2026-08-24 15:00:00+00:00,0.01079,2026-08-24 16:30:00+00:00,0.0108790175,0.525,56.74,10807.2,Trail-Lock 🔒,0.8431035214807922,32478.34
HOTUSDT,2026-08-24 14:30:00+00:00,0.00038,2026-08-24 17:00:00+00:00,0.000383135,0.525,56.84,10826.11,Trail-Lock 🔒,0.8424243722246705,32535.18
MINAUSDT,2026-08-24 14:30:00+00:00,0.0588,2026-08-24 17:00:00+00:00,0.059876775056802604,1.5313,166.06,10845.06,TP 🟢,0.8286922035630453,32701.25
RSRUSDT,2026-08-24 14:30:00+00:00,0.00145,2026-08-24 17:00:00+00:00,0.0014619625,0.525,57.23,10900.42,Trail-Lock 🔒,0.6998656499875063,32758.47
RLCUSDT,2026-08-24 14:30:00+00:00,0.3258,2026-08-24 17:00:00+00:00,0.32848784999999997,0.525,57.33,10919.49,Trail-Lock 🔒,0.6828097258069078,32815.8
AIXBTUSDT,2026-08-24 14:30:00+00:00,0.02119,2026-08-24 17:00:00+00:00,0.0213648175,0.525,57.43,10938.6,Trail-Lock 🔒,0.6725415671623127,32873.23
ORDIUSDT,2026-08-24 14:30:00+00:00,4.156,2026-08-24 17:00:00+00:00,4.221806552613254,1.2834,140.63,10957.74,TP 🟢,0.6328537216424691,33013.86
QKCUSDT,2026-08-24 12:30:00+00:00,0.002145,2026-08-24 20:00:00+00:00,0.0021626962500000003,0.525,57.77,11004.62,Trail-Lock 🔒,0.6423573481308612,33071.64
SIGNUSDT,2026-08-24 19:00:00+00:00,0.00783,2026-08-24 20:00:00+00:00,0.0078945975,0.525,57.88,11023.88,Trail-Lock 🔒,0.566444314737986,33129.51
JASMYUSDT,2026-08-24 16:00:00+00:00,0.00448,2026-08-24 20:30:00+00:00,0.004547809227914674,1.2136,133.55,11004.62,TP 🟢,0.8367772268954611,33263.06
GASUSDT,2026-08-24 14:30:00+00:00,1.235,2026-08-24 21:00:00+00:00,1.253525,1.2,129.78,10815.37,TP 🟢,0.7385176507962821,33392.85
SUSDT,2026-08-24 21:00:00+00:00,0.02823,2026-08-25 00:30:00+00:00,0.02865345,1.2,133.57,11130.95,TP 🟢,0.8418554253536834,33526.42
CUSDT,2026-08-24 15:00:00+00:00,0.0667,2026-08-25 02:30:00+00:00,0.0677005,1.2,130.8,10900.42,TP 🟢,0.7975836870629545,33657.22
METISUSDT,2026-08-25 01:00:00+00:00,2.79,2026-08-25 01:30:00+00:00,2.83185,1.2,134.63,11219.07,TP 🟢,0.7957622939378699,33791.85
ONGUSDT,2026-08-25 03:30:00+00:00,0.08552,2026-08-25 05:30:00+00:00,0.08833309792030383,2.9894,336.72,11263.95,TP 🟢,0.7555465437586764,34128.58
IOTAUSDT,2026-08-25 05:00:00+00:00,0.0466,2026-08-25 06:30:00+00:00,0.0460741903673452,-1.4283,-162.49,11376.19,SL 🔴,0.5425447071643295,33966.09
EIGENUSDT,2026-08-25 05:00:00+00:00,0.2254,2026-08-25 06:30:00+00:00,0.22236719364440563,-1.6455,-187.2,11376.19,SL 🔴,0.49250970505805236,33778.89
TAOUSDT,2026-08-25 05:00:00+00:00,241.2,2026-08-25 06:30:00+00:00,244.81799999999998,1.2,135.12,11259.63,TP 🟢,0.7502287815279879,33914.0
TRBUSDT,2026-08-25 05:30:00+00:00,18.79,2026-08-25 06:00:00+00:00,18.9450175,0.525,59.35,11304.67,Trail-Lock 🔒,0.7066167721818418,33973.35
BLURUSDT,2026-08-25 05:00:00+00:00,0.01683,2026-08-25 06:30:00+00:00,0.01665467478760251,-1.3417,-151.94,11324.45,SL 🔴,0.6518137065767051,33821.41
IMXUSDT,2026-08-25 05:30:00+00:00,0.1336,2026-08-25 06:30:00+00:00,0.13215342919544112,-1.3828,-155.89,11273.8,SL 🔴,0.6164707099444428,33665.52
METISUSDT,2026-08-25 05:30:00+00:00,2.83,2026-08-25 06:30:00+00:00,2.8533475,0.525,58.91,11221.84,Trail-Lock 🔒,0.5591874261690583,33724.43
LINEAUSDT,2026-08-25 05:00:00+00:00,0.002559,2026-08-25 06:30:00+00:00,0.0025334100000000003,-1.3,-146.14,11241.48,SL 🔴,0.49663931665885663,33578.29
SANDUSDT,2026-08-25 04:00:00+00:00,0.04298,2026-08-25 06:30:00+00:00,0.043334584999999995,0.525,58.76,11192.76,Trail-Lock 🔒,0.4662583932070117,33637.06
RAREUSDT,2026-08-25 05:00:00+00:00,0.01261,2026-08-25 07:30:00+00:00,0.0124839,-1.3,-147.89,11376.19,SL 🔴,0.4841910465224059,33489.17
WALUSDT,2026-08-25 05:00:00+00:00,0.0238,2026-08-25 07:30:00+00:00,0.023543097420877863,-1.3794,-156.21,11324.45,SL 🔴,0.6796783301453877,33332.95
ALTUSDT,2026-08-25 05:00:00+00:00,0.0065,2026-08-25 07:30:00+00:00,0.006435,-1.3,-145.88,11221.84,SL 🔴,0.6005922461678782,33187.07
AXLUSDT,2026-08-25 05:00:00+00:00,0.0425,2026-08-25 07:30:00+00:00,0.042075,-1.3,-146.14,11241.48,SL 🔴,0.554093386214091,33040.93
ZKCUSDT,2026-08-25 05:00:00+00:00,0.0416,2026-08-25 07:30:00+00:00,0.041184,-1.3,-146.14,11241.48,SL 🔴,0.550488604472356,32894.79
REQUSDT,2026-08-25 05:30:00+00:00,0.0563,2026-08-25 07:30:00+00:00,0.055737,-1.3,-146.14,11241.48,SL 🔴,0.5444904961952104,32748.65
POWRUSDT,2026-08-25 05:30:00+00:00,0.0449,2026-08-25 07:30:00+00:00,0.044451000000000004,-1.3,-146.14,11241.48,SL 🔴,0.5365245987672727,32602.51
FETUSDT,2026-08-25 05:00:00+00:00,0.1764,2026-08-25 07:30:00+00:00,0.1738182471314879,-1.7636,-198.25,11241.48,SL 🔴,0.5294087160993637,32404.26
SOPHUSDT,2026-08-25 05:00:00+00:00,0.00375,2026-08-25 07:30:00+00:00,0.0037124999999999997,-1.3,-146.14,11241.48,SL 🔴,0.5065875825325217,32258.12
HIVEUSDT,2026-08-25 05:00:00+00:00,0.0435,2026-08-25 07:30:00+00:00,0.043065,-1.3,-145.51,11192.76,SL 🔴,0.4918132170660247,32112.61
FIDAUSDT,2026-08-25 05:00:00+00:00,0.01933,2026-08-25 07:30:00+00:00,0.019125813271961018,-1.3563,-145.18,10704.2,SL 🔴,0.8496453753682489,31967.43
ENSUSDT,2026-08-25 01:00:00+00:00,5.82,2026-08-25 07:30:00+00:00,5.9073,1.2,127.87,10655.81,TP 🟢,0.6640427315759917,32095.3
0GUSDT,2026-08-25 06:30:00+00:00,0.1676,2026-08-25 07:00:00+00:00,0.16898269999999999,0.525,56.17,10698.43,Trail-Lock 🔒,0.584557985602723,32151.47
ASTRUSDT,2026-08-25 05:00:00+00:00,0.00548,2026-08-25 07:30:00+00:00,0.0054252,-1.3,-139.32,10717.16,SL 🔴,0.4851091132237423,32012.15
IMXUSDT,2026-08-25 08:30:00+00:00,0.1339,2026-08-25 09:00:00+00:00,0.135004675,0.525,56.02,10670.72,Trail-Lock 🔒,0.6605741569570427,32068.17
ATUSDT,2026-08-25 08:30:00+00:00,0.1401,2026-08-25 09:00:00+00:00,0.141255825,0.525,56.12,10689.39,Trail-Lock 🔒,0.6532475093131923,32124.29
IDUSDT,2026-08-25 09:00:00+00:00,0.0322,2026-08-25 09:30:00+00:00,0.031856217587332446,-1.3676,-146.45,10708.1,SL 🔴,0.5390894408637279,31977.84
VTHOUSDT,2026-08-25 09:00:00+00:00,0.000381,2026-08-25 11:30:00+00:00,0.000386715,1.2,128.5,10708.1,TP 🟢,0.5704446940169059,32106.33
AVAUSDT,2026-08-25 10:30:00+00:00,0.204,2026-08-25 12:00:00+00:00,0.205683,0.525,56.19,10702.11,Trail-Lock 🔒,0.8479150573778492,32162.52
ZKPUSDT,2026-08-25 03:30:00+00:00,0.0414,2026-08-25 13:00:00+00:00,0.042021,1.2,128.05,10670.72,TP 🟢,0.6118780382188342,32290.57
HOLOUSDT,2026-08-25 07:30:00+00:00,0.0689,2026-08-25 15:00:00+00:00,0.069468425,0.525,56.51,10763.52,Trail-Lock 🔒,0.8375141367225468,32347.08
MOVEUSDT,2026-08-25 14:00:00+00:00,0.0081,2026-08-25 15:00:00+00:00,0.008254844268262066,1.6117,173.77,10782.36,TP 🟢,0.6522784200420354,32520.85
BICOUSDT,2026-08-25 15:00:00+00:00,0.01934,2026-08-25 16:00:00+00:00,0.019673552006925117,1.4247,154.44,10840.28,TP 🟢,0.8318464084348915,32675.29
DEXEUSDT,2026-08-25 10:00:00+00:00,1.893,2026-08-25 16:30:00+00:00,1.921395,1.2,128.65,10720.84,TP 🟢,0.5062222977256936,32803.94
DIAUSDT,2026-08-25 14:00:00+00:00,0.1387,2026-08-25 17:00:00+00:00,0.13700211528273815,-1.5241,-166.01,10891.76,SL 🔴,0.6524667114429639,32637.93
METISUSDT,2026-08-25 16:30:00+00:00,2.77,2026-08-25 17:00:00+00:00,2.7928525,0.525,57.12,10879.31,Trail-Lock 🔒,0.7190155729600036,32695.05
POLUSDT,2026-08-25 16:30:00+00:00,0.1251,2026-08-25 17:00:00+00:00,0.12233423079632973,-2.5108,-273.64,10898.35,SL 🔴,0.5030114180182654,32421.41
HEIUSDT,2026-08-25 14:00:00+00:00,0.1294,2026-08-25 18:00:00+00:00,0.13134099999999999,1.2,129.69,10807.14,TP 🟢,0.6039955475003644,32551.1
HEIUSDT,2026-08-25 18:00:00+00:00,0.1309,2026-08-25 19:00:00+00:00,0.1328635,1.2,130.2,10850.37,TP 🟢,0.8406919979643028,32681.3
MIRAUSDT,2026-08-25 18:00:00+00:00,0.04197,2026-08-25 18:30:00+00:00,0.0423162525,0.525,57.19,10893.77,Trail-Lock 🔒,0.6804252245980423,32738.49
API3USDT,2026-08-25 14:00:00+00:00,0.2317,2026-08-25 20:00:00+00:00,0.228979964481492,-1.4739,-161.17,10934.65,SL 🔴,0.6373992866173869,32577.32
RAREUSDT,2026-08-25 18:00:00+00:00,0.01255,2026-08-25 20:00:00+00:00,0.0124245,-1.3,-141.87,10912.83,SL 🔴,0.5376928984505245,32435.45
ZKUSDT,2026-08-25 17:30:00+00:00,0.00889,2026-08-25 20:00:00+00:00,0.008801100000000001,-1.3,-141.87,10912.83,SL 🔴,0.5253298189419882,32293.59
SIGNUSDT,2026-08-25 18:00:00+00:00,0.00791,2026-08-25 20:30:00+00:00,0.007824871230537503,-1.3762,-150.18,10912.83,SL 🔴,0.4851063224170773,32143.4
RENDERUSDT,2026-08-25 18:00:00+00:00,1.516,2026-08-25 20:30:00+00:00,1.4959993418547892,-1.6193,-176.71,10912.83,SL 🔴,0.6284367763286964,31966.69
SXTUSDT,2026-08-25 17:30:00+00:00,0.008,2026-08-25 20:30:00+00:00,0.00792,-1.3,-139.94,10764.53,SL 🔴,0.7881317476613476,31826.75
SHELLUSDT,2026-08-25 18:00:00+00:00,0.0222,2026-08-25 20:30:00+00:00,0.021975821803867236,-1.3098,-141.0,10764.53,SL 🔴,0.701373071993703,31685.76
WCTUSDT,2026-08-25 19:00:00+00:00,0.03773,2026-08-25 20:30:00+00:00,0.0373527,-1.3,-137.3,10561.92,SL 🔴,0.8492327639685565,31548.45
DEXEUSDT,2026-08-25 16:30:00+00:00,1.891,2026-08-25 20:30:00+00:00,1.87209,-1.3,-136.71,10516.15,SL 🔴,0.8435726943652925,31411.74
KAIAUSDT,2026-08-25 17:00:00+00:00,0.0327,2026-08-25 21:00:00+00:00,0.03221713976921544,-1.7766,-186.02,10470.58,SL 🔴,0.8380940768657414,31225.72
ACTUSDT,2026-08-25 14:00:00+00:00,0.01079,2026-08-25 21:00:00+00:00,0.01065790274877214,-1.5243,-158.65,10408.57,SL 🔴,0.7042460999848836,31067.07
ESPUSDT,2026-08-25 10:30:00+00:00,0.09003,2026-08-25 21:00:00+00:00,0.08897056337652345,-1.4768,-152.93,10355.69,SL 🔴,0.6223301339217968,30914.14
ONEUSDT,2026-08-25 18:00:00+00:00,0.000741,2026-08-25 20:30:00+00:00,0.0007323120001454458,-1.4725,-151.73,10304.71,SL 🔴,0.6078885045066377,30762.4
MAGICUSDT,2026-08-25 21:30:00+00:00,0.0455,2026-08-25 22:00:00+00:00,0.045875375,0.525,53.83,10254.13,Trail-Lock 🔒,0.5461125213527093,30816.24
ASTRUSDT,2026-08-25 22:30:00+00:00,0.005447,2026-08-26 00:30:00+00:00,0.005491937749999999,0.525,53.93,10272.08,Trail-Lock 🔒,0.8461310423228786,30870.17
ADXUSDT,2026-08-25 18:00:00+00:00,0.0639,2026-08-26 02:30:00+00:00,0.0648585,1.2,130.95,10912.83,TP 🟢,0.4969062158760508,31001.12
PROMUSDT,2026-08-26 01:00:00+00:00,4.208,2026-08-26 02:30:00+00:00,4.348911811118609,3.0487,315.04,10333.71,TP 🟢,0.7478660350944082,31316.16
MINAUSDT,2026-08-26 02:00:00+00:00,0.0612,2026-08-26 02:30:00+00:00,0.0617049,0.525,54.8,10438.72,Trail-Lock 🔒,0.7184323622701126,31370.96
BICOUSDT,2026-08-26 01:00:00+00:00,0.01977,2026-08-26 03:00:00+00:00,0.02016676204575763,1.7069,178.49,10456.99,TP 🟢,0.7114802128112596,31549.45
PORTALUSDT,2026-08-26 02:00:00+00:00,0.01475,2026-08-26 02:30:00+00:00,0.01498958245767234,1.3243,139.27,10516.48,TP 🟢,0.4620378258731588,31688.72
GLMRUSDT,2026-08-25 20:00:00+00:00,0.007141,2026-08-26 04:30:00+00:00,0.00727875622644019,1.6291,172.08,10562.91,Trail-Lock 🔒,0.7370128396490075,31860.8
TAOUSDT,2026-08-26 02:00:00+00:00,232.4,2026-08-26 04:30:00+00:00,234.3173,0.525,55.76,10620.27,Trail-Lock 🔒,0.5708636742143327,31916.56
GRTUSDT,2026-08-26 04:00:00+00:00,0.01787,2026-08-26 05:00:00+00:00,0.017687765198667483,-1.3198,-140.41,10638.85,SL 🔴,0.4893325111042379,31776.15
RSRUSDT,2026-08-26 02:00:00+00:00,0.001435,2026-08-26 05:30:00+00:00,0.0014565250000000002,1.2,126.75,10562.91,TP 🟢,0.550997938291175,31902.9
IOTXUSDT,2026-08-26 04:00:00+00:00,0.002859,2026-08-26 05:30:00+00:00,0.002901885,1.2,127.44,10620.27,TP 🟢,0.5856006265145703,32030.34
ONEUSDT,2026-08-26 02:00:00+00:00,0.000746,2026-08-26 06:00:00+00:00,0.00075719,1.2,127.44,10620.27,TP 🟢,0.7284457866323341,32157.79
POWRUSDT,2026-08-26 04:00:00+00:00,0.0458,2026-08-26 06:30:00+00:00,0.046487,1.2,128.63,10719.26,TP 🟢,0.8493784472124642,32286.42
ZAMAUSDT,2026-08-26 05:00:00+00:00,0.05421,2026-08-26 07:00:00+00:00,0.0546572325,0.525,56.5,10762.14,Trail-Lock 🔒,0.6584396987454638,32342.92
MTLUSDT,2026-08-26 02:00:00+00:00,0.225,2026-08-26 07:00:00+00:00,0.228375,1.2,126.75,10562.91,TP 🟢,0.5789400036582051,32469.68
RADUSDT,2026-08-26 05:30:00+00:00,0.235,2026-08-26 07:30:00+00:00,0.23693874999999998,0.525,56.82,10823.23,Trail-Lock 🔒,0.7747677150868715,32526.5
MINAUSDT,2026-08-26 06:30:00+00:00,0.0616,2026-08-26 07:00:00+00:00,0.0621082,0.525,56.92,10842.17,Trail-Lock 🔒,0.6121865914843917,32583.42
ARBUSDT,2026-08-26 02:00:00+00:00,0.093,2026-08-26 09:00:00+00:00,0.09207,-1.3,-138.06,10620.27,SL 🔴,0.6361450336651271,32445.35
OPENUSDT,2026-08-26 05:30:00+00:00,0.1581,2026-08-26 09:30:00+00:00,0.156519,-1.3,-140.15,10780.97,SL 🔴,0.5150766644872407,32305.2
XNOUSDT,2026-08-26 05:30:00+00:00,0.403,2026-08-26 09:00:00+00:00,0.40904500000000005,1.2,129.37,10780.97,TP 🟢,0.5097569572412081,32434.57
ACTUSDT,2026-08-26 05:30:00+00:00,0.011,2026-08-26 09:00:00+00:00,0.010869850517827198,-1.4832,-160.53,10823.23,SL 🔴,0.8463724594083593,32274.05
SENTUSDT,2026-08-26 07:00:00+00:00,0.01251,2026-08-26 09:30:00+00:00,0.0123849,-1.3,-141.19,10861.14,SL 🔴,0.5737013892009077,32132.85
ONGUSDT,2026-08-26 07:30:00+00:00,0.1037,2026-08-26 09:00:00+00:00,0.10776951443265287,3.6243,393.64,10861.14,TP 🟢,0.6803600133699093,32526.49
GASUSDT,2026-08-26 07:30:00+00:00,1.25,2026-08-26 09:00:00+00:00,1.236753600838452,-1.3597,-147.68,10861.14,SL 🔴,0.6493834528864287,32378.81
HEIUSDT,2026-08-26 02:00:00+00:00,0.1303,2026-08-26 09:00:00+00:00,0.1322545,1.2,129.52,10792.94,TP 🟢,0.8396819843799951,32508.33
ROSEUSDT,2026-08-26 07:00:00+00:00,0.00594,2026-08-26 09:00:00+00:00,0.0060291,1.2,130.03,10836.11,TP 🟢,0.6952470708543675,32638.36
SIGNUSDT,2026-08-26 08:30:00+00:00,0.0079,2026-08-26 09:00:00+00:00,0.008018500000000001,1.2,130.55,10879.45,TP 🟢,0.675090763571025,32768.92
WCTUSDT,2026-08-26 07:30:00+00:00,0.03763,2026-08-26 09:30:00+00:00,0.03819445,1.2,131.08,10922.97,TP 🟢,0.6057839238235754,32899.99
NEWTUSDT,2026-08-26 08:30:00+00:00,0.04101,2026-08-26 09:00:00+00:00,0.0413483325,0.525,57.57,10966.66,Trail-Lock 🔒,0.5653445640085996,32957.57
EDUUSDT,2026-08-26 08:30:00+00:00,0.0412,2026-08-26 09:00:00+00:00,0.0415399,0.525,57.68,10985.86,Trail-Lock 🔒,0.5633205282871302,33015.24
BANDUSDT,2026-08-26 08:30:00+00:00,0.1781,2026-08-26 09:00:00+00:00,0.1807715,1.2,132.06,11005.08,TP 🟢,0.5474793618178186,33147.3
OPENUSDT,2026-08-26 08:30:00+00:00,0.1584,2026-08-26 09:30:00+00:00,0.156816,-1.3,-143.64,11049.1,SL 🔴,0.5297915855074669,33003.66
ALTUSDT,2026-08-26 02:00:00+00:00,0.00627,2026-08-26 09:30:00+00:00,0.006207300000000001,-1.3,-138.31,10638.85,SL 🔴,0.5012572516622217,32865.36
MAGICUSDT,2026-08-26 06:30:00+00:00,0.0452,2026-08-26 10:00:00+00:00,0.044747999999999996,-1.3,-141.19,10861.14,SL 🔴,0.5425693470358692,32724.16
STXUSDT,2026-08-26 01:00:00+00:00,0.2633,2026-08-26 10:00:00+00:00,0.2663439958422335,0.8561,93.38,10908.05,Trail-Lock 🔒,0.821172003804554,32817.55
CELRUSDT,2026-08-26 08:30:00+00:00,0.002297,2026-08-26 10:00:00+00:00,0.00227403,-1.3,-142.21,10939.18,SL 🔴,0.7849877366062217,32675.34
AWEUSDT,2026-08-26 04:00:00+00:00,0.06233,2026-08-26 09:30:00+00:00,0.06326495,1.2,130.7,10891.78,TP 🟢,0.6928391329449197,32806.04
KITEUSDT,2026-08-26 09:30:00+00:00,0.1169,2026-08-26 10:00:00+00:00,0.11786442500000001,0.525,57.41,10935.35,Trail-Lock 🔒,0.6209359973675989,32863.45
BANANAUSDT,2026-08-26 05:30:00+00:00,3.889,2026-08-26 10:00:00+00:00,3.947335,1.2,131.45,10954.48,TP 🟢,0.5134428439646272,32994.9
RSRUSDT,2026-08-26 05:30:00+00:00,0.00144,2026-08-26 10:30:00+00:00,0.0014256000000000002,-1.3,-140.87,10836.11,SL 🔴,0.7475315404132001,32854.03
SHELLUSDT,2026-08-26 05:30:00+00:00,0.0224,2026-08-26 10:30:00+00:00,0.022736,1.2,131.6,10966.66,TP 🟢,0.588976905077501,32985.63
SIGNUSDT,2026-08-26 10:00:00+00:00,0.00805,2026-08-26 11:00:00+00:00,0.00817075,1.2,131.94,10995.21,TP 🟢,0.4743847829253054,33117.58
CKBUSDT,2026-08-26 06:30:00+00:00,0.000969,2026-08-26 11:30:00+00:00,0.000983535,1.2,131.45,10954.48,TP 🟢,0.5721655509596083,33249.03
EPICUSDT,2026-08-26 04:00:00+00:00,0.3455,2026-08-26 11:30:00+00:00,0.3419310957603074,-1.333,-146.02,10954.48,SL 🔴,0.5177556441247786,33103.01
PYTHUSDT,2026-08-26 06:30:00+00:00,0.05228,2026-08-26 11:30:00+00:00,0.052724434458251916,0.5501,60.7,11034.34,Trail-Lock 🔒,0.8355887590448314,33163.71
WALUSDT,2026-08-26 02:00:00+00:00,0.0229,2026-08-26 12:30:00+00:00,0.022658470758104732,-1.3547,-143.1,10562.91,SL 🔴,0.849433611445444,33020.61
INITUSDT,2026-08-26 08:30:00+00:00,0.05418,2026-08-26 12:30:00+00:00,0.0536382,-1.3,-143.07,11005.08,SL 🔴,0.558662412855116,32877.55
CTSIUSDT,2026-08-26 05:30:00+00:00,0.02571,2026-08-26 12:00:00+00:00,0.02609565,1.2,131.45,10954.48,TP 🟢,0.5332078746068518,33009.0
ALTUSDT,2026-08-26 10:00:00+00:00,0.00629,2026-08-26 12:30:00+00:00,0.006227099999999999,-1.3,-143.71,11054.57,SL 🔴,0.6445890046494382,32865.29
MASKUSDT,2026-08-26 11:00:00+00:00,0.435,2026-08-26 12:00:00+00:00,0.442077391322035,1.327,145.37,10955.1,TP 🟢,0.8333259682513071,33010.67
MOVEUSDT,2026-08-26 02:00:00+00:00,0.0082,2026-08-26 13:00:00+00:00,0.00834157233363643,1.4265,156.96,11003.56,TP 🟢,0.8309480962385476,33167.63
BANANAUSDT,2026-08-26 10:00:00+00:00,3.901,2026-08-26 13:00:00+00:00,3.9595149999999997,1.2,132.67,11055.88,TP 🟢,0.7471269072477114,33300.3
SFPUSDT,2026-08-26 05:30:00+00:00,0.2616,2026-08-26 13:00:00+00:00,0.2637582,0.525,58.28,11100.1,Trail-Lock 🔒,0.6651683334102281,33358.58
SOPHUSDT,2026-08-26 08:30:00+00:00,0.00358,2026-08-26 14:00:00+00:00,0.0036336999999999997,1.2,131.6,10966.66,TP 🟢,0.5769252062667055,33490.18
AIXBTUSDT,2026-08-26 11:00:00+00:00,0.02088,2026-08-26 13:30:00+00:00,0.02105226,0.525,58.61,11163.39,Trail-Lock 🔒,0.8473790800916587,33548.78
SHELLUSDT,2026-08-26 13:00:00+00:00,0.0227,2026-08-26 13:30:00+00:00,0.023040500000000002,1.2,134.2,11182.93,TP 🟢,0.786588722759973,33682.98
LUMIAUSDT,2026-08-26 05:30:00+00:00,0.0875,2026-08-26 14:30:00+00:00,0.086625,-1.3,-142.41,10954.48,SL 🔴,0.6027830858631447,33540.57
GLMUSDT,2026-08-26 09:30:00+00:00,0.1091,2026-08-26 14:00:00+00:00,0.1107365,1.2,131.98,10998.3,TP 🟢,0.4691160705020693,33672.55
VTHOUSDT,2026-08-26 14:00:00+00:00,0.000374,2026-08-26 14:30:00+00:00,0.00037961,1.2,134.69,11224.18,TP 🟢,0.8450694775377974,33807.24
ESPUSDT,2026-08-26 07:30:00+00:00,0.08868,2026-08-26 14:00:00+00:00,0.0900102,1.2,135.23,11269.08,TP 🟢,0.8422789082747129,33942.47
BREVUSDT,2026-08-26 02:00:00+00:00,0.0701,2026-08-26 14:30:00+00:00,0.070678325,0.525,59.4,11314.16,Trail-Lock 🔒,0.8392259671476102,34001.87
SOPHUSDT,2026-08-26 14:00:00+00:00,0.00359,2026-08-26 14:30:00+00:00,0.0036438499999999997,1.2,136.01,11333.96,TP 🟢,0.7678835613492395,34137.88
SXTUSDT,2026-08-26 04:00:00+00:00,0.0082,2026-08-26 14:30:00+00:00,0.008323,1.2,136.55,11379.29,TP 🟢,0.7501493505098773,34274.43
RONINUSDT,2026-08-26 14:00:00+00:00,0.0555,2026-08-26 14:30:00+00:00,0.054945,-1.3,-148.52,11424.81,SL 🔴,0.5540614066628058,34125.91
IDUSDT,2026-08-26 13:30:00+00:00,0.031,2026-08-26 14:30:00+00:00,0.031465,1.2,136.5,11375.3,TP 🟢,0.5429506622902946,34262.41
GLMUSDT,2026-08-26 13:30:00+00:00,0.11,2026-08-26 14:30:00+00:00,0.11165,1.2,137.05,11420.8,TP 🟢,0.49402786122124026,34399.46
SAGAUSDT,2026-08-26 05:30:00+00:00,0.01488,2026-08-26 16:30:00+00:00,0.01500276,0.525,60.2,11466.49,Trail-Lock 🔒,0.7292506954264614,34459.66
GLMUSDT,2026-08-26 18:30:00+00:00,0.1126,2026-08-26 19:00:00+00:00,0.11352895,0.525,60.3,11486.55,Trail-Lock 🔒,0.6730203752880374,34519.96
ROSEUSDT,2026-08-26 21:30:00+00:00,0.00599,2026-08-27 03:00:00+00:00,0.0060394175,0.525,60.41,11506.65,Trail-Lock 🔒,0.8486029155076191,34580.37
WINUSDT,2026-08-26 21:30:00+00:00,3.419e-05,2026-08-27 00:00:00+00:00,3.3848100000000005e-05,-1.3,-149.85,11526.79,SL 🔴,0.6254003442343967,34430.52
TNSRUSDT,2026-08-26 21:30:00+00:00,0.0341,2026-08-27 03:00:00+00:00,0.034381325,0.525,60.25,11476.84,Trail-Lock 🔒,0.5202624453981699,34490.78
POWRUSDT,2026-08-26 21:30:00+00:00,0.0455,2026-08-27 05:00:00+00:00,0.045045,-1.3,-149.2,11476.84,SL 🔴,0.5404969818048376,34341.58
BREVUSDT,2026-08-26 21:30:00+00:00,0.0704,2026-08-27 08:00:00+00:00,0.071456,1.2,137.96,11496.93,TP 🟢,0.5136134518516386,34479.54
ARPAUSDT,2026-08-26 21:30:00+00:00,0.00942,2026-08-27 04:00:00+00:00,0.0095613,1.2,137.96,11496.93,TP 🟢,0.5094863136455909,34617.5
CUSDT,2026-08-26 21:30:00+00:00,0.0639,2026-08-27 08:00:00+00:00,0.0648585,1.2,137.96,11496.93,TP 🟢,0.48909561164992965,34755.47
TOWNSUSDT,2026-08-27 03:00:00+00:00,0.00243,2026-08-27 06:00:00+00:00,0.0024500474999999996,0.525,60.82,11585.16,Trail-Lock 🔒,0.7553889488587088,34816.29
KAIAUSDT,2026-08-26 21:30:00+00:00,0.0317,2026-08-27 07:30:00+00:00,0.031961525,0.525,60.93,11605.43,Trail-Lock 🔒,0.7465441379584161,34877.22
REQUSDT,2026-08-26 21:30:00+00:00,0.059,2026-08-27 07:00:00+00:00,0.058253042244558274,-1.566,-182.06,11625.74,SL 🔴,0.6213672860725592,34695.16
ADXUSDT,2026-08-26 21:30:00+00:00,0.0655,2026-08-27 10:00:00+00:00,0.0664825,1.2,138.78,11565.05,TP 🟢,0.596435683704237,34833.94
ALPINEUSDT,2026-08-26 21:30:00+00:00,0.352,2026-08-27 10:00:00+00:00,0.351,-0.5841,-67.82,11611.31,Timeout ⏱️,0.5792162305800738,34766.12
MINAUSDT,2026-08-27 03:00:00+00:00,0.0622,2026-08-27 04:00:00+00:00,0.061578,-1.3,-150.65,11588.71,SL 🔴,0.5436044403977924,34615.46
WUSDT,2026-08-26 21:30:00+00:00,0.00938,2026-08-27 07:00:00+00:00,0.009457385,0.525,60.58,11538.49,Trail-Lock 🔒,0.5422752255461223,34676.04
RVNUSDT,2026-08-27 14:00:00+00:00,0.0033,2026-08-27 20:00:00+00:00,0.0033495,1.2,138.7,11558.68,TP 🟢,0.664811039796338,34814.74
MEGAUSDT,2026-08-27 14:00:00+00:00,0.03934,2026-08-27 18:00:00+00:00,0.0389466,-1.3,-150.86,11604.91,SL 🔴,0.585287223023143,34663.88
PORTALUSDT,2026-08-27 14:00:00+00:00,0.0159,2026-08-27 15:00:00+00:00,0.016041224820578837,0.5882,67.97,11554.63,Trail-Lock 🔒,0.5545092715094803,34731.84
HBARUSDT,2026-08-27 14:00:00+00:00,0.07861,2026-08-27 22:00:00+00:00,0.0792585325,0.525,60.78,11577.28,Trail-Lock 🔒,0.511223746942876,34792.63
XAIUSDT,2026-08-27 14:00:00+00:00,0.00748,2026-08-28 02:00:00+00:00,0.0074052,-1.3,-150.21,11554.63,SL 🔴,0.5625215483353967,34642.42
EGLDUSDT,2026-08-27 14:00:00+00:00,3.41,2026-08-28 02:30:00+00:00,3.46115,1.2,138.57,11547.47,TP 🟢,0.8207825169613685,34780.99
XRPUSDT,2026-08-27 14:00:00+00:00,1.4346,2026-08-28 02:00:00+00:00,1.44643545,0.525,60.87,11593.66,Trail-Lock 🔒,0.784303253242042,34841.85
NEWTUSDT,2026-08-27 23:30:00+00:00,0.04196,2026-08-28 02:30:00+00:00,0.0415404,-1.3,-150.98,11613.95,SL 🔴,0.5412896546416145,34690.87
BATUSDT,2026-08-28 10:30:00+00:00,0.0686,2026-08-28 16:00:00+00:00,0.06791399999999999,-1.3,-150.33,11563.62,SL 🔴,0.8412514328284451,34540.54
EGLDUSDT,2026-08-28 10:30:00+00:00,3.414,2026-08-28 14:00:00+00:00,3.4652100000000003,1.2,138.16,11513.51,TP 🟢,0.6996046565325734,34678.71
FETUSDT,2026-08-28 10:30:00+00:00,0.1612,2026-08-28 11:00:00+00:00,0.163618,1.2,138.71,11559.57,TP 🟢,0.675025480003034,34817.42
METISUSDT,2026-08-28 10:30:00+00:00,2.81,2026-08-28 14:00:00+00:00,2.7819000000000003,-1.3,-150.88,11605.81,SL 🔴,0.6214083360548515,34666.54
MASKUSDT,2026-08-28 10:30:00+00:00,0.431,2026-08-28 13:30:00+00:00,0.437465,1.2,138.67,11555.51,TP 🟢,0.5939358301102032,34805.21
MEGAUSDT,2026-08-28 10:30:00+00:00,0.0384,2026-08-28 13:30:00+00:00,0.038716799999999996,0.525,60.91,11601.74,Trail-Lock 🔒,0.592582183278168,34866.12
ARKUSDT,2026-08-28 10:30:00+00:00,0.1105,2026-08-28 14:00:00+00:00,0.109395,-1.3,-151.09,11622.04,SL 🔴,0.5757622029435773,34715.03
ARKMUSDT,2026-08-28 10:30:00+00:00,0.1129,2026-08-28 13:00:00+00:00,0.113831425,0.525,60.75,11571.68,Trail-Lock 🔒,0.559279592438344,34775.78
ERAUSDT,2026-08-28 10:30:00+00:00,0.0566,2026-08-28 14:00:00+00:00,0.056034,-1.3,-150.7,11591.93,SL 🔴,0.5477032331066607,34625.09
ALTUSDT,2026-08-28 10:30:00+00:00,0.00636,2026-08-28 14:00:00+00:00,0.006296400000000001,-1.3,-150.04,11541.7,SL 🔴,0.5305586213213149,34475.05
SAHARAUSDT,2026-08-28 10:30:00+00:00,0.0084,2026-08-28 13:00:00+00:00,0.008469299999999999,0.525,60.33,11491.68,Trail-Lock 🔒,0.5271379014240453,34535.38
GTCUSDT,2026-08-28 10:30:00+00:00,0.08721,2026-08-28 14:00:00+00:00,0.08792948249999999,0.525,60.44,11511.79,Trail-Lock 🔒,0.5250016693304638,34595.82
IOTXUSDT,2026-08-28 10:30:00+00:00,0.002898,2026-08-28 14:00:00+00:00,0.00286902,-1.3,-149.92,11531.94,SL 🔴,0.48081830106063556,34445.9
DGBUSDT,2026-08-28 21:00:00+00:00,0.00483,2026-08-28 21:30:00+00:00,0.00491163644880108,1.3902,159.62,11481.97,TP 🟢,0.4770576222834028,34605.52
MOVEUSDT,2026-08-29 02:30:00+00:00,0.0091,2026-08-29 07:30:00+00:00,0.009273379275799522,1.6053,185.17,11535.17,TP 🟢,0.8263851210123261,34790.69
KSMUSDT,2026-08-29 02:30:00+00:00,3.51,2026-08-29 04:30:00+00:00,3.5389574999999995,0.525,60.88,11596.9,Trail-Lock 🔒,0.6429179143670279,34851.58
CUSDT,2026-08-29 02:30:00+00:00,0.0631,2026-08-29 03:30:00+00:00,0.0640465,1.2,139.41,11617.19,TP 🟢,0.5643728868251305,34990.98
WCTUSDT,2026-08-29 02:30:00+00:00,0.03775,2026-08-29 06:00:00+00:00,0.037372499999999996,-1.3,-151.63,11663.66,SL 🔴,0.5384330177951012,34839.36
MAGICUSDT,2026-08-29 09:30:00+00:00,0.0457,2026-08-29 10:00:00+00:00,0.046385499999999996,1.2,139.36,11613.12,TP 🟢,0.8368359766916993,34978.71
XAIUSDT,2026-08-29 09:30:00+00:00,0.00749,2026-08-29 10:00:00+00:00,0.0075517925,0.525,61.21,11659.57,Trail-Lock 🔒,0.6792316077205557,35039.93
MASKUSDT,2026-08-29 02:30:00+00:00,0.438,2026-08-29 10:00:00+00:00,0.4416135,0.525,61.32,11679.98,Trail-Lock 🔒,0.6473122397066222,35101.25
CGPTUSDT,2026-08-29 02:30:00+00:00,0.02001,2026-08-29 15:00:00+00:00,0.02,-0.35,-40.64,11613.12,Timeout ⏱️,0.49233693547926227,35060.6
CTKUSDT,2026-08-29 02:30:00+00:00,0.117,2026-08-29 15:00:00+00:00,0.1181,0.6402,74.34,11613.12,Timeout ⏱️,0.4814214169478094,35134.95
ZROUSDT,2026-08-29 14:30:00+00:00,1.082,2026-08-29 19:00:00+00:00,1.09823,1.2,140.54,11711.65,TP 🟢,0.5412364410657828,35275.49
WLDUSDT,2026-08-29 14:30:00+00:00,0.3754,2026-08-29 23:30:00+00:00,0.381031,1.2,140.54,11711.65,TP 🟢,0.6310394421198725,35416.03
XECUSDT,2026-08-29 14:30:00+00:00,6.91e-06,2026-08-30 01:00:00+00:00,6.8409e-06,-1.3,-152.25,11711.65,SL 🔴,0.5739370696831061,35263.77
GRTUSDT,2026-08-29 14:30:00+00:00,0.0166,2026-08-30 01:00:00+00:00,0.016434,-1.3,-152.25,11711.65,SL 🔴,0.5157945976978807,35111.52
OPUSDT,2026-08-29 18:00:00+00:00,0.0893,2026-08-30 01:00:00+00:00,0.088407,-1.3,-152.86,11758.5,SL 🔴,0.4656376382830975,34958.66
VIRTUALUSDT,2026-08-29 18:00:00+00:00,0.695,2026-08-30 01:00:00+00:00,0.6880499999999999,-1.3,-152.86,11758.5,SL 🔴,0.4737641357519925,34805.8
PHAUSDT,2026-08-29 23:00:00+00:00,0.025,2026-08-30 01:00:00+00:00,0.025206250000000003,0.525,60.91,11601.93,Trail-Lock 🔒,0.5640877038876855,34866.71
ZROUSDT,2026-08-29 23:00:00+00:00,1.099,2026-08-30 01:00:00+00:00,1.08801,-1.3,-151.09,11622.24,SL 🔴,0.5225493457909683,34715.62
EIGENUSDT,2026-08-29 14:30:00+00:00,0.1938,2026-08-30 03:00:00+00:00,0.1947,0.1644,19.25,11711.65,Timeout ⏱️,0.7324605650504735,34734.88
PUNDIXUSDT,2026-08-29 14:30:00+00:00,0.0916,2026-08-30 03:00:00+00:00,0.0918,-0.0817,-9.56,11711.65,Timeout ⏱️,0.5311008723387,34725.31
SIGNUSDT,2026-08-29 18:00:00+00:00,0.00836,2026-08-30 03:00:00+00:00,0.008485399999999999,1.2,141.1,11758.5,TP 🟢,0.5621392863869347,34866.41
HYPERUSDT,2026-08-29 18:00:00+00:00,0.0637,2026-08-30 06:30:00+00:00,0.0641,0.3279,38.56,11758.5,Timeout ⏱️,0.4883253765103204,34904.98
ORDIUSDT,2026-08-29 14:30:00+00:00,3.999,2026-08-30 03:00:00+00:00,4.033,0.5502,64.7,11758.5,Timeout ⏱️,0.6507696736222846,34969.67
ICPUSDT,2026-08-29 14:30:00+00:00,2.467,2026-08-30 03:00:00+00:00,2.458,-0.6648,-77.13,11601.93,Timeout ⏱️,0.8479778630163616,34892.54
BICOUSDT,2026-08-30 01:00:00+00:00,0.02289,2026-08-30 01:30:00+00:00,0.023105264517110136,0.6404,74.49,11630.85,Trail-Lock 🔒,0.5783123296793381,34967.03
HOLOUSDT,2026-08-29 23:00:00+00:00,0.0658,2026-08-30 08:00:00+00:00,0.066787,1.2,139.47,11622.24,TP 🟢,0.5583152054031099,35106.5
JASMYUSDT,2026-08-30 07:00:00+00:00,0.00461,2026-08-30 07:30:00+00:00,0.00467915,1.2,140.43,11702.17,TP 🟢,0.7735548812132504,35246.92
SCRTUSDT,2026-08-30 12:30:00+00:00,0.0108,2026-08-30 14:00:00+00:00,0.011046664897836195,1.9839,233.09,11748.97,TP 🟢,0.8166671048904319,35480.01
APTUSDT,2026-08-30 12:30:00+00:00,0.542,2026-08-30 16:30:00+00:00,0.5464715,0.525,62.09,11826.67,Trail-Lock 🔒,0.5877659933139119,35542.1
TAOUSDT,2026-08-30 12:30:00+00:00,237.8,2026-08-30 15:00:00+00:00,235.42200000000003,-1.3,-154.02,11847.37,SL 🔴,0.568634899168998,35388.09
SAPIENUSDT,2026-08-30 17:00:00+00:00,0.0821,2026-08-30 21:00:00+00:00,0.081279,-1.3,-153.35,11796.03,SL 🔴,0.8445692935432736,35234.74
SUIUSDT,2026-08-30 12:30:00+00:00,0.7396,2026-08-30 22:00:00+00:00,0.7457017,0.525,61.66,11744.91,Trail-Lock 🔒,0.6671946169796328,35296.4
HEIUSDT,2026-08-30 22:00:00+00:00,0.1402,2026-08-30 23:00:00+00:00,0.13826705606868797,-1.6787,-197.51,11765.47,SL 🔴,0.8405976085629947,35098.89
PYTHUSDT,2026-08-30 12:30:00+00:00,0.04742,2026-08-30 23:00:00+00:00,0.048131299999999995,1.2,140.4,11699.63,TP 🟢,0.6624890376436604,35239.29
ENSUSDT,2026-08-30 12:30:00+00:00,5.58,2026-08-30 23:30:00+00:00,5.5242,-1.3,-152.7,11746.43,SL 🔴,0.5803951824755371,35086.58
WALUSDT,2026-08-31 07:00:00+00:00,0.0238,2026-08-31 10:30:00+00:00,0.024157,1.2,140.35,11695.53,TP 🟢,0.8507929631069656,35226.93
GMTUSDT,2026-08-31 06:30:00+00:00,0.00705,2026-08-31 13:30:00+00:00,0.0071081625,0.525,61.65,11742.31,Trail-Lock 🔒,0.620675990967114,35288.58
SAPIENUSDT,2026-08-31 07:00:00+00:00,0.0816,2026-08-31 10:00:00+00:00,0.0822732,0.525,61.76,11762.86,Trail-Lock 🔒,0.6174317629077837,35350.33
VANAUSDT,2026-08-31 07:00:00+00:00,0.904,2026-08-31 12:30:00+00:00,0.89496,-1.3,-153.18,11783.44,SL 🔴,0.6129561727116645,35197.15
WCTUSDT,2026-08-31 07:00:00+00:00,0.03807,2026-08-31 11:30:00+00:00,0.03759042250631827,-1.5597,-182.99,11732.38,SL 🔴,0.5652605891509394,35014.16
TRBUSDT,2026-08-31 07:00:00+00:00,17.0,2026-08-31 08:00:00+00:00,17.255,1.2,140.06,11671.39,TP 🟢,0.5575068745229613,35154.21
TAOUSDT,2026-08-31 07:00:00+00:00,229.2,2026-08-31 13:30:00+00:00,226.88853136802405,-1.3085,-153.33,11718.07,SL 🔴,0.4703767220224624,35000.88
ENSOUSDT,2026-08-31 06:30:00+00:00,0.881,2026-08-31 15:30:00+00:00,0.894215,1.2,140.0,11666.96,TP 🟢,0.8411739388645694,35140.89
AMPUSDT,2026-08-31 14:30:00+00:00,0.000437,2026-08-31 16:00:00+00:00,0.00044060525,0.525,61.5,11713.63,Trail-Lock 🔒,0.648415897314395,35202.38
NEARUSDT,2026-08-31 14:30:00+00:00,1.868,2026-08-31 15:00:00+00:00,1.8834110000000002,0.525,61.6,11734.13,Trail-Lock 🔒,0.6362605232112409,35263.99
CFXUSDT,2026-08-31 14:30:00+00:00,0.04479,2026-08-31 15:00:00+00:00,0.0451595175,0.525,61.71,11754.66,Trail-Lock 🔒,0.6069275519963595,35325.7
XNOUSDT,2026-08-31 14:30:00+00:00,0.392,2026-08-31 22:00:00+00:00,0.38798527912785075,-1.3242,-155.92,11775.23,SL 🔴,0.8503622737717563,35169.77
KSMUSDT,2026-08-31 20:30:00+00:00,3.56,2026-08-31 21:00:00+00:00,3.58937,0.525,61.55,11723.26,Trail-Lock 🔒,0.5791361076728367,35231.32
MIRAUSDT,2026-09-01 00:00:00+00:00,0.04581,2026-09-01 03:30:00+00:00,0.04629687855927823,0.7628,89.58,11743.77,Trail-Lock 🔒,0.8265414494121163,35320.91
THETAUSDT,2026-09-01 00:00:00+00:00,0.1694,2026-09-01 02:00:00+00:00,0.167706,-1.3,-153.06,11773.64,SL 🔴,0.5155513070923008,35167.85
ALPINEUSDT,2026-09-01 00:00:00+00:00,0.351,2026-09-01 02:30:00+00:00,0.356265,1.2,140.67,11722.62,TP 🟢,0.5106960953195737,35308.52
FILUSDT,2026-09-01 00:00:00+00:00,0.6814,2026-09-01 03:00:00+00:00,0.68702155,0.525,61.79,11769.51,Trail-Lock 🔒,0.48498295688655524,35370.31
ICPUSDT,2026-09-01 00:00:00+00:00,2.412,2026-09-01 05:00:00+00:00,2.431899,0.525,61.9,11790.1,Trail-Lock 🔒,0.47913980366134645,35432.21
SAHARAUSDT,2026-09-01 00:00:00+00:00,0.00842,2026-09-01 08:00:00+00:00,0.0083358,-1.3,-153.06,11773.64,SL 🔴,0.6244495729355779,35279.15
TAOUSDT,2026-09-01 00:00:00+00:00,230.8,2026-09-01 07:30:00+00:00,228.49200000000002,-1.3,-153.06,11773.64,SL 🔴,0.5367020661895407,35126.09
PARTIUSDT,2026-09-01 00:00:00+00:00,0.024,2026-09-01 06:00:00+00:00,0.02376,-1.3,-153.0,11769.51,SL 🔴,0.4854363286304685,34973.09
MOVRUSDT,2026-09-01 05:00:00+00:00,0.804,2026-09-01 08:00:00+00:00,0.81606,1.2,139.89,11657.7,TP 🟢,0.8497101279024938,35112.98
BMTUSDT,2026-09-01 05:00:00+00:00,0.02013,2026-09-01 08:00:00+00:00,0.020431949999999997,1.2,140.45,11704.33,TP 🟢,0.8462371455097741,35253.43
SOMIUSDT,2026-09-01 05:00:00+00:00,0.1203,2026-09-01 08:00:00+00:00,0.12180161400712768,0.9482,111.43,11751.14,Trail-Lock 🔒,0.8153695622918143,35364.86
RENDERUSDT,2026-09-01 00:00:00+00:00,1.425,2026-09-01 09:00:00+00:00,1.43675625,0.525,61.89,11788.29,Trail-Lock 🔒,0.7014182825207286,35426.75
QTUMUSDT,2026-09-01 00:00:00+00:00,0.812,2026-09-01 09:30:00+00:00,0.8186990000000001,0.525,62.0,11808.92,Trail-Lock 🔒,0.6809667457711217,35488.75
FETUSDT,2026-09-01 00:00:00+00:00,0.1533,2026-09-01 08:00:00+00:00,0.1555995,1.2,141.95,11829.58,TP 🟢,0.6770172371468892,35630.7
MEGAUSDT,2026-09-01 00:00:00+00:00,0.03794,2026-09-01 10:00:00+00:00,0.03825300500000001,0.525,62.35,11876.9,Trail-Lock 🔒,0.6453620507903649,35693.06
GRTUSDT,2026-09-01 00:00:00+00:00,0.01635,2026-09-01 08:00:00+00:00,0.0161865,-1.3,-154.67,11897.69,SL 🔴,0.5885034732965928,35538.39
PHAUSDT,2026-09-01 00:00:00+00:00,0.0249,2026-09-01 08:00:00+00:00,0.024651,-1.3,-154.0,11846.13,SL 🔴,0.5671569579440275,35384.39
TRBUSDT,2026-09-01 05:00:00+00:00,16.96,2026-09-01 08:00:00+00:00,16.7904,-1.3,-153.33,11794.8,SL 🔴,0.5532980481952463,35231.05
BREVUSDT,2026-09-01 00:00:00+00:00,0.0744,2026-09-01 08:00:00+00:00,0.075516,1.2,140.92,11743.68,TP 🟢,0.536621980122967,35371.98
ENJUSDT,2026-09-01 00:00:00+00:00,0.02454,2026-09-01 08:00:00+00:00,0.024742455,0.525,61.9,11790.66,Trail-Lock 🔒,0.5026781273000107,35433.88
VIRTUALUSDT,2026-09-01 05:00:00+00:00,0.7022,2026-09-01 08:00:00+00:00,0.7079931500000001,0.525,62.01,11811.29,Trail-Lock 🔒,0.4960255099453274,35495.89
BCHUSDT,2026-09-01 05:00:00+00:00,248.4,2026-09-01 08:00:00+00:00,245.916,-1.3,-153.82,11831.96,SL 🔴,0.4705514158259503,35342.07
SSVUSDT,2026-09-01 05:00:00+00:00,2.787,2026-09-01 08:00:00+00:00,2.75913,-1.3,-153.15,11780.69,SL 🔴,0.46664406150435084,35188.92
SEIUSDT,2026-09-01 00:00:00+00:00,0.04451,2026-09-01 10:00:00+00:00,0.0448772075,0.525,61.58,11729.64,Trail-Lock 🔒,0.4509387344284399,35250.5
ALTUSDT,2026-09-01 00:00:00+00:00,0.00611,2026-09-01 12:30:00+00:00,0.0061,-0.4637,-54.69,11794.8,Timeout ⏱️,0.5652561778543845,35195.82
FLUXUSDT,2026-09-01 00:00:00+00:00,0.0491,2026-09-01 11:30:00+00:00,0.048609,-1.3,-152.52,11731.94,SL 🔴,0.7617894041591355,35043.3
STEEMUSDT,2026-09-01 10:00:00+00:00,0.04305,2026-09-01 13:00:00+00:00,0.0434051625,0.525,61.33,11681.1,Trail-Lock 🔒,0.6749097210129706,35104.63
KSMUSDT,2026-09-01 14:30:00+00:00,3.63,2026-09-01 16:30:00+00:00,3.6599475,0.525,61.43,11701.54,Trail-Lock 🔒,0.8183979074614844,35166.06
STXUSDT,2026-09-01 14:30:00+00:00,0.2573,2026-09-01 18:00:00+00:00,0.25942272499999997,0.525,61.54,11722.02,Trail-Lock 🔒,0.7956393002078728,35227.6
SIGNUSDT,2026-09-01 10:00:00+00:00,0.00874,2026-09-01 18:30:00+00:00,0.0088711,1.2,140.91,11742.53,TP 🟢,0.8007914907047011,35368.51
METISUSDT,2026-09-01 14:30:00+00:00,2.67,2026-09-01 22:30:00+00:00,2.6920275,0.525,61.89,11789.5,Trail-Lock 🔒,0.7313501662725961,35430.41
RIFUSDT,2026-09-01 20:30:00+00:00,0.0717,2026-09-01 22:00:00+00:00,0.072291525,0.525,62.0,11810.14,Trail-Lock 🔒,0.5427875181533105,35492.41
ESPUSDT,2026-09-01 23:00:00+00:00,0.08116,2026-09-02 09:00:00+00:00,0.08182956999999999,0.525,62.11,11830.8,Trail-Lock 🔒,0.8488272148354046,35554.52
LSKUSDT,2026-09-02 05:30:00+00:00,0.101,2026-09-02 07:30:00+00:00,0.10183325000000001,0.525,62.22,11851.51,Trail-Lock 🔒,0.8447686348247077,35616.74
MINAUSDT,2026-09-02 05:30:00+00:00,0.0707,2026-09-02 10:00:00+00:00,0.0717605,1.2,142.47,11872.25,TP 🟢,0.6159596401348816,35759.21
AMPUSDT,2026-09-02 05:30:00+00:00,0.00045,2026-09-02 06:00:00+00:00,0.00045371249999999995,0.525,62.58,11919.74,Trail-Lock 🔒,0.5473732123663997,35821.79
DIAUSDT,2026-09-02 05:30:00+00:00,0.1326,2026-09-02 10:30:00+00:00,0.131274,-1.3,-155.23,11940.6,SL 🔴,0.5420283895662565,35666.56
MIRAUSDT,2026-09-02 11:00:00+00:00,0.04606,2026-09-02 11:30:00+00:00,0.04694246709913469,1.6159,192.11,11888.85,TP 🟢,0.8262864402917786,35858.67
ACTUSDT,2026-09-02 14:30:00+00:00,0.01008,2026-09-02 15:00:00+00:00,0.010231200000000001,1.2,143.43,11952.89,TP 🟢,0.7852458151664854,36002.11
MOVEUSDT,2026-09-02 14:30:00+00:00,0.0085,2026-09-02 15:00:00+00:00,0.008570125,0.525,63.0,12000.7,Trail-Lock 🔒,0.6567623566364805,36065.11
PARTIUSDT,2026-09-02 18:00:00+00:00,0.024,2026-09-02 18:30:00+00:00,0.024198,0.525,63.11,12021.7,Trail-Lock 🔒,0.6790034228862611,36128.22
MINAUSDT,2026-09-02 18:00:00+00:00,0.0712,2026-09-02 18:30:00+00:00,0.072268,1.2,144.51,12042.74,TP 🟢,0.6421172737911762,36272.74
DEXEUSDT,2026-09-02 18:00:00+00:00,1.93,2026-09-02 21:30:00+00:00,1.9103331433996893,-1.319,-158.57,12021.7,SL 🔴,0.8507045523578504,36114.17
BIOUSDT,2026-09-02 18:00:00+00:00,0.02542,2026-09-02 21:30:00+00:00,0.025165800000000002,-1.3,-157.18,12090.91,SL 🔴,0.5564800954862364,35956.99
BMTUSDT,2026-09-02 14:30:00+00:00,0.01941,2026-09-02 22:30:00+00:00,0.019172759641649998,-1.5223,-182.45,11985.66,SL 🔴,0.7493901548878872,35774.53
ARUSDT,2026-09-02 18:00:00+00:00,2.257,2026-09-02 23:00:00+00:00,2.2756202500000002,0.525,62.61,11924.84,Trail-Lock 🔒,0.6406801699943475,35837.14
RONINUSDT,2026-09-02 21:00:00+00:00,0.0504,2026-09-02 22:00:00+00:00,0.049896,-1.3,-155.29,11945.71,SL 🔴,0.5645495675163006,35681.85
AWEUSDT,2026-09-02 11:00:00+00:00,0.06141,2026-09-02 23:30:00+00:00,0.06151,-0.1372,-16.39,11952.89,Timeout ⏱️,0.7894314035781637,35665.45
ERAUSDT,2026-09-02 11:00:00+00:00,0.0584,2026-09-02 23:30:00+00:00,0.0587,0.2137,25.69,12021.7,Timeout ⏱️,0.4704560848804966,35691.14
DASHUSDT,2026-09-02 21:00:00+00:00,42.33,2026-09-03 00:00:00+00:00,42.6792225,0.525,62.46,11897.05,Trail-Lock 🔒,0.82573795158307,35753.6
SAPIENUSDT,2026-09-02 23:00:00+00:00,0.0773,2026-09-03 05:00:00+00:00,0.07845949999999999,1.2,143.01,11917.87,TP 🟢,0.46910032370878696,35896.62
THETAUSDT,2026-09-03 01:00:00+00:00,0.1682,2026-09-03 02:30:00+00:00,0.16958764999999998,0.525,62.82,11965.54,Trail-Lock 🔒,0.6375703194927667,35959.43
LPTUSDT,2026-09-03 01:00:00+00:00,1.322,2026-09-03 02:30:00+00:00,1.3329065,0.525,62.93,11986.48,Trail-Lock 🔒,0.5687721266384149,36022.36
ETCUSDT,2026-09-03 01:00:00+00:00,7.29,2026-09-03 05:00:00+00:00,7.3501425000000005,0.525,63.04,12007.45,Trail-Lock 🔒,0.5668264022773706,36085.4
FETUSDT,2026-09-03 01:00:00+00:00,0.1525,2026-09-03 02:30:00+00:00,0.1547875,1.2,144.34,12028.47,TP 🟢,0.5591868407797059,36229.74
VIRTUALUSDT,2026-09-03 01:00:00+00:00,0.6772,2026-09-03 02:30:00+00:00,0.6827869,0.525,63.4,12076.58,Trail-Lock 🔒,0.5327379834081385,36293.15
NEARUSDT,2026-09-03 01:00:00+00:00,1.871,2026-09-03 02:30:00+00:00,1.899065,1.2,145.17,12097.72,TP 🟢,0.531536565286151,36438.32
DUSKUSDT,2026-09-03 01:00:00+00:00,0.0666,2026-09-03 04:00:00+00:00,0.06714945,0.525,63.77,12146.11,Trail-Lock 🔒,0.5234358820457302,36502.09
SOLUSDT,2026-09-03 01:00:00+00:00,99.86,2026-09-03 05:00:00+00:00,100.683845,0.525,63.88,12167.36,Trail-Lock 🔒,0.4977491533231931,36565.96
IMXUSDT,2026-09-03 01:00:00+00:00,0.1237,2026-09-03 05:00:00+00:00,0.12472052500000001,0.525,63.99,12188.65,Trail-Lock 🔒,0.49727537110737174,36629.95
TOWNSUSDT,2026-09-03 01:00:00+00:00,0.00248,2026-09-03 02:30:00+00:00,0.00250046,0.525,64.1,12209.98,Trail-Lock 🔒,0.484030699227306,36694.06
FIDAUSDT,2026-09-03 01:00:00+00:00,0.01846,2026-09-03 04:30:00+00:00,0.018612295,0.525,64.21,12231.35,Trail-Lock 🔒,0.47837355789008845,36758.27
ENJUSDT,2026-09-03 01:00:00+00:00,0.0249,2026-09-03 04:00:00+00:00,0.025105424999999997,0.525,64.33,12252.76,Trail-Lock 🔒,0.4585457579115114,36822.6
FILUSDT,2026-09-03 01:00:00+00:00,0.798,2026-09-03 08:00:00+00:00,0.7851086971076789,-1.9155,-235.11,12274.2,SL 🔴,0.8342116788236792,36587.49
STXUSDT,2026-09-03 01:00:00+00:00,0.2618,2026-09-03 10:30:00+00:00,0.26395985,0.525,64.03,12195.83,Trail-Lock 🔒,0.7475188877083612,36651.52
POLUSDT,2026-09-03 01:00:00+00:00,0.09208,2026-09-03 11:00:00+00:00,0.09283965999999999,0.525,64.14,12217.17,Trail-Lock 🔒,0.5145150316082704,36715.66
SOMIUSDT,2026-09-03 01:00:00+00:00,0.1101,2026-09-03 13:30:00+00:00,0.1104,-0.0275,-3.29,11965.54,Timeout ⏱️,0.8036449459414101,36712.37
LUNAUSDT,2026-09-03 01:00:00+00:00,0.0449,2026-09-03 12:30:00+00:00,0.0455735,1.2,143.84,11986.48,TP 🟢,0.5902771024987986,36856.21
VTHOUSDT,2026-09-03 05:30:00+00:00,0.000389,2026-09-03 11:30:00+00:00,0.000394835,1.2,146.86,12238.55,TP 🟢,0.4996824414863631,37003.07
AIXBTUSDT,2026-09-03 05:30:00+00:00,0.02008,2026-09-03 14:30:00+00:00,0.020381200000000002,1.2,146.86,12238.55,TP 🟢,0.4829626976893815,37149.93
DASHUSDT,2026-09-03 11:00:00+00:00,42.73,2026-09-03 14:00:00+00:00,43.082522499999996,0.525,65.01,12383.31,Trail-Lock 🔒,0.6374859323279092,37214.94
LSKUSDT,2026-09-03 11:00:00+00:00,0.1022,2026-09-03 14:30:00+00:00,0.103733,1.2,148.86,12404.98,TP 🟢,0.5635621346319558,37363.8
IOTAUSDT,2026-09-03 14:30:00+00:00,0.0402,2026-09-03 16:00:00+00:00,0.039798,-1.3,-161.91,12454.6,SL 🔴,0.8495350107748375,37201.89
HOLOUSDT,2026-09-03 14:30:00+00:00,0.0622,2026-09-03 16:00:00+00:00,0.06271315,0.525,65.1,12400.63,Trail-Lock 🔒,0.7574203759293578,37267.0
SHELLUSDT,2026-09-03 14:30:00+00:00,0.0219,2026-09-03 15:30:00+00:00,0.022228499999999998,1.2,149.07,12422.33,TP 🟢,0.7042161545652366,37416.06
EIGENUSDT,2026-09-03 14:30:00+00:00,0.2058,2026-09-03 16:30:00+00:00,0.20749785,0.525,65.48,12472.02,Trail-Lock 🔒,0.7034730457147267,37481.54
ICPUSDT,2026-09-03 14:30:00+00:00,2.512,2026-09-03 15:00:00+00:00,2.532724,0.525,65.59,12493.85,Trail-Lock 🔒,0.5938124672770746,37547.14
AMPUSDT,2026-09-03 14:30:00+00:00,0.000445,2026-09-03 16:00:00+00:00,0.00045167499999999996,1.2,150.19,12515.71,TP 🟢,0.4934301810616274,37697.32
LUNAUSDT,2026-09-03 14:30:00+00:00,0.0455,2026-09-03 15:00:00+00:00,0.045875375,0.525,65.97,12565.77,Trail-Lock 🔒,0.48941962209951795,37763.29
LTCUSDT,2026-09-03 14:30:00+00:00,50.98,2026-09-03 19:30:00+00:00,51.744699999999995,1.2,151.05,12587.76,TP 🟢,0.4652334398940961,37914.35
ALGOUSDT,2026-09-03 14:30:00+00:00,0.093,2026-09-03 20:00:00+00:00,0.09376725,0.525,66.35,12638.12,Trail-Lock 🔒,0.7350064367388264,37980.7
AXLUSDT,2026-09-03 14:30:00+00:00,0.0425,2026-09-04 00:30:00+00:00,0.042850625,0.525,66.47,12660.23,Trail-Lock 🔒,0.5965552118493748,38047.16
SIGNUSDT,2026-09-03 23:00:00+00:00,0.00949,2026-09-04 00:00:00+00:00,0.0095682925,0.525,66.58,12682.39,Trail-Lock 🔒,0.490325689580681,38113.75
EPICUSDT,2026-09-03 14:30:00+00:00,0.3374,2026-09-04 03:00:00+00:00,0.3355,-0.8631,-108.03,12515.71,Timeout ⏱️,0.5004367570940933,38005.72
IMXUSDT,2026-09-03 14:30:00+00:00,0.1263,2026-09-04 01:00:00+00:00,0.125037,-1.3,-164.3,12638.12,SL 🔴,0.7436183830282799,37841.42
RVNUSDT,2026-09-03 18:00:00+00:00,0.0031,2026-09-04 05:30:00+00:00,0.0030689999999999997,-1.3,-164.58,12660.23,SL 🔴,0.4630612773173718,37676.84
BREVUSDT,2026-09-03 14:30:00+00:00,0.0763,2026-09-04 03:00:00+00:00,0.0762,-0.4311,-54.57,12660.23,Timeout ⏱️,0.6775490542024507,37622.27
GMTUSDT,2026-09-03 14:30:00+00:00,0.00738,2026-09-04 03:00:00+00:00,0.00732,-1.113,-140.91,12660.23,Timeout ⏱️,0.6585617196789023,37481.36
2ZUSDT,2026-09-03 14:30:00+00:00,0.05426,2026-09-04 02:00:00+00:00,0.053717400000000005,-1.3,-164.58,12660.23,SL 🔴,0.6012056862187483,37316.78
CFXUSDT,2026-09-03 14:30:00+00:00,0.04793,2026-09-04 03:00:00+00:00,0.04793,-0.3,-37.98,12660.23,Timeout ⏱️,0.7704561964530567,37278.79
IDUSDT,2026-09-03 14:30:00+00:00,0.0317,2026-09-04 01:00:00+00:00,0.031961525,0.525,65.24,12426.26,Trail-Lock 🔒,0.8454978458691073,37344.03
0GUSDT,2026-09-03 18:00:00+00:00,0.185,2026-09-04 02:30:00+00:00,0.187775,1.2,149.38,12448.01,TP 🟢,0.8378590759464761,37493.41
OPUSDT,2026-09-03 14:30:00+00:00,0.0995,2026-09-04 01:30:00+00:00,0.100320875,0.525,65.61,12497.8,Trail-Lock 🔒,0.8363949791704074,37559.02
HIVEUSDT,2026-09-04 00:30:00+00:00,0.0459,2026-09-04 04:30:00+00:00,0.046301473563281695,0.5747,71.95,12519.67,Trail-Lock 🔒,0.8356294970982333,37630.97
SUIUSDT,2026-09-03 14:30:00+00:00,0.7704,2026-09-04 03:00:00+00:00,0.7767558,0.525,65.85,12543.66,Trail-Lock 🔒,0.8335666382603447,37696.82
ARBUSDT,2026-09-04 00:30:00+00:00,0.1413,2026-09-04 01:00:00+00:00,0.137770752033667,-2.7977,-351.55,12565.61,SL 🔴,0.8108174702542705,37345.28
SANDUSDT,2026-09-03 14:30:00+00:00,0.03921,2026-09-04 03:00:00+00:00,0.03921,-0.3,-37.35,12448.43,Timeout ⏱️,0.754411969112943,37307.93
DOTUSDT,2026-09-03 14:30:00+00:00,0.879,2026-09-04 03:00:00+00:00,0.877,-0.5275,-65.6,12435.98,Timeout ⏱️,0.7009349708809373,37242.33
SENTUSDT,2026-09-03 14:30:00+00:00,0.01297,2026-09-04 03:00:00+00:00,0.0130770025,0.525,65.17,12414.11,Trail-Lock 🔒,0.6740877825039496,37307.5
ROSEUSDT,2026-09-03 14:30:00+00:00,0.0063,2026-09-04 02:30:00+00:00,0.0063945,1.2,149.23,12435.83,TP 🟢,0.6435945261177054,37456.73
BICOUSDT,2026-09-04 11:00:00+00:00,0.02236,2026-09-04 12:30:00+00:00,0.022019063213080885,-1.8248,-227.83,12485.58,SL 🔴,0.7539645689728842,37228.9
ACHUSDT,2026-09-04 11:00:00+00:00,0.00521,2026-09-04 12:30:00+00:00,0.00528815,1.2,148.92,12409.63,TP 🟢,0.7294680155869029,37377.81
ARKMUSDT,2026-09-04 11:00:00+00:00,0.1088,2026-09-04 12:30:00+00:00,0.10771199999999999,-1.3,-161.97,12459.27,SL 🔴,0.49379619294233257,37215.84
GLMRUSDT,2026-09-04 17:30:00+00:00,0.006592,2026-09-04 18:00:00+00:00,0.00669088,1.2,148.86,12405.28,TP 🟢,0.8452791224312578,37364.71
ACTUSDT,2026-09-04 17:30:00+00:00,0.01086,2026-09-04 22:00:00+00:00,0.0110229,1.2,149.46,12454.9,TP 🟢,0.7607242120252349,37514.17
LAUSDT,2026-09-05 00:00:00+00:00,0.0681,2026-09-05 02:00:00+00:00,0.0692310925721748,1.3609,170.18,12504.72,TP 🟢,0.8337408892745647,37684.35
NEARUSDT,2026-09-05 00:00:00+00:00,2.197,2026-09-05 03:00:00+00:00,2.2407141313086387,1.6897,212.25,12561.45,TP 🟢,0.8250772129994131,37896.6
STXUSDT,2026-09-05 00:00:00+00:00,0.2641,2026-09-05 02:00:00+00:00,0.2680615,1.2,151.59,12632.2,TP 🟢,0.6574031795370543,38048.19
KITEUSDT,2026-09-05 00:00:00+00:00,0.1356,2026-09-05 01:30:00+00:00,0.134244,-1.3,-164.88,12682.73,SL 🔴,0.5010776487165828,37883.31
ERAUSDT,2026-09-05 00:00:00+00:00,0.0583,2026-09-05 07:00:00+00:00,0.0591745,1.2,152.19,12682.73,TP 🟢,0.6134720961925512,38035.5
TWTUSDT,2026-09-05 00:00:00+00:00,0.6268,2026-09-05 10:30:00+00:00,0.6319711,0.525,66.56,12678.5,Trail-Lock 🔒,0.722277116489993,38102.06
XVGUSDT,2026-09-05 05:00:00+00:00,0.002854,2026-09-05 13:30:00+00:00,0.0029176359035135197,1.9297,245.09,12700.69,TP 🟢,0.817832129897246,38347.15
ACTUSDT,2026-09-05 12:00:00+00:00,0.0112,2026-09-05 13:00:00+00:00,0.011088,-1.3,-166.17,12782.38,SL 🔴,0.516604994064138,38180.98
XLMUSDT,2026-09-05 12:30:00+00:00,0.1836,2026-09-05 15:00:00+00:00,0.18511470000000002,0.525,66.82,12726.99,Trail-Lock 🔒,0.4791284530880006,38247.8
STRAXUSDT,2026-09-05 08:30:00+00:00,0.0096,2026-09-05 21:00:00+00:00,0.00969,0.6375,80.97,12700.69,Timeout ⏱️,0.47382965957971923,38328.76
CYBERUSDT,2026-09-05 08:30:00+00:00,0.308,2026-09-05 21:00:00+00:00,0.31,0.3494,44.37,12700.69,Timeout ⏱️,0.4552509918713587,38373.13
ADAUSDT,2026-09-05 17:30:00+00:00,0.2182,2026-09-05 21:00:00+00:00,0.22000015,0.525,67.15,12791.04,Trail-Lock 🔒,0.6849135314417671,38440.29
AMPUSDT,2026-09-05 12:00:00+00:00,0.000447,2026-09-06 00:30:00+00:00,0.000451,0.5949,75.71,12726.99,Timeout ⏱️,0.49008042218011566,38515.99
WCTUSDT,2026-09-05 12:30:00+00:00,0.03932,2026-09-06 00:30:00+00:00,0.0399098,1.2,152.99,12749.27,TP 🟢,0.4666975681626583,38668.98
ATUSDT,2026-09-05 12:00:00+00:00,0.1501,2026-09-06 00:00:00+00:00,0.1523515,1.2,152.99,12749.27,TP 🟢,0.802559609802562,38821.98
IDUSDT,2026-09-05 17:30:00+00:00,0.0327,2026-09-06 01:30:00+00:00,0.0331905,1.2,152.99,12749.27,TP 🟢,0.5236822215161622,38974.97
MINAUSDT,2026-09-05 21:30:00+00:00,0.0755,2026-09-06 02:00:00+00:00,0.07663249999999999,1.2,153.76,12813.43,TP 🟢,0.6577287525110825,39128.73
EPICUSDT,2026-09-05 23:00:00+00:00,0.3975,2026-09-06 02:00:00+00:00,0.401895595064503,0.8058,105.1,13042.91,Trail-Lock 🔒,0.7315046665103193,39233.83
PYTHUSDT,2026-09-06 03:30:00+00:00,0.05481,2026-09-06 07:30:00+00:00,0.0552621825,0.525,68.66,13077.94,Trail-Lock 🔒,0.8461466319456935,39302.49
IDUSDT,2026-09-06 03:30:00+00:00,0.0331,2026-09-06 05:00:00+00:00,0.033373074999999995,0.525,68.78,13100.83,Trail-Lock 🔒,0.6519609191491276,39371.27
DIAUSDT,2026-09-06 03:30:00+00:00,0.1423,2026-09-06 04:00:00+00:00,0.143473975,0.525,68.9,13123.76,Trail-Lock 🔒,0.648764313010612,39440.17
HOLOUSDT,2026-09-05 21:30:00+00:00,0.0662,2026-09-06 04:00:00+00:00,0.06674614999999999,0.525,69.02,13146.72,Trail-Lock 🔒,0.5865376027932346,39509.19
MANAUSDT,2026-09-06 03:30:00+00:00,0.0755,2026-09-06 07:00:00+00:00,0.07474499999999999,-1.3,-171.21,13169.73,SL 🔴,0.5588656992077743,39337.98
JASMYUSDT,2026-09-05 21:30:00+00:00,0.00432,2026-09-06 07:00:00+00:00,0.0042768,-1.3,-170.46,13112.66,SL 🔴,0.5480044582183886,39167.52
ADAUSDT,2026-09-06 03:30:00+00:00,0.2217,2026-09-06 07:00:00+00:00,0.219483,-1.3,-169.73,13055.84,SL 🔴,0.5022945571555851,38997.79
LUMIAUSDT,2026-09-06 03:30:00+00:00,0.0839,2026-09-06 10:00:00+00:00,0.083061,-1.3,-168.99,12999.26,SL 🔴,0.46387773528300813,38828.8
ATUSDT,2026-09-06 12:00:00+00:00,0.1547,2026-09-06 15:00:00+00:00,0.153153,-1.3,-168.26,12942.93,SL 🔴,0.7240450601852715,38660.54
XNOUSDT,2026-09-06 12:00:00+00:00,0.399,2026-09-06 14:00:00+00:00,0.39501000000000003,-1.3,-167.53,12886.85,SL 🔴,0.671771417477003,38493.01
ADXUSDT,2026-09-06 12:00:00+00:00,0.0618,2026-09-06 13:00:00+00:00,0.06230985,0.525,67.36,12831.0,Trail-Lock 🔒,0.5272816471488182,38560.38
NILUSDT,2026-09-06 15:30:00+00:00,0.05178,2026-09-06 17:00:00+00:00,0.0525567,1.2,154.24,12853.46,TP 🟢,0.8397838912711046,38714.62
WUSDT,2026-09-06 17:30:00+00:00,0.01036,2026-09-06 18:30:00+00:00,0.0105154,1.2,154.86,12904.87,TP 🟢,0.8405648334361014,38869.48
NEARUSDT,2026-09-06 21:30:00+00:00,2.439,2026-09-06 22:00:00+00:00,2.4843188266486367,1.5581,201.87,12956.49,TP 🟢,0.8285368889856981,39071.35
ZECUSDT,2026-09-06 21:30:00+00:00,1224.25,2026-09-06 22:00:00+00:00,1236.7761936676598,0.7232,94.18,13023.78,Trail-Lock 🔒,0.7736710535751427,39165.53
JASMYUSDT,2026-09-06 20:00:00+00:00,0.00434,2026-09-06 22:00:00+00:00,0.004375805,0.525,68.54,13055.18,Trail-Lock 🔒,0.7585333146392828,39234.07
APTUSDT,2026-09-06 21:30:00+00:00,0.619,2026-09-06 22:00:00+00:00,0.6241067499999999,0.525,68.66,13078.02,Trail-Lock 🔒,0.6841539245316178,39302.73
LUNAUSDT,2026-09-06 21:30:00+00:00,0.0472,2026-09-06 22:00:00+00:00,0.0475894,0.525,68.78,13100.91,Trail-Lock 🔒,0.5804189218764609,39371.51
CHZUSDT,2026-09-06 21:30:00+00:00,0.01393,2026-09-06 23:30:00+00:00,0.0140449225,0.525,68.9,13123.84,Trail-Lock 🔒,0.4779427198848647,39440.41
KAIAUSDT,2026-09-06 21:30:00+00:00,0.0312,2026-09-06 22:30:00+00:00,0.031668,1.2,157.76,13146.8,TP 🟢,0.4601403138833507,39598.18
HOLOUSDT,2026-09-06 20:00:00+00:00,0.0676,2026-09-07 00:00:00+00:00,0.068614,1.2,155.48,12956.49,TP 🟢,0.49028094806434386,39753.65
MANTAUSDT,2026-09-06 15:30:00+00:00,0.06165,2026-09-07 00:00:00+00:00,0.06257475,1.2,156.94,13078.02,TP 🟢,0.7474229668697978,39910.59
VETUSDT,2026-09-06 20:00:00+00:00,0.00706,2026-09-07 00:30:00+00:00,0.0071659,1.2,157.21,13100.91,TP 🟢,0.6085924612349067,40067.8
DGBUSDT,2026-09-06 21:30:00+00:00,0.00507,2026-09-07 02:00:00+00:00,0.0051118275,0.525,70.12,13355.93,Trail-Lock 🔒,0.840907003086982,40137.92
SEIUSDT,2026-09-06 21:30:00+00:00,0.04832,2026-09-07 02:30:00+00:00,0.0490448,1.2,160.55,13379.31,TP 🟢,0.8403915521696308,40298.47
ESPUSDT,2026-09-06 23:30:00+00:00,0.09009,2026-09-07 00:30:00+00:00,0.09083324250000001,0.525,70.52,13432.82,Trail-Lock 🔒,0.8226925390520545,40368.99
METISUSDT,2026-09-06 20:00:00+00:00,3.36,2026-09-07 01:30:00+00:00,3.4669460938996535,2.8829,387.94,13456.33,TP 🟢,0.7643849130882805,40756.93
SCUSDT,2026-09-06 21:30:00+00:00,0.000727,2026-09-07 04:00:00+00:00,0.00073299775,0.525,71.32,13585.64,Trail-Lock 🔒,0.6019314203954793,40828.25
DUSKUSDT,2026-09-06 23:30:00+00:00,0.0795,2026-09-07 00:00:00+00:00,0.080155875,0.525,71.45,13609.42,Trail-Lock 🔒,0.5956346450634269,40899.7
KAITOUSDT,2026-09-06 15:30:00+00:00,0.311,2026-09-07 02:30:00+00:00,0.31356575,0.525,71.57,13633.23,Trail-Lock 🔒,0.5738683760097045,40971.28
XLMUSDT,2026-09-06 23:30:00+00:00,0.1863,2026-09-07 01:00:00+00:00,0.187836975,0.525,71.7,13657.09,Trail-Lock 🔒,0.5517561838951128,41042.98
PUNDIXUSDT,2026-09-06 15:30:00+00:00,0.0991,2026-09-07 02:30:00+00:00,0.099917575,0.525,71.83,13680.99,Trail-Lock 🔒,0.5435232359734825,41114.8
LAUSDT,2026-09-06 21:30:00+00:00,0.0686,2026-09-07 00:30:00+00:00,0.06916594999999999,0.525,71.95,13704.93,Trail-Lock 🔒,0.5283026358235439,41186.75
SSVUSDT,2026-09-06 20:00:00+00:00,2.984,2026-09-07 02:00:00+00:00,2.95416,-1.3,-178.48,13728.92,SL 🔴,0.5239197585812229,41008.28
MIRAUSDT,2026-09-06 23:30:00+00:00,0.04705,2026-09-07 01:00:00+00:00,0.0465795,-1.3,-177.7,13669.43,SL 🔴,0.507224670776208,40830.57
ATOMUSDT,2026-09-06 23:30:00+00:00,1.59,2026-09-07 00:30:00+00:00,1.6031175,0.525,71.45,13610.19,Trail-Lock 🔒,0.48268281452379563,40902.03
ZKCUSDT,2026-09-06 23:30:00+00:00,0.0489,2026-09-07 01:00:00+00:00,0.048410999999999996,-1.3,-177.24,13634.01,SL 🔴,0.47448314337982067,40724.79
ALGOUSDT,2026-09-06 23:30:00+00:00,0.0964,2026-09-07 01:00:00+00:00,0.09543599999999999,-1.3,-176.47,13574.93,SL 🔴,0.45721676315437715,40548.31
THETAUSDT,2026-09-06 23:30:00+00:00,0.1859,2026-09-07 07:30:00+00:00,0.184041,-1.3,-177.7,13669.43,SL 🔴,0.5116094732622927,40370.61
EIGENUSDT,2026-09-06 20:00:00+00:00,0.211,2026-09-07 07:30:00+00:00,0.21274075,0.525,70.65,13456.87,Trail-Lock 🔒,0.7223607799700859,40441.26
RENDERUSDT,2026-09-06 20:00:00+00:00,1.526,2026-09-07 07:00:00+00:00,1.5385895,0.525,70.77,13480.42,Trail-Lock 🔒,0.7175020683081952,40512.03
QNTUSDT,2026-09-06 20:00:00+00:00,66.07,2026-09-07 08:30:00+00:00,65.96,-0.4665,-62.99,13504.01,Timeout ⏱️,0.4827624869692442,40449.04
BATUSDT,2026-09-07 04:00:00+00:00,0.0735,2026-09-07 12:30:00+00:00,0.0746025,1.2,161.48,13456.87,TP 🟢,0.809262197005523,40610.52
ESPUSDT,2026-09-07 09:30:00+00:00,0.09068,2026-09-07 15:00:00+00:00,0.08959151641223356,-1.5004,-203.1,13536.84,SL 🔴,0.8457935132291938,40407.42
RIFUSDT,2026-09-07 09:30:00+00:00,0.0762,2026-09-07 10:30:00+00:00,0.07682865000000001,0.525,70.71,13469.14,Trail-Lock 🔒,0.5356848377287176,40478.13
FETUSDT,2026-09-07 19:00:00+00:00,0.1822,2026-09-07 20:00:00+00:00,0.18383367107289741,0.5966,80.5,13492.71,Trail-Lock 🔒,0.834597485106372,40558.63
ONGUSDT,2026-09-08 00:00:00+00:00,0.09365,2026-09-08 01:30:00+00:00,0.09505475,1.2,162.23,13519.54,TP 🟢,0.8452151403722787,40720.87
STRAXUSDT,2026-09-08 00:00:00+00:00,0.00977,2026-09-08 02:30:00+00:00,0.0098506025,0.525,71.26,13573.62,Trail-Lock 🔒,0.5845141780744415,40792.13
BMTUSDT,2026-09-08 04:30:00+00:00,0.01775,2026-09-08 08:00:00+00:00,0.017896437499999997,0.525,71.39,13597.38,Trail-Lock 🔒,0.8357715079868793,40863.51
QNTUSDT,2026-09-07 19:00:00+00:00,65.77,2026-09-08 07:30:00+00:00,66.14,0.2626,35.76,13621.17,Timeout ⏱️,0.7025344771477738,40899.28
KITEUSDT,2026-09-08 00:00:00+00:00,0.1186,2026-09-08 10:30:00+00:00,0.11741399999999999,-1.3,-175.75,13519.54,SL 🔴,0.8456361100098115,40723.52
MOVEUSDT,2026-09-08 09:30:00+00:00,0.0091,2026-09-08 12:00:00+00:00,0.0092365,1.2,162.89,13574.51,TP 🟢,0.8443217494641357,40886.42
CELRUSDT,2026-09-08 04:30:00+00:00,0.002241,2026-09-08 14:00:00+00:00,0.00225948825,0.525,71.55,13628.81,Trail-Lock 🔒,0.8376327621089488,40957.97
CVCUSDT,2026-09-08 09:30:00+00:00,0.02118,2026-09-08 13:30:00+00:00,0.0214977,1.2,163.83,13652.66,TP 🟢,0.8356083996159978,41121.8
SOMIUSDT,2026-09-08 04:30:00+00:00,0.1352,2026-09-08 12:00:00+00:00,0.137228,1.2,164.49,13707.27,TP 🟢,0.8049905362012941,41286.29
EIGENUSDT,2026-09-08 09:30:00+00:00,0.2164,2026-09-08 12:00:00+00:00,0.21379238324458172,-1.505,-207.12,13762.1,SL 🔴,0.8043598600543095,41079.17
GLMRUSDT,2026-09-08 09:30:00+00:00,0.006737,2026-09-08 10:00:00+00:00,0.006841336824752937,1.2487,170.99,13693.06,TP 🟢,0.7936017998089298,41250.16
GALAUSDT,2026-09-08 09:30:00+00:00,0.001896,2026-09-08 11:00:00+00:00,0.0019116419999999999,0.525,72.19,13750.05,Trail-Lock 🔒,0.7728477585720045,41322.34
SUSDT,2026-09-08 09:30:00+00:00,0.02987,2026-09-08 13:30:00+00:00,0.029571300000000002,-1.3,-179.06,13774.11,SL 🔴,0.7564502630012736,41143.28
FILUSDT,2026-09-08 09:30:00+00:00,0.8482,2026-09-08 12:00:00+00:00,0.85519765,0.525,72.0,13714.43,Trail-Lock 🔒,0.7509039842482154,41215.28
SSVUSDT,2026-09-08 09:30:00+00:00,2.915,2026-09-08 13:30:00+00:00,2.88585,-1.3,-178.6,13738.43,SL 🔴,0.7465323811744273,41036.68
LINEAUSDT,2026-09-08 09:30:00+00:00,0.002711,2026-09-08 13:30:00+00:00,0.00268389,-1.3,-177.83,13678.89,SL 🔴,0.7016164344965476,40858.86
XTZUSDT,2026-09-08 09:30:00+00:00,0.2364,2026-09-08 13:30:00+00:00,0.234036,-1.3,-177.06,13619.62,SL 🔴,0.6893600226053607,40681.8
PYTHUSDT,2026-09-08 09:30:00+00:00,0.05377,2026-09-08 13:30:00+00:00,0.053232299999999996,-1.3,-176.29,13560.6,SL 🔴,0.677228559303829,40505.51
RLCUSDT,2026-09-08 04:30:00+00:00,0.3086,2026-09-08 13:30:00+00:00,0.305514,-1.3,-175.52,13501.84,SL 🔴,0.6638696150355019,40329.99
OPUSDT,2026-09-08 09:30:00+00:00,0.1096,2026-09-08 11:30:00+00:00,0.10835997766445439,-1.4314,-192.43,13443.33,SL 🔴,0.6620257126064648,40137.56
OPENUSDT,2026-09-08 09:30:00+00:00,0.1299,2026-09-08 13:30:00+00:00,0.128601,-1.3,-173.93,13379.19,SL 🔴,0.6302188180598564,39963.63
STRAXUSDT,2026-09-08 09:30:00+00:00,0.00988,2026-09-08 10:30:00+00:00,0.0100282,1.2,159.85,13321.21,TP 🟢,0.6249187468407759,40123.49
GMTUSDT,2026-09-08 09:30:00+00:00,0.00753,2026-09-08 12:00:00+00:00,0.0075921225,0.525,70.22,13374.5,Trail-Lock 🔒,0.590928504947384,40193.7
BLURUSDT,2026-09-08 09:30:00+00:00,0.01742,2026-09-08 13:30:00+00:00,0.017245800000000002,-1.3,-174.17,13397.9,SL 🔴,0.5907846095431306,40019.53
LPTUSDT,2026-09-08 09:30:00+00:00,1.501,2026-09-08 13:30:00+00:00,1.48599,-1.3,-173.42,13339.84,SL 🔴,0.5904078429322169,39846.11
CKBUSDT,2026-09-08 09:30:00+00:00,0.001142,2026-09-08 13:30:00+00:00,0.00113058,-1.3,-172.67,13282.04,SL 🔴,0.5884091039668929,39673.45
DUSKUSDT,2026-09-08 09:30:00+00:00,0.0788,2026-09-08 11:30:00+00:00,0.078012,-1.3,-171.92,13224.48,SL 🔴,0.5679802472498557,39501.53
API3USDT,2026-09-08 09:30:00+00:00,0.2377,2026-09-08 12:00:00+00:00,0.235323,-1.3,-171.17,13167.18,SL 🔴,0.5562922703154038,39330.35
ETCUSDT,2026-09-08 09:30:00+00:00,8.22,2026-09-08 11:00:00+00:00,8.116721071357516,-1.5564,-204.05,13110.12,SL 🔴,0.5043573108409499,39126.3
ATOMUSDT,2026-09-08 09:30:00+00:00,1.668,2026-09-08 11:00:00+00:00,1.681761,0.525,68.47,13042.1,Trail-Lock 🔒,0.4713936587074997,39194.77
DCRUSDT,2026-09-08 14:00:00+00:00,16.19,2026-09-08 16:00:00+00:00,15.813671510397684,-2.6245,-342.88,13064.92,SL 🔴,0.8084538152959408,38851.89
ETCUSDT,2026-09-08 14:00:00+00:00,8.29,2026-09-08 14:30:00+00:00,8.414349999999999,1.2,155.41,12950.63,TP 🟢,0.5555445776758737,39007.3
BIOUSDT,2026-09-08 14:00:00+00:00,0.02748,2026-09-08 18:30:00+00:00,0.027706710000000002,0.525,68.26,13002.43,Trail-Lock 🔒,0.8504610307022904,39075.56
ZENUSDT,2026-09-08 14:00:00+00:00,7.055,2026-09-08 18:30:00+00:00,7.11320375,0.525,68.38,13025.19,Trail-Lock 🔒,0.5344358007598737,39143.94
SCUSDT,2026-09-08 17:30:00+00:00,0.000754,2026-09-08 19:30:00+00:00,0.0007602205,0.525,68.5,13047.98,Trail-Lock 🔒,0.5114227128308627,39212.45
BATUSDT,2026-09-08 22:30:00+00:00,0.0771,2026-09-09 00:30:00+00:00,0.0782565,1.2,156.85,13070.82,TP 🟢,0.659948299528363,39369.3
VANAUSDT,2026-09-09 00:30:00+00:00,0.962,2026-09-09 01:30:00+00:00,0.95238,-1.3,-170.6,13123.1,SL 🔴,0.5265103979829265,39198.7
ARBUSDT,2026-09-09 06:00:00+00:00,0.1679,2026-09-09 09:30:00+00:00,0.1704185,1.2,156.79,13066.23,TP 🟢,0.8231180967545819,39355.49
FIDAUSDT,2026-09-09 06:00:00+00:00,0.02029,2026-09-09 10:00:00+00:00,0.0200871,-1.3,-170.54,13118.5,SL 🔴,0.8196680373031271,39184.95
EDUUSDT,2026-09-09 06:00:00+00:00,0.0526,2026-09-09 09:00:00+00:00,0.052074,-1.3,-169.8,13061.65,SL 🔴,0.5163677124934108,39015.15
CHZUSDT,2026-09-09 06:00:00+00:00,0.01431,2026-09-09 10:00:00+00:00,0.0141669,-1.3,-169.07,13005.05,SL 🔴,0.49579064429979985,38846.08
REQUSDT,2026-09-09 06:00:00+00:00,0.0542,2026-09-09 09:00:00+00:00,0.053658,-1.3,-168.33,12948.69,SL 🔴,0.46549257074785155,38677.75
THETAUSDT,2026-09-09 06:00:00+00:00,0.1805,2026-09-09 12:30:00+00:00,0.1832075,1.2,156.74,13061.65,TP 🟢,0.5493129340495773,38834.49
CUSDT,2026-09-09 11:00:00+00:00,0.0623,2026-09-09 15:00:00+00:00,0.0632345,1.2,155.34,12944.83,TP 🟢,0.8505802688470945,38989.83
AXLUSDT,2026-09-09 06:00:00+00:00,0.0443,2026-09-09 15:00:00+00:00,0.0449645,1.2,155.96,12996.61,TP 🟢,0.6810232695252453,39145.79
ZECUSDT,2026-09-09 11:00:00+00:00,1254.0,2026-09-09 15:00:00+00:00,1273.963343506897,1.292,168.58,13048.6,TP 🟢,0.6632131319771183,39314.37
ATUSDT,2026-09-09 15:30:00+00:00,0.1399,2026-09-09 16:00:00+00:00,0.1419985,1.2,157.26,13104.79,TP 🟢,0.8501566972987535,39471.63
BLURUSDT,2026-09-09 15:30:00+00:00,0.01818,2026-09-09 16:30:00+00:00,0.018329985000000003,0.525,69.08,13157.21,Trail-Lock 🔒,0.8460578924686486,39540.7
SAHARAUSDT,2026-09-09 15:30:00+00:00,0.00986,2026-09-09 17:00:00+00:00,0.0100079,1.2,158.16,13180.23,TP 🟢,0.8409091803109378,39698.87
PYTHUSDT,2026-09-09 15:30:00+00:00,0.05613,2026-09-09 16:00:00+00:00,0.0565930725,0.525,69.47,13232.96,Trail-Lock 🔒,0.564681472976828,39768.34
ALGOUSDT,2026-09-09 18:30:00+00:00,0.0998,2026-09-09 20:00:00+00:00,0.10062335,0.525,69.59,13256.11,Trail-Lock 🔒,0.8421054762032589,39837.93
ROSEUSDT,2026-09-09 18:30:00+00:00,0.00725,2026-09-09 19:30:00+00:00,0.007373961400037721,1.4098,187.21,13279.31,TP 🟢,0.8318445306932709,40025.15
PHAUSDT,2026-09-09 15:30:00+00:00,0.0293,2026-09-09 19:30:00+00:00,0.030074558904623745,2.3435,312.67,13341.72,TP 🟢,0.8055979038505633,40337.82
IOTAUSDT,2026-09-09 18:30:00+00:00,0.0429,2026-09-09 19:00:00+00:00,0.0435435,1.2,161.35,13445.94,TP 🟢,0.557464819293027,40499.17
WINUSDT,2026-09-09 18:30:00+00:00,3.841e-05,2026-09-09 22:00:00+00:00,3.80259e-05,-1.3,-174.8,13445.94,SL 🔴,0.6925274771170817,40324.37
XVGUSDT,2026-09-09 15:30:00+00:00,0.003086,2026-09-09 22:00:00+00:00,0.003033919949904743,-1.9876,-267.17,13441.46,SL 🔴,0.8053411021268821,40057.21
ANKRUSDT,2026-09-09 21:00:00+00:00,0.00436,2026-09-09 21:30:00+00:00,0.0043164,-1.3,-173.58,13352.4,SL 🔴,0.592989948497842,39883.62
POLUSDT,2026-09-09 21:00:00+00:00,0.09627,2026-09-09 22:00:00+00:00,0.0953073,-1.3,-172.83,13294.54,SL 🔴,0.5733085373204809,39710.8
HYPERUSDT,2026-09-09 21:00:00+00:00,0.0732,2026-09-09 22:00:00+00:00,0.072468,-1.3,-172.08,13236.93,SL 🔴,0.5509585665248573,39538.72
SAHARAUSDT,2026-09-09 21:00:00+00:00,0.01012,2026-09-10 00:00:00+00:00,0.010314134606591991,1.6183,213.29,13179.57,TP 🟢,0.8258251450073065,39752.0
HYPERUSDT,2026-09-09 23:00:00+00:00,0.0726,2026-09-10 00:30:00+00:00,0.07177584184626071,-1.4352,-190.17,13250.67,SL 🔴,0.5217782207591037,39561.83
ENSOUSDT,2026-09-10 03:30:00+00:00,0.907,2026-09-10 15:30:00+00:00,0.89793,-1.3,-171.43,13187.28,SL 🔴,0.7141286874136298,39390.4
SCRUSDT,2026-09-10 16:30:00+00:00,0.02113,2026-09-10 17:00:00+00:00,0.020732764131901168,-2.18,-286.23,13130.13,SL 🔴,0.6728966205952462,39104.16
POWRUSDT,2026-09-10 16:30:00+00:00,0.0501,2026-09-10 21:00:00+00:00,0.0508515,1.2,156.42,13034.72,TP 🟢,0.5799627208403066,39260.58
POWRUSDT,2026-09-10 21:30:00+00:00,0.0503,2026-09-11 01:00:00+00:00,0.049796999999999994,-1.3,-170.13,13086.86,SL 🔴,0.7932332023462083,39090.45
ZAMAUSDT,2026-09-10 21:30:00+00:00,0.04692,2026-09-11 00:00:00+00:00,0.0476238,1.2,157.04,13086.86,TP 🟢,0.5390224304542008,39247.49
DOTUSDT,2026-09-11 04:30:00+00:00,1.116,2026-09-11 08:00:00+00:00,1.125207,0.525,68.68,13082.5,Trail-Lock 🔒,0.845289619388355,39316.18
ONGUSDT,2026-09-11 04:30:00+00:00,0.08031,2026-09-11 08:30:00+00:00,0.08178414861613617,1.5356,201.24,13105.39,TP 🟢,0.8278743544092443,39517.42
MTLUSDT,2026-09-11 04:30:00+00:00,0.243,2026-09-11 06:00:00+00:00,0.246645,1.2,158.07,13172.47,TP 🟢,0.47435971016933876,39675.49
HOLOUSDT,2026-09-11 09:00:00+00:00,0.0613,2026-09-11 09:30:00+00:00,0.061805725,0.525,69.43,13225.16,Trail-Lock 🔒,0.6097388731090332,39744.92
MANTAUSDT,2026-09-11 04:30:00+00:00,0.05811,2026-09-11 12:30:00+00:00,0.058981650000000004,1.2,158.98,13248.31,TP 🟢,0.6002419287211516,39903.9
