BIOUSDT,2026-07-27 05:00:00+00:00,0.02679,2026-07-27 07:00:00+00:00,0.0265221,-1.3,-43.19,3322.4,SL 🔴,0.4887470267567764,9956.81
PIVXUSDT,2026-07-27 00:00:00+00:00,0.0353,2026-07-27 07:30:00+00:00,0.03494368486555705,-1.3094,-43.67,3335.13,SL 🔴,0.7156014700290694,9913.14
TOWNSUSDT,2026-07-27 07:00:00+00:00,0.00216,2026-07-27 08:00:00+00:00,0.0021924,1.2,39.52,3293.44,TP 🟢,0.8431103822906467,9952.66
TAOUSDT,2026-07-27 02:30:00+00:00,198.6,2026-07-27 09:00:00+00:00,196.614,-1.3,-43.38,3336.86,SL 🔴,0.628517313973678,9909.28
DUSKUSDT,2026-07-26 22:30:00+00:00,0.0646,2026-07-27 09:00:00+00:00,0.06395400000000001,-1.3,-43.0,3308.0,SL 🔴,0.8370427675675318,9866.28
XNOUSDT,2026-07-26 22:30:00+00:00,0.379,2026-07-27 09:30:00+00:00,0.3823018223543602,0.5712,18.72,3277.82,Trail-Lock 🔒,0.8337692975416447,9885.0
PROMUSDT,2026-07-27 06:30:00+00:00,2.039,2026-07-27 10:00:00+00:00,2.0919494756563926,2.2968,75.43,3284.06,TP 🟢,0.8089762511388163,9960.43
MEGAUSDT,2026-07-26 22:30:00+00:00,0.04248,2026-07-27 11:00:00+00:00,0.04237,-0.5589,-18.32,3277.82,Timeout ⏱️,0.7690885209533614,9942.11
JASMYUSDT,2026-07-27 09:30:00+00:00,0.00452,2026-07-27 12:30:00+00:00,0.004557289999999999,0.525,17.37,3309.21,Trail-Lock 🔒,0.5821842840129469,9959.48
PIVXUSDT,2026-07-27 11:00:00+00:00,0.0351,2026-07-27 12:30:00+00:00,0.035389575,0.525,17.37,3308.89,Trail-Lock 🔒,0.777206191214374,9976.85
GPSUSDT,2026-07-27 02:00:00+00:00,0.00911,2026-07-27 13:00:00+00:00,0.0090189,-1.3,-42.94,3303.1,SL 🔴,0.6746733904258446,9933.91
ROSEUSDT,2026-07-27 10:30:00+00:00,0.0054,2026-07-27 13:00:00+00:00,0.00544455,0.525,17.33,3300.37,Trail-Lock 🔒,0.7907331146103034,9951.24
API3USDT,2026-07-27 12:30:00+00:00,0.2203,2026-07-27 13:00:00+00:00,0.22211747499999998,0.525,17.36,3306.14,Trail-Lock 🔒,0.4641330374030265,9968.6
LINKUSDT,2026-07-27 05:30:00+00:00,8.798,2026-07-27 13:30:00+00:00,8.71002,-1.3,-42.99,3306.62,SL 🔴,0.5243223214405929,9925.61
VANAUSDT,2026-07-27 12:30:00+00:00,1.191,2026-07-27 13:30:00+00:00,1.2008257500000001,0.525,17.36,3306.14,Trail-Lock 🔒,0.4886705127380271,9942.97
IOUSDT,2026-07-27 10:00:00+00:00,0.148,2026-07-27 14:00:00+00:00,0.149221,0.525,17.34,3303.39,Trail-Lock 🔒,0.839683449623591,9960.31
CGPTUSDT,2026-07-27 04:00:00+00:00,0.01855,2026-07-27 14:00:00+00:00,0.018703037500000002,0.525,17.37,3309.17,Trail-Lock 🔒,0.7652445500993882,9977.68
SENTUSDT,2026-07-27 08:30:00+00:00,0.01268,2026-07-27 14:00:00+00:00,0.0125532,-1.3,-43.09,3314.96,SL 🔴,0.6989423657318132,9934.59
JASMYUSDT,2026-07-27 12:30:00+00:00,0.00454,2026-07-27 14:30:00+00:00,0.0044946,-1.3,-42.91,3300.59,SL 🔴,0.6338190065848095,9891.68
NEWTUSDT,2026-07-27 12:00:00+00:00,0.043,2026-07-27 14:30:00+00:00,0.04335475,0.525,17.25,3286.29,Trail-Lock 🔒,0.8505379434818554,9908.93
PYTHUSDT,2026-07-27 09:00:00+00:00,0.04341,2026-07-27 14:30:00+00:00,0.04406115,1.2,39.5,3292.04,TP 🟢,0.8394627162838394,9948.43
BCHUSDT,2026-07-27 10:30:00+00:00,215.7,2026-07-27 14:30:00+00:00,213.54299999999998,-1.3,-42.97,3305.21,SL 🔴,0.7526923725764622,9905.46
XNOUSDT,2026-07-27 13:00:00+00:00,0.378,2026-07-27 15:00:00+00:00,0.37158197141899807,-1.9979,-66.03,3305.21,SL 🔴,0.8313227861687209,9839.43
DGBUSDT,2026-07-27 12:00:00+00:00,0.00373,2026-07-27 15:00:00+00:00,0.003857371716029567,3.1148,101.82,3268.88,TP 🟢,0.7391419152765598,9941.25
ENSOUSDT,2026-07-27 14:30:00+00:00,0.804,2026-07-27 15:00:00+00:00,0.810633,0.525,17.34,3302.82,Trail-Lock 🔒,0.5653183421724661,9958.59
LAUSDT,2026-07-27 16:00:00+00:00,0.0764,2026-07-27 16:30:00+00:00,0.07754015924612086,1.1924,39.45,3308.6,Trail-Lock 🔒,0.4459695579991813,9998.04
SSVUSDT,2026-07-27 15:30:00+00:00,2.3,2026-07-27 17:00:00+00:00,2.318975,0.525,17.44,3321.75,Trail-Lock 🔒,0.8451613411638235,10015.48
ACEUSDT,2026-07-27 16:30:00+00:00,0.0801,2026-07-27 17:00:00+00:00,0.0813015,1.2,39.93,3327.56,TP 🟢,0.839539948891626,10055.41
ONEUSDT,2026-07-27 18:30:00+00:00,0.00126,2026-07-27 19:00:00+00:00,0.0012800430507962596,1.2907,43.12,3340.87,TP 🟢,0.8354819341508732,10098.53
PYTHUSDT,2026-07-27 21:30:00+00:00,0.04486,2026-07-27 22:00:00+00:00,0.045230095,0.525,17.62,3355.24,Trail-Lock 🔒,0.737447973508332,10116.15
SSVUSDT,2026-07-27 18:00:00+00:00,2.323,2026-07-27 22:00:00+00:00,2.34216475,0.525,17.65,3361.12,Trail-Lock 🔒,0.6981479640136822,10133.8
ACEUSDT,2026-07-27 18:00:00+00:00,0.0804,2026-07-27 22:30:00+00:00,0.07911175489359497,-1.9023,-63.83,3355.24,SL 🔴,0.6351193950247161,10069.97
WAXPUSDT,2026-07-27 20:30:00+00:00,0.0038,2026-07-27 22:30:00+00:00,0.003762,-1.3,-43.62,3355.24,SL 🔴,0.49872456314510205,10026.35
SFPUSDT,2026-07-27 20:30:00+00:00,0.2115,2026-07-27 22:30:00+00:00,0.209385,-1.3,-43.77,3367.0,SL 🔴,0.6062858410101312,9982.58
API3USDT,2026-07-27 17:00:00+00:00,0.2168,2026-07-27 22:30:00+00:00,0.220052,1.2,39.8,3316.59,TP 🟢,0.8430978293067043,10022.38
MINAUSDT,2026-07-27 20:30:00+00:00,0.0434,2026-07-27 22:30:00+00:00,0.044051,1.2,39.96,3329.86,TP 🟢,0.8367409961599885,10062.34
XECUSDT,2026-07-27 21:30:00+00:00,6.63e-06,2026-07-27 22:30:00+00:00,6.7294500000000004e-06,1.2,40.12,3343.18,TP 🟢,0.6680410548603847,10102.46
CVCUSDT,2026-07-27 20:30:00+00:00,0.01903,2026-07-27 22:30:00+00:00,0.018839699999999997,-1.3,-43.64,3356.55,SL 🔴,0.6619855702407955,10058.82
BANANAUSDT,2026-07-27 21:00:00+00:00,3.751,2026-07-27 22:30:00+00:00,3.8072649999999997,1.2,40.1,3342.01,TP 🟢,0.6181956389762331,10098.92
TWTUSDT,2026-07-27 15:30:00+00:00,0.3495,2026-07-28 00:00:00+00:00,0.34600499999999995,-1.3,-43.45,3342.01,SL 🔴,0.6271626213027627,10055.47
0GUSDT,2026-07-27 17:00:00+00:00,0.174,2026-07-28 00:30:00+00:00,0.17661,1.2,40.09,3340.89,TP 🟢,0.8397328600356866,10095.56
SAPIENUSDT,2026-07-27 18:30:00+00:00,0.0824,2026-07-28 00:30:00+00:00,0.083636,1.2,40.25,3354.26,TP 🟢,0.6632505659633751,10135.81
SKLUSDT,2026-07-28 00:00:00+00:00,0.00385,2026-07-28 00:30:00+00:00,0.0038817625,0.525,17.68,3367.67,Trail-Lock 🔒,0.5114474523264478,10153.49
GUSDT,2026-07-27 17:00:00+00:00,0.00324,2026-07-28 01:00:00+00:00,0.0032075999999999997,-1.3,-43.43,3340.89,SL 🔴,0.8467678298032968,10110.06
IDUSDT,2026-07-27 17:00:00+00:00,0.0284,2026-07-28 01:00:00+00:00,0.028826,1.2,40.31,3359.09,TP 🟢,0.8493316778213368,10150.37
LINEAUSDT,2026-07-27 17:00:00+00:00,0.00241,2026-07-28 01:00:00+00:00,0.0023859,-1.3,-43.84,3372.52,SL 🔴,0.844417779934344,10106.53
BTTCUSDT,2026-07-28 01:00:00+00:00,2.7e-07,2026-07-28 01:30:00+00:00,2.7591710324102907e-07,1.8915,63.52,3357.91,Trail-Lock 🔒,0.6725337604220344,10170.05
HOTUSDT,2026-07-28 02:00:00+00:00,0.000335,2026-07-28 03:00:00+00:00,0.00033776375,0.525,17.74,3379.08,Trail-Lock 🔒,0.5287268381402188,10187.79
ERAUSDT,2026-07-28 01:30:00+00:00,0.0716,2026-07-28 05:00:00+00:00,0.07343600252040915,2.2642,76.64,3385.0,TP 🟢,0.8037068259806348,10264.43
IOTXUSDT,2026-07-27 20:30:00+00:00,0.0022,2026-07-28 06:00:00+00:00,0.002233,1.2,40.93,3410.54,TP 🟢,0.8464222730012203,10305.36
EPICUSDT,2026-07-27 22:00:00+00:00,0.6898,2026-07-28 06:00:00+00:00,0.6978016737623407,0.86,29.45,3424.19,Trail-Lock 🔒,0.8209816388099468,10334.81
WINUSDT,2026-07-28 05:00:00+00:00,2.468e-05,2026-07-28 06:30:00+00:00,2.488361e-05,0.525,18.03,3434.0,Trail-Lock 🔒,0.5781705771071373,10352.84
KAITOUSDT,2026-07-27 18:30:00+00:00,1.2239,2026-07-28 07:00:00+00:00,1.2463969582515158,1.5381,52.91,3440.01,TP 🟢,0.6932722907481857,10405.75
HYPERUSDT,2026-07-28 06:30:00+00:00,0.0622,2026-07-28 07:00:00+00:00,0.06271315,0.525,18.15,3457.65,Trail-Lock 🔒,0.6142816191058208,10423.9
OPENUSDT,2026-07-28 07:00:00+00:00,0.1583,2026-07-28 07:30:00+00:00,0.1606745,1.2,41.56,3463.7,TP 🟢,0.7317479051386984,10465.46
FLUXUSDT,2026-07-28 06:30:00+00:00,0.0388,2026-07-28 10:00:00+00:00,0.0391201,0.525,18.26,3477.55,Trail-Lock 🔒,0.6263160535142425,10483.72
OPUSDT,2026-07-28 10:00:00+00:00,0.0877,2026-07-28 11:00:00+00:00,0.088423525,0.525,18.29,3483.64,Trail-Lock 🔒,0.5677340185000734,10502.01
QKCUSDT,2026-07-28 06:30:00+00:00,0.001933,2026-07-28 12:30:00+00:00,0.0019489472500000002,0.525,18.26,3477.55,Trail-Lock 🔒,0.6519672763561272,10520.27
PUNDIXUSDT,2026-07-28 12:00:00+00:00,0.0776,2026-07-28 12:30:00+00:00,0.078764,1.2,41.95,3495.82,TP 🟢,0.7915047963023127,10562.22
XNOUSDT,2026-07-28 11:30:00+00:00,0.409,2026-07-28 12:30:00+00:00,0.42194748281411726,2.8656,100.58,3509.81,TP 🟢,0.768946685717789,10662.8
METISUSDT,2026-07-28 06:30:00+00:00,2.55,2026-07-28 13:30:00+00:00,2.5244999999999997,-1.3,-45.03,3463.7,SL 🔴,0.47985291098507454,10617.77
MOVRUSDT,2026-07-28 07:00:00+00:00,1.183,2026-07-28 13:30:00+00:00,1.17117,-1.3,-45.37,3489.74,SL 🔴,0.5194034181295771,10572.4
CELRUSDT,2026-07-28 10:00:00+00:00,0.001555,2026-07-28 13:30:00+00:00,0.00153945,-1.3,-46.06,3543.33,SL 🔴,0.5337322938783126,10526.34
REQUSDT,2026-07-28 13:00:00+00:00,0.0506,2026-07-28 13:30:00+00:00,0.051553926321438986,1.5852,55.45,3497.85,TP 🟢,0.8273438501046577,10581.79
STRAXUSDT,2026-07-28 06:00:00+00:00,0.00875,2026-07-28 13:30:00+00:00,0.00888125,1.2,42.2,3516.33,TP 🟢,0.8051515567800793,10623.99
IOTAUSDT,2026-07-28 12:30:00+00:00,0.0317,2026-07-28 13:30:00+00:00,0.032175499999999996,1.2,42.36,3530.39,TP 🟢,0.749689685350697,10666.35
ARBUSDT,2026-07-28 12:30:00+00:00,0.0777,2026-07-28 14:00:00+00:00,0.07834102500000001,0.525,18.61,3544.52,Trail-Lock 🔒,0.5861487287039568,10684.96
DUSKUSDT,2026-07-28 06:00:00+00:00,0.0612,2026-07-28 14:30:00+00:00,0.062118,1.2,41.97,3497.85,TP 🟢,0.8472479260969701,10726.93
SENTUSDT,2026-07-28 13:00:00+00:00,0.01213,2026-07-28 14:30:00+00:00,0.0120087,-1.3,-46.16,3550.72,SL 🔴,0.7123137139588243,10680.77
WCTUSDT,2026-07-28 11:30:00+00:00,0.03723,2026-07-28 15:00:00+00:00,0.0375371475,0.525,18.61,3544.52,Trail-Lock 🔒,0.651072764073102,10699.38
PIVXUSDT,2026-07-28 13:30:00+00:00,0.0343,2026-07-28 15:30:00+00:00,0.034582974999999995,0.525,18.63,3549.32,Trail-Lock 🔒,0.5238009196114504,10718.01
ESPUSDT,2026-07-28 15:30:00+00:00,0.07359,2026-07-28 16:00:00+00:00,0.074505411657624,0.9439,33.62,3561.74,Trail-Lock 🔒,0.619798301044605,10751.63
SCRUSDT,2026-07-28 15:00:00+00:00,0.02008,2026-07-28 17:00:00+00:00,0.0198792,-1.3,-46.3,3561.74,SL 🔴,0.5194742583944412,10705.33
SAGAUSDT,2026-07-28 15:00:00+00:00,0.01271,2026-07-28 17:00:00+00:00,0.012566912957699742,-1.4258,-50.78,3561.74,SL 🔴,0.6608658330438311,10654.55
ROSEUSDT,2026-07-28 15:00:00+00:00,0.00517,2026-07-28 21:30:00+00:00,0.00524755,1.2,42.88,3572.94,TP 🟢,0.6109893059383933,10697.43
GRTUSDT,2026-07-28 15:00:00+00:00,0.01504,2026-07-28 22:30:00+00:00,0.01516408,0.525,18.59,3540.58,Trail-Lock 🔒,0.6233818022576123,10716.02
FLUXUSDT,2026-07-28 15:00:00+00:00,0.039,2026-07-28 22:30:00+00:00,0.03932175,0.525,18.7,3561.07,Trail-Lock 🔒,0.8427094928683072,10734.72
PROMUSDT,2026-07-28 19:30:00+00:00,2.006,2026-07-28 22:30:00+00:00,2.0287225038487757,0.8327,29.71,3567.3,Trail-Lock 🔒,0.8231813962771142,10764.43
RLCUSDT,2026-07-28 15:30:00+00:00,0.2577,2026-07-29 00:00:00+00:00,0.258,-0.1836,-6.5,3540.58,Timeout ⏱️,0.608823706344636,10757.93
MANTAUSDT,2026-07-28 17:00:00+00:00,0.05926,2026-07-29 00:00:00+00:00,0.05962,0.3075,10.93,3554.87,Timeout ⏱️,0.716515786785157,10768.86
AXLUSDT,2026-07-28 15:00:00+00:00,0.038,2026-07-29 00:00:00+00:00,0.0383,0.4895,17.51,3577.2,Timeout ⏱️,0.6770898270073822,10786.37
ERAUSDT,2026-07-28 19:00:00+00:00,0.0671,2026-07-29 03:00:00+00:00,0.06795807311191858,0.9788,35.09,3584.52,Trail-Lock 🔒,0.8132359572299341,10821.46
WINUSDT,2026-07-29 01:00:00+00:00,2.525e-05,2026-07-29 02:00:00+00:00,2.562875e-05,1.2,43.15,3596.21,TP 🟢,0.7904930267523937,10864.61
RIFUSDT,2026-07-28 18:30:00+00:00,0.0794,2026-07-29 01:30:00+00:00,0.07645887028279481,-4.0042,-144.58,3610.6,SL 🔴,0.7131957077614296,10720.03
SAPIENUSDT,2026-07-29 00:00:00+00:00,0.0803,2026-07-29 02:30:00+00:00,0.08096247499999999,0.525,18.7,3562.41,Trail-Lock 🔒,0.5889547587230297,10738.73
GRTUSDT,2026-07-28 23:30:00+00:00,0.01516,2026-07-29 01:30:00+00:00,0.0150084,-1.3,-46.39,3568.64,SL 🔴,0.5317648920065343,10692.34
ROSEUSDT,2026-07-28 21:30:00+00:00,0.00515,2026-07-29 04:00:00+00:00,0.00522725,1.2,42.77,3564.11,TP 🟢,0.8400633756268261,10735.11
PROMUSDT,2026-07-28 23:30:00+00:00,2.045,2026-07-29 04:30:00+00:00,2.0652893259323553,0.6921,24.77,3578.37,Trail-Lock 🔒,0.7377197236053663,10759.88
XLMUSDT,2026-07-28 20:30:00+00:00,0.172,2026-07-29 05:00:00+00:00,0.173419,0.525,18.83,3586.63,Trail-Lock 🔒,0.5624083075620149,10778.71
EDUUSDT,2026-07-29 05:30:00+00:00,0.0312,2026-07-29 07:30:00+00:00,0.0314574,0.525,18.86,3592.9,Trail-Lock 🔒,0.8391494400058293,10797.57
XNOUSDT,2026-07-29 06:00:00+00:00,0.392,2026-07-29 06:30:00+00:00,0.4001021521553214,1.7669,63.59,3599.19,TP 🟢,0.822229076257128,10861.16
ZAMAUSDT,2026-07-29 04:30:00+00:00,0.0627,2026-07-29 06:30:00+00:00,0.06342613103746271,0.8581,31.07,3620.39,Trail-Lock 🔒,0.7360978928758813,10892.23
IDUSDT,2026-07-29 16:00:00+00:00,0.0276,2026-07-29 20:00:00+00:00,0.028014,1.2,43.57,3630.74,TP 🟢,0.8479023848451492,10935.8
ACEUSDT,2026-07-29 16:00:00+00:00,0.0713,2026-07-29 21:00:00+00:00,0.071888225,0.525,19.14,3645.27,Trail-Lock 🔒,0.842661224776108,10954.94
KAITOUSDT,2026-07-29 16:00:00+00:00,1.273,2026-07-29 22:30:00+00:00,1.287916314738474,0.8717,31.83,3651.65,Trail-Lock 🔒,0.8180184834766535,10986.77
DIAUSDT,2026-07-29 16:00:00+00:00,0.1154,2026-07-30 00:00:00+00:00,0.11846914513609821,2.3596,86.41,3662.26,TP 🟢,0.8021478688520561,11073.18
NILUSDT,2026-07-29 23:30:00+00:00,0.03471,2026-07-30 00:00:00+00:00,0.0349963575,0.525,19.38,3691.06,Trail-Lock 🔒,0.6909995680841083,11092.56
OPUSDT,2026-07-29 23:30:00+00:00,0.0877,2026-07-30 12:00:00+00:00,0.0877,-0.3,-11.07,3691.06,Timeout ⏱️,0.8013035763690641,11081.49
MEUSDT,2026-07-30 15:30:00+00:00,0.06106,2026-07-30 23:30:00+00:00,0.0604494,-1.3,-48.02,3693.83,SL 🔴,0.5009923793700082,11033.47
ZENUSDT,2026-07-30 20:00:00+00:00,3.852,2026-07-31 08:30:00+00:00,3.86,-0.0923,-3.4,3677.82,Timeout ⏱️,0.6914439088264159,11030.07
KITEUSDT,2026-07-30 20:00:00+00:00,0.0929,2026-07-31 08:30:00+00:00,0.0926,-0.6229,-22.91,3677.82,Timeout ⏱️,0.5691139807408196,11007.16
HYPERUSDT,2026-07-31 07:00:00+00:00,0.0592,2026-07-31 07:30:00+00:00,0.060191340841376506,1.3746,50.43,3669.05,TP 🟢,0.8319678104319357,11057.6
INITUSDT,2026-07-31 07:00:00+00:00,0.0488,2026-07-31 10:30:00+00:00,0.049202600000000006,0.525,19.35,3685.87,Trail-Lock 🔒,0.7096851957518535,11076.95
XVGUSDT,2026-07-31 07:00:00+00:00,0.001928,2026-07-31 09:00:00+00:00,0.00190872,-1.3,-48.0,3692.32,SL 🔴,0.45938709179724024,11028.95
XVGUSDT,2026-07-31 12:30:00+00:00,0.001914,2026-07-31 13:30:00+00:00,0.0019297905,0.525,19.3,3676.32,Trail-Lock 🔒,0.7277810761093773,11048.25
NEWTUSDT,2026-07-31 12:30:00+00:00,0.0401,2026-07-31 13:30:00+00:00,0.040430825,0.525,19.33,3682.75,Trail-Lock 🔒,0.6601578557966579,11067.58
POWRUSDT,2026-07-31 12:30:00+00:00,0.0398,2026-07-31 14:00:00+00:00,0.039402,-1.3,-47.96,3689.19,SL 🔴,0.5528568677718956,11019.62
ZKPUSDT,2026-07-31 12:30:00+00:00,0.0449,2026-07-31 13:00:00+00:00,0.045270425,0.525,19.28,3673.21,Trail-Lock 🔒,0.5505838247171618,11038.91
XAIUSDT,2026-07-31 12:30:00+00:00,0.00602,2026-07-31 14:00:00+00:00,0.0059598,-1.3,-47.84,3679.64,SL 🔴,0.5379528624157895,10991.07
ATOMUSDT,2026-07-31 12:30:00+00:00,1.235,2026-07-31 17:30:00+00:00,1.24518875,0.525,19.23,3663.69,Trail-Lock 🔒,0.5277305580673208,11010.31
GUSDT,2026-07-31 12:30:00+00:00,0.00328,2026-07-31 17:00:00+00:00,0.00330706,0.525,19.27,3670.1,Trail-Lock 🔒,0.5229214390120811,11029.57
ENJUSDT,2026-07-31 12:30:00+00:00,0.02497,2026-07-31 17:30:00+00:00,0.0251760025,0.525,19.3,3676.52,Trail-Lock 🔒,0.5003470309594906,11048.87
CELRUSDT,2026-07-31 12:30:00+00:00,0.001565,2026-07-31 16:00:00+00:00,0.00157791125,0.525,19.34,3682.96,Trail-Lock 🔒,0.4633583578934782,11068.21
MASKUSDT,2026-07-31 12:30:00+00:00,0.347,2026-07-31 19:30:00+00:00,0.34986275,0.525,19.33,3682.75,Trail-Lock 🔒,0.7005846276513163,11087.54
ENSOUSDT,2026-07-31 18:00:00+00:00,0.903,2026-07-31 20:30:00+00:00,0.891448339694816,-1.5793,-58.37,3695.85,SL 🔴,0.6409033120473931,11029.18
PYTHUSDT,2026-07-31 22:00:00+00:00,0.04002,2026-07-31 23:00:00+00:00,0.040350165,0.525,19.3,3676.39,Trail-Lock 🔒,0.4992173429154968,11048.48
ZILUSDT,2026-07-31 22:00:00+00:00,0.002643,2026-07-31 23:30:00+00:00,0.002682645,1.2,44.19,3682.83,TP 🟢,0.46146321827049513,11092.67
ALPINEUSDT,2026-07-31 22:00:00+00:00,0.322,2026-08-01 07:30:00+00:00,0.31878,-1.3,-47.79,3676.39,SL 🔴,0.5390945924586525,11044.88
VANRYUSDT,2026-08-01 07:00:00+00:00,0.004025,2026-08-01 08:00:00+00:00,0.004100496616857146,1.5757,58.01,3681.63,TP 🟢,0.8267713738279732,11102.89
OPENUSDT,2026-08-01 11:00:00+00:00,0.178,2026-08-01 14:30:00+00:00,0.1794685,0.525,19.43,3700.96,Trail-Lock 🔒,0.8093000457805222,11122.32
DUSKUSDT,2026-08-01 11:00:00+00:00,0.0583,2026-08-01 17:00:00+00:00,0.057717,-1.3,-48.2,3707.44,SL 🔴,0.5047861696094009,11074.12
ARPAUSDT,2026-08-01 15:00:00+00:00,0.00825,2026-08-02 00:00:00+00:00,0.008373750000000001,1.2,44.3,3691.37,TP 🟢,0.48994372769952954,11118.42
ZILUSDT,2026-08-01 23:00:00+00:00,0.002629,2026-08-02 05:00:00+00:00,0.00260271,-1.3,-48.18,3706.14,SL 🔴,0.5375875318671179,11070.24
RIFUSDT,2026-08-02 07:00:00+00:00,0.0894,2026-08-02 08:00:00+00:00,0.09074105154377124,1.2001,44.28,3690.08,TP 🟢,0.5884082106861659,11114.52
DCRUSDT,2026-08-02 07:00:00+00:00,13.26,2026-08-02 11:00:00+00:00,13.4589,1.2,44.46,3704.84,TP 🟢,0.5672782806119456,11158.98
RSRUSDT,2026-08-02 07:00:00+00:00,0.001296,2026-08-02 08:30:00+00:00,0.001306692,0.525,19.53,3719.66,Trail-Lock 🔒,0.559762278234644,11178.51
ZROUSDT,2026-08-02 15:00:00+00:00,0.719,2026-08-02 22:30:00+00:00,0.72493175,0.525,19.56,3726.17,Trail-Lock 🔒,0.8445486992054783,11198.07
ZECUSDT,2026-08-02 19:30:00+00:00,472.32,2026-08-03 06:00:00+00:00,476.21664,0.525,19.6,3732.69,Trail-Lock 🔒,0.8360781698511028,11217.67
ZKUSDT,2026-08-02 19:30:00+00:00,0.00778,2026-08-03 03:30:00+00:00,0.007844185,0.525,19.63,3739.22,Trail-Lock 🔒,0.8324346252869912,11237.3
ICXUSDT,2026-08-02 23:00:00+00:00,0.0213,2026-08-03 05:30:00+00:00,0.021475725,0.525,19.67,3745.77,Trail-Lock 🔒,0.5897453752489902,11256.97
FLUXUSDT,2026-08-02 23:00:00+00:00,0.0401,2026-08-03 00:30:00+00:00,0.040430825,0.525,19.7,3752.32,Trail-Lock 🔒,0.5006963876664617,11276.67
ROSEUSDT,2026-08-03 18:30:00+00:00,0.00543,2026-08-04 00:30:00+00:00,0.0054747975,0.525,19.73,3758.89,Trail-Lock 🔒,0.6366157007681078,11296.4
EPICUSDT,2026-08-03 18:30:00+00:00,0.9105,2026-08-04 00:30:00+00:00,0.920794546459258,0.8306,31.28,3765.47,Trail-Lock 🔒,0.7455732785089633,11327.68
ACHUSDT,2026-08-03 22:00:00+00:00,0.00428,2026-08-04 04:30:00+00:00,0.00431531,0.525,19.82,3775.89,Trail-Lock 🔒,0.5956992535353797,11347.5
CKBUSDT,2026-08-04 07:30:00+00:00,0.000821,2026-08-04 08:00:00+00:00,0.000833315,1.2,45.39,3782.5,TP 🟢,0.7383826315021306,11392.89
RIFUSDT,2026-08-04 07:30:00+00:00,0.0734,2026-08-04 16:00:00+00:00,0.07450559874594413,1.2063,45.63,3782.5,Trail-Lock 🔒,0.7995926454762732,11438.52
ACHUSDT,2026-08-04 07:30:00+00:00,0.00429,2026-08-04 19:00:00+00:00,0.004354350000000001,1.2,45.75,3812.84,TP 🟢,0.7547217720057099,11484.27
VANAUSDT,2026-08-04 15:30:00+00:00,0.839,2026-08-04 16:00:00+00:00,0.8515849999999999,1.2,45.94,3828.09,TP 🟢,0.7362519472724296,11530.21
LINEAUSDT,2026-08-04 15:30:00+00:00,0.002269,2026-08-05 04:00:00+00:00,0.002266,-0.4322,-16.61,3843.4,Timeout ⏱️,0.8446788953512234,11513.6
DEXEUSDT,2026-08-04 20:00:00+00:00,2.315,2026-08-04 21:00:00+00:00,2.358552481885442,1.5813,60.69,3837.87,TP 🟢,0.8271776004549328,11574.29
OPENUSDT,2026-08-04 15:30:00+00:00,0.1903,2026-08-04 21:30:00+00:00,0.191869975,0.525,20.26,3858.1,Trail-Lock 🔒,0.8037522780539563,11594.54
IOUSDT,2026-08-05 05:30:00+00:00,0.1248,2026-08-05 12:00:00+00:00,0.1258296,0.525,20.29,3864.85,Trail-Lock 🔒,0.8329027177397144,11614.83
XPLUSDT,2026-08-05 05:30:00+00:00,0.07849,2026-08-05 07:00:00+00:00,0.0791375425,0.525,20.33,3871.61,Trail-Lock 🔒,0.7461299777041824,11635.16
ARKMUSDT,2026-08-05 05:30:00+00:00,0.0959,2026-08-05 13:30:00+00:00,0.094941,-1.3,-50.42,3878.39,SL 🔴,0.5683421162936277,11584.74
ENSOUSDT,2026-08-05 12:30:00+00:00,0.904,2026-08-05 20:00:00+00:00,0.911458,0.525,20.27,3861.58,Trail-Lock 🔒,0.6203354964557025,11605.01
STRAXUSDT,2026-08-05 17:30:00+00:00,0.00864,2026-08-05 20:30:00+00:00,0.00871128,0.525,20.31,3868.34,Trail-Lock 🔒,0.4672168074859579,11625.32
OPUSDT,2026-08-05 17:30:00+00:00,0.0886,2026-08-05 22:30:00+00:00,0.087714,-1.3,-50.29,3868.34,SL 🔴,0.5407731725552132,11575.03
LINKUSDT,2026-08-05 17:30:00+00:00,8.212,2026-08-06 02:00:00+00:00,8.12988,-1.3,-50.38,3875.11,SL 🔴,0.4665659771627279,11524.66
FILUSDT,2026-08-05 17:30:00+00:00,0.7224,2026-08-06 02:00:00+00:00,0.715176,-1.3,-50.38,3875.11,SL 🔴,0.4637647057475671,11474.28
RLCUSDT,2026-08-05 22:00:00+00:00,0.2727,2026-08-06 01:00:00+00:00,0.269973,-1.3,-49.72,3824.76,SL 🔴,0.8392258515538824,11424.56
ORDIUSDT,2026-08-05 12:30:00+00:00,3.372,2026-08-06 00:00:00+00:00,3.399819,0.525,19.99,3808.19,Trail-Lock 🔒,0.6071208030511029,11444.55
ZILUSDT,2026-08-05 22:00:00+00:00,0.002603,2026-08-06 05:30:00+00:00,0.00262447475,0.525,20.03,3814.85,Trail-Lock 🔒,0.5627163408123029,11464.58
HYPERUSDT,2026-08-05 22:00:00+00:00,0.0606,2026-08-06 00:00:00+00:00,0.05993351077216986,-1.3998,-53.49,3821.53,SL 🔴,0.5102679845058617,11411.08
VIRTUALUSDT,2026-08-05 17:30:00+00:00,0.567,2026-08-06 05:00:00+00:00,0.57167775,0.525,19.97,3803.69,Trail-Lock 🔒,0.45869148040803853,11431.05
PHAUSDT,2026-08-07 01:00:00+00:00,0.0218,2026-08-07 01:30:00+00:00,0.022127,1.2,45.72,3810.35,TP 🟢,0.7064470971137978,11476.78
MOVRUSDT,2026-08-07 01:00:00+00:00,1.182,2026-08-07 03:00:00+00:00,1.17018,-1.3,-49.73,3825.59,SL 🔴,0.6059050631769097,11427.04
ONEUSDT,2026-08-07 01:00:00+00:00,0.00126,2026-08-07 04:30:00+00:00,0.0012474,-1.3,-49.52,3809.01,SL 🔴,0.5764014410062981,11377.53
CHZUSDT,2026-08-07 01:00:00+00:00,0.01283,2026-08-07 04:30:00+00:00,0.0127017,-1.3,-49.3,3792.51,SL 🔴,0.5727871289586797,11328.23
SKLUSDT,2026-08-07 01:00:00+00:00,0.00353,2026-08-07 04:00:00+00:00,0.0034947000000000003,-1.3,-49.09,3776.08,SL 🔴,0.5705820980596814,11279.14
PROMUSDT,2026-08-07 01:00:00+00:00,2.014,2026-08-07 03:00:00+00:00,2.0442099999999996,1.2,45.12,3759.71,TP 🟢,0.5404006364897894,11324.25
SIGNUSDT,2026-08-07 01:00:00+00:00,0.00653,2026-08-07 04:00:00+00:00,0.0064647,-1.3,-49.07,3774.75,SL 🔴,0.5227693260493022,11275.18
EGLDUSDT,2026-08-07 01:00:00+00:00,2.82,2026-08-07 03:00:00+00:00,2.7918,-1.3,-48.86,3758.39,SL 🔴,0.4599558716084391,11226.32
PYTHUSDT,2026-08-07 01:00:00+00:00,0.03869,2026-08-07 08:30:00+00:00,0.039009192500000005,0.525,20.08,3825.59,Trail-Lock 🔒,0.6731863080693047,11246.41
SXTUSDT,2026-08-07 05:30:00+00:00,0.00784,2026-08-07 08:30:00+00:00,0.0079576,1.2,44.99,3748.8,TP 🟢,0.8411468815994313,11291.39
CUSDT,2026-08-07 05:30:00+00:00,0.0559,2026-08-07 11:30:00+00:00,0.0567385,1.2,45.17,3763.8,TP 🟢,0.5839715209343197,11336.56
CHRUSDT,2026-08-07 05:30:00+00:00,0.01324,2026-08-07 10:00:00+00:00,0.01334923,0.525,19.84,3778.85,Trail-Lock 🔒,0.7733767636228931,11356.4
ESPUSDT,2026-08-07 09:00:00+00:00,0.06928,2026-08-07 10:30:00+00:00,0.070988212951273,2.1657,81.98,3785.47,TP 🟢,0.7366156615324483,11438.38
IOTXUSDT,2026-08-07 05:30:00+00:00,0.00223,2026-08-07 13:00:00+00:00,0.00226345,1.2,45.75,3812.79,TP 🟢,0.7845110636017221,11484.13
THETAUSDT,2026-08-07 05:30:00+00:00,0.1347,2026-08-07 14:00:00+00:00,0.133353,-1.3,-49.76,3828.04,SL 🔴,0.7773730373094776,11434.37
FLUXUSDT,2026-08-07 05:30:00+00:00,0.0397,2026-08-07 16:00:00+00:00,0.039303,-1.3,-48.93,3763.8,SL 🔴,0.71872590278045,11385.44
SANDUSDT,2026-08-07 05:30:00+00:00,0.04105,2026-08-07 15:00:00+00:00,0.0413886625,0.525,19.92,3795.15,Trail-Lock 🔒,0.7935946698098457,11405.36
PROMUSDT,2026-08-07 14:30:00+00:00,2.02,2026-08-07 17:00:00+00:00,2.036665,0.525,19.96,3801.79,Trail-Lock 🔒,0.5304927618968073,11425.32
TOWNSUSDT,2026-08-07 05:30:00+00:00,0.00226,2026-08-07 18:00:00+00:00,0.00228,0.585,22.28,3808.44,Timeout ⏱️,0.8401656858610455,11447.6
DIAUSDT,2026-08-07 17:30:00+00:00,0.1224,2026-08-07 18:00:00+00:00,0.12343176013316805,0.5429,20.72,3815.87,Trail-Lock 🔒,0.6243541282256705,11468.32
0GUSDT,2026-08-07 17:30:00+00:00,0.144,2026-08-07 18:30:00+00:00,0.14518799999999998,0.525,20.07,3822.77,Trail-Lock 🔒,0.5561200463103346,11488.39
ZROUSDT,2026-08-07 17:30:00+00:00,0.825,2026-08-07 19:00:00+00:00,0.83180625,0.525,20.1,3829.46,Trail-Lock 🔒,0.5028627814082591,11508.49
2ZUSDT,2026-08-07 14:30:00+00:00,0.05544,2026-08-07 19:30:00+00:00,0.05488560000000001,-1.3,-49.87,3836.16,SL 🔴,0.4850458475817561,11458.62
FIDAUSDT,2026-08-07 17:30:00+00:00,0.0182,2026-08-07 20:00:00+00:00,0.01835015,0.525,20.14,3836.16,Trail-Lock 🔒,0.5004504043204345,11478.76
KAIAUSDT,2026-08-07 19:30:00+00:00,0.0267,2026-08-07 23:00:00+00:00,0.026920275000000004,0.525,20.09,3826.25,Trail-Lock 🔒,0.5485476156633888,11498.85
XECUSDT,2026-08-07 19:30:00+00:00,6.62e-06,2026-08-07 22:30:00+00:00,6.7193e-06,1.2,46.0,3832.95,TP 🟢,0.7620677809357079,11544.84
EPICUSDT,2026-08-07 21:30:00+00:00,1.1652,2026-08-07 23:30:00+00:00,1.193167637360583,2.1002,80.82,3848.28,Trail-Lock 🔒,0.5576156943283012,11625.67
VANAUSDT,2026-08-07 21:30:00+00:00,0.87,2026-08-08 03:00:00+00:00,0.8613,-1.3,-50.38,3875.22,SL 🔴,0.6415436317329003,11575.29
DIAUSDT,2026-08-08 04:00:00+00:00,0.1269,2026-08-08 04:30:00+00:00,0.12917047982253044,1.4892,57.46,3858.43,TP 🟢,0.8303974236608225,11632.75
COOKIEUSDT,2026-08-08 04:00:00+00:00,0.0099,2026-08-08 05:30:00+00:00,0.010077898747205761,1.497,58.05,3877.58,Trail-Lock 🔒,0.7552911338272108,11690.79
ARBUSDT,2026-08-07 19:30:00+00:00,0.0787,2026-08-08 08:00:00+00:00,0.0787,-0.3,-11.48,3826.25,Timeout ⏱️,0.5293323664641112,11679.31
STORJUSDT,2026-08-07 19:30:00+00:00,0.0451,2026-08-08 08:00:00+00:00,0.0451,-0.3,-11.48,3826.25,Timeout ⏱️,0.48550035806052544,11667.84
SIGNUSDT,2026-08-07 23:30:00+00:00,0.00675,2026-08-08 09:30:00+00:00,0.0068056875,0.525,20.46,3896.93,Trail-Lock 🔒,0.6853436163510334,11688.29
CELRUSDT,2026-08-08 07:00:00+00:00,0.001778,2026-08-08 09:30:00+00:00,0.00180467,1.2,46.67,3889.28,TP 🟢,0.49629729265412637,11734.97
ONEUSDT,2026-08-08 09:00:00+00:00,0.00125,2026-08-08 09:30:00+00:00,0.0012687500000000001,1.2,46.94,3911.66,TP 🟢,0.8456829973743322,11781.91
JASMYUSDT,2026-08-07 23:30:00+00:00,0.004,2026-08-08 11:30:00+00:00,0.004033,0.525,20.62,3927.3,Trail-Lock 🔒,0.6632468566131502,11802.52
EDUUSDT,2026-08-08 10:30:00+00:00,0.0356,2026-08-08 11:00:00+00:00,0.0358937,0.525,20.65,3934.17,Trail-Lock 🔒,0.5792665772532998,11823.18
NEWTUSDT,2026-08-08 09:00:00+00:00,0.0396,2026-08-08 16:00:00+00:00,0.040194,1.2,47.13,3927.3,TP 🟢,0.4934329992780658,11870.31
REQUSDT,2026-08-08 10:30:00+00:00,0.0513,2026-08-08 16:30:00+00:00,0.051723225,0.525,20.69,3941.06,Trail-Lock 🔒,0.468794143115522,11891.0
SKLUSDT,2026-08-08 14:30:00+00:00,0.00359,2026-08-08 17:00:00+00:00,0.0036196174999999996,0.525,20.81,3963.67,Trail-Lock 🔒,0.5054205868724766,11911.81
PIVXUSDT,2026-08-08 16:30:00+00:00,0.0271,2026-08-08 17:00:00+00:00,0.027738055382757115,2.0544,81.57,3970.6,TP 🟢,0.8128185968735282,11993.38
WALUSDT,2026-08-08 14:30:00+00:00,0.0252,2026-08-08 21:00:00+00:00,0.025578,1.2,47.97,3997.79,TP 🟢,0.649577328754902,12041.35
CUSDT,2026-08-08 19:30:00+00:00,0.0606,2026-08-08 20:00:00+00:00,0.061625600893905896,1.3924,55.89,4013.78,TP 🟢,0.7843207974319546,12097.24
NILUSDT,2026-08-08 19:30:00+00:00,0.03566,2026-08-08 20:00:00+00:00,0.03601545834326736,0.6968,28.1,4032.41,Trail-Lock 🔒,0.6424421892041869,12125.34
SUIUSDT,2026-08-08 14:30:00+00:00,0.6944,2026-08-09 03:00:00+00:00,0.6901,-0.9192,-36.75,3997.79,Timeout ⏱️,0.6302415214382655,12088.59
EIGENUSDT,2026-08-08 14:30:00+00:00,0.1769,2026-08-09 01:30:00+00:00,0.175131,-1.3,-51.97,3997.79,SL 🔴,0.5959066603071513,12036.62
SKLUSDT,2026-08-08 19:30:00+00:00,0.00361,2026-08-09 01:30:00+00:00,0.00366415,1.2,48.5,4041.78,TP 🟢,0.689548471214859,12085.12
XAIUSDT,2026-08-08 21:00:00+00:00,0.00739,2026-08-09 01:30:00+00:00,0.007553784021712665,1.9163,77.2,4028.37,TP 🟢,0.8187970045788783,12162.32
APTUSDT,2026-08-08 14:30:00+00:00,0.602,2026-08-09 00:00:00+00:00,0.6069665,0.525,21.28,4054.11,Trail-Lock 🔒,0.6439349081377002,12183.6
DIAUSDT,2026-08-08 22:30:00+00:00,0.1253,2026-08-09 04:00:00+00:00,0.1271795,1.2,48.73,4061.2,TP 🟢,0.6936186972696343,12232.33
LUNAUSDT,2026-08-09 03:30:00+00:00,0.0426,2026-08-09 06:00:00+00:00,0.04295145,0.525,21.41,4077.44,Trail-Lock 🔒,0.5382445496650055,12253.74
XVGUSDT,2026-08-09 03:30:00+00:00,0.002123,2026-08-09 08:30:00+00:00,0.002154845,1.2,49.01,4084.58,TP 🟢,0.48555927240909635,12302.76
KSMUSDT,2026-08-08 22:30:00+00:00,3.11,2026-08-09 07:00:00+00:00,3.15665,1.2,49.21,4100.92,TP 🟢,0.7363651669373562,12351.97
MOVRUSDT,2026-08-09 06:00:00+00:00,1.204,2026-08-09 07:00:00+00:00,1.1897990592042924,-1.4795,-60.91,4117.32,SL 🔴,0.6191576655607431,12291.05
VANAUSDT,2026-08-09 06:00:00+00:00,0.882,2026-08-09 10:00:00+00:00,0.87318,-1.3,-53.26,4097.02,SL 🔴,0.45838497272713047,12237.79
SCRTUSDT,2026-08-09 03:30:00+00:00,0.0326,2026-08-09 09:30:00+00:00,0.03286895,0.525,21.42,4079.26,Trail-Lock 🔒,0.7272012144260409,12259.21
XVGUSDT,2026-08-09 08:30:00+00:00,0.00214,2026-08-09 10:30:00+00:00,0.0021186,-1.3,-53.12,4086.4,SL 🔴,0.4731317162501212,12206.08
GTCUSDT,2026-08-09 03:30:00+00:00,0.08874,2026-08-09 12:00:00+00:00,0.0900711,1.2,48.82,4068.69,TP 🟢,0.8407376375753921,12254.91
SSVUSDT,2026-08-09 10:30:00+00:00,2.135,2026-08-09 16:30:00+00:00,2.1526137499999995,0.525,21.45,4084.97,Trail-Lock 🔒,0.5797755574519965,12276.35
QKCUSDT,2026-08-09 13:00:00+00:00,0.002016,2026-08-09 18:00:00+00:00,0.00199584,-1.3,-53.1,4084.97,SL 🔴,0.4681830226411845,12223.25
PIVXUSDT,2026-08-09 16:30:00+00:00,0.0251,2026-08-09 17:30:00+00:00,0.02542458060251702,0.9931,40.47,4074.42,Trail-Lock 🔒,0.8152524113792929,12263.71
HEIUSDT,2026-08-09 08:30:00+00:00,0.1656,2026-08-09 19:00:00+00:00,0.1584993101410077,-4.5879,-187.74,4092.12,SL 🔴,0.6548299907656624,12075.97
BANDUSDT,2026-08-09 18:30:00+00:00,0.1738,2026-08-09 20:30:00+00:00,0.17523385,0.525,21.13,4025.32,Trail-Lock 🔒,0.8061493875995052,12097.11
PIVXUSDT,2026-08-09 18:30:00+00:00,0.0255,2026-08-09 19:30:00+00:00,0.024909189514383746,-2.6169,-105.52,4032.37,SL 🔴,0.4560563970803885,11991.58
IQUSDT,2026-08-09 13:00:00+00:00,0.000658,2026-08-10 01:30:00+00:00,0.00065142,-1.3,-53.1,4084.97,SL 🔴,0.5176135387705191,11938.48
ALPINEUSDT,2026-08-09 16:30:00+00:00,0.334,2026-08-10 04:30:00+00:00,0.33675550000000004,0.525,20.89,3979.49,Trail-Lock 🔒,0.8461652638443372,11959.37
XVGUSDT,2026-08-09 18:30:00+00:00,0.002166,2026-08-10 04:00:00+00:00,0.0021838695,0.525,20.93,3986.46,Trail-Lock 🔒,0.8101191281870884,11980.3
EIGENUSDT,2026-08-09 13:00:00+00:00,0.1745,2026-08-09 23:30:00+00:00,0.172755,-1.3,-51.91,3993.43,SL 🔴,0.7646139266542771,11928.39
NEWTUSDT,2026-08-09 13:00:00+00:00,0.0395,2026-08-10 01:30:00+00:00,0.039825875000000004,0.525,20.87,3976.13,Trail-Lock 🔒,0.7189571282773761,11949.26
SKLUSDT,2026-08-09 22:30:00+00:00,0.00366,2026-08-10 01:00:00+00:00,0.0036901950000000003,0.525,20.91,3983.09,Trail-Lock 🔒,0.6272904138881166,11970.17
GMTUSDT,2026-08-09 16:30:00+00:00,0.00686,2026-08-10 00:00:00+00:00,0.006916595,0.525,20.95,3990.06,Trail-Lock 🔒,0.6095338366018472,11991.12
ADXUSDT,2026-08-09 18:30:00+00:00,0.0654,2026-08-10 05:30:00+00:00,0.06593955,0.525,20.98,3997.04,Trail-Lock 🔒,0.6686982334432836,12012.1
ERAUSDT,2026-08-10 04:30:00+00:00,0.0699,2026-08-10 05:30:00+00:00,0.0709485,1.2,48.05,4004.03,TP 🟢,0.4923389180561073,12060.15
LUNAUSDT,2026-08-10 14:00:00+00:00,0.0421,2026-08-10 16:30:00+00:00,0.041679,-1.3,-52.26,4020.05,SL 🔴,0.5924038233105196,12007.89
MIRAUSDT,2026-08-10 14:00:00+00:00,0.0424,2026-08-10 15:30:00+00:00,0.041976,-1.3,-52.03,4002.63,SL 🔴,0.5425111354469888,11955.86
HEIUSDT,2026-08-10 14:00:00+00:00,0.1513,2026-08-10 17:30:00+00:00,0.15510407194229767,2.2143,88.24,3985.29,TP 🟢,0.8101578548396517,12044.1
BLURUSDT,2026-08-10 17:00:00+00:00,0.014,2026-08-10 18:00:00+00:00,0.0141155,0.525,21.08,4014.7,Trail-Lock 🔒,0.5608497978199437,12065.18
AMPUSDT,2026-08-10 21:30:00+00:00,0.000385,2026-08-10 22:30:00+00:00,0.000390775,1.2,48.26,4021.73,TP 🟢,0.731153540824135,12113.44
DCRUSDT,2026-08-10 21:30:00+00:00,12.88,2026-08-10 23:00:00+00:00,12.7512,-1.3,-52.49,4037.81,SL 🔴,0.45520487900819123,12060.95
OPUSDT,2026-08-10 17:00:00+00:00,0.0911,2026-08-11 01:00:00+00:00,0.091851575,0.525,21.11,4021.73,Trail-Lock 🔒,0.5396537019627401,12082.06
FILUSDT,2026-08-10 19:30:00+00:00,0.6994,2026-08-11 01:30:00+00:00,0.70517005,0.525,21.2,4037.81,Trail-Lock 🔒,0.5539023051366012,12103.26
PROMUSDT,2026-08-10 21:30:00+00:00,2.049,2026-08-11 03:30:00+00:00,2.079735,1.2,48.41,4034.42,TP 🟢,0.8454448334486597,12151.67
DGBUSDT,2026-08-10 21:30:00+00:00,0.00381,2026-08-11 03:30:00+00:00,0.0038414325000000003,0.525,21.27,4050.56,Trail-Lock 🔒,0.6213990159185764,12172.94
XVGUSDT,2026-08-10 21:30:00+00:00,0.002184,2026-08-11 05:00:00+00:00,0.00216216,-1.3,-52.75,4057.65,SL 🔴,0.5130263320686813,12120.19
TNSRUSDT,2026-08-11 04:00:00+00:00,0.0319,2026-08-11 07:30:00+00:00,0.031581,-1.3,-52.52,4040.06,SL 🔴,0.727371595036556,12067.67
LSKUSDT,2026-08-10 17:00:00+00:00,0.077,2026-08-11 05:30:00+00:00,0.0774,0.2195,8.83,4022.56,Timeout ⏱️,0.6427634379189124,12076.5
DGBUSDT,2026-08-11 08:00:00+00:00,0.00381,2026-08-11 09:00:00+00:00,0.0037523286133144536,-1.8137,-73.01,4025.5,SL 🔴,0.8349521830205724,12003.49
GPSUSDT,2026-08-11 08:00:00+00:00,0.00928,2026-08-11 17:00:00+00:00,0.0091872,-1.3,-52.02,4001.16,SL 🔴,0.8413821953477076,11951.47
PIVXUSDT,2026-08-11 15:00:00+00:00,0.0235,2026-08-11 15:30:00+00:00,0.02389923044925918,1.3989,55.73,3983.82,Trail-Lock 🔒,0.7732430629473072,12007.2
CGPTUSDT,2026-08-11 14:30:00+00:00,0.02049,2026-08-11 17:30:00+00:00,0.020659042500000002,0.525,21.01,4002.4,Trail-Lock 🔒,0.4742253509657564,12028.21
INITUSDT,2026-08-11 14:30:00+00:00,0.0525,2026-08-11 20:30:00+00:00,0.0532875,1.2,48.11,4009.4,TP 🟢,0.8346082531696561,12076.33
CELRUSDT,2026-08-11 18:00:00+00:00,0.001975,2026-08-11 22:00:00+00:00,0.0020046250000000003,1.2,48.31,4025.44,TP 🟢,0.8493711733797468,12124.63
IMXUSDT,2026-08-11 22:30:00+00:00,0.112,2026-08-12 07:30:00+00:00,0.112924,0.525,21.22,4041.54,Trail-Lock 🔒,0.5223879859887209,12145.85
LUMIAUSDT,2026-08-12 04:30:00+00:00,0.0774,2026-08-12 08:00:00+00:00,0.076626,-1.3,-52.63,4048.62,SL 🔴,0.4738476126215667,12093.22
DIAUSDT,2026-08-12 09:00:00+00:00,0.1251,2026-08-12 09:30:00+00:00,0.12613207499999998,0.525,21.16,4031.07,Trail-Lock 🔒,0.5796618801480689,12114.38
EGLDUSDT,2026-08-12 09:00:00+00:00,2.71,2026-08-12 09:30:00+00:00,2.7323575,0.525,21.2,4038.13,Trail-Lock 🔒,0.4672387613144664,12135.58
DGBUSDT,2026-08-12 11:30:00+00:00,0.00397,2026-08-12 13:30:00+00:00,0.004047930674117914,1.663,67.27,4045.19,TP 🟢,0.8203336031811914,12202.85
GPSUSDT,2026-08-12 09:00:00+00:00,0.00956,2026-08-12 14:30:00+00:00,0.009703400000000001,1.2,48.81,4067.62,TP 🟢,0.8164857272225323,12251.66
MOVRUSDT,2026-08-12 11:30:00+00:00,0.925,2026-08-12 13:00:00+00:00,0.958610594933128,3.3336,136.14,4083.89,TP 🟢,0.71804186241964,12387.8
THETAUSDT,2026-08-12 11:30:00+00:00,0.1347,2026-08-12 14:00:00+00:00,0.133353,-1.3,-53.68,4129.27,SL 🔴,0.5001041972411087,12334.12
SENTUSDT,2026-08-12 09:00:00+00:00,0.01317,2026-08-12 19:00:00+00:00,0.0132786525,0.525,21.58,4111.37,Trail-Lock 🔒,0.7874394703075259,12355.71
BANANAUSDT,2026-08-12 18:00:00+00:00,3.714,2026-08-12 20:30:00+00:00,3.7446405,0.525,21.62,4118.57,Trail-Lock 🔒,0.8505074648001859,12377.33
BANDUSDT,2026-08-12 18:00:00+00:00,0.1606,2026-08-12 19:00:00+00:00,0.163009,1.2,49.51,4125.78,TP 🟢,0.8493506031917233,12426.84
JASMYUSDT,2026-08-12 15:00:00+00:00,0.00402,2026-08-12 21:30:00+00:00,0.0039798,-1.3,-53.45,4111.37,SL 🔴,0.7181455697642142,12373.39
ORDIUSDT,2026-08-12 15:00:00+00:00,3.445,2026-08-12 21:00:00+00:00,3.4105499999999997,-1.3,-53.85,4142.28,SL 🔴,0.5029838013388308,12319.54
2ZUSDT,2026-08-12 18:00:00+00:00,0.05154,2026-08-12 22:00:00+00:00,0.05014697256136251,-3.0028,-123.31,4106.51,SL 🔴,0.7946862993850786,12196.23
EDUUSDT,2026-08-12 18:00:00+00:00,0.0393,2026-08-12 21:30:00+00:00,0.039624225,0.525,21.34,4065.41,Trail-Lock 🔒,0.7904622233969905,12217.57
DIAUSDT,2026-08-12 20:30:00+00:00,0.1217,2026-08-13 03:30:00+00:00,0.1235255,1.2,48.87,4072.52,TP 🟢,0.780191661987448,12266.44
ESPUSDT,2026-08-12 22:30:00+00:00,0.07136,2026-08-13 00:00:00+00:00,0.0724304,1.2,49.07,4088.81,TP 🟢,0.66158923022931,12315.51
SFPUSDT,2026-08-12 22:30:00+00:00,0.2403,2026-08-13 00:00:00+00:00,0.24228247500000002,0.525,21.55,4105.17,Trail-Lock 🔒,0.5437011801931086,12337.06
TWTUSDT,2026-08-12 22:30:00+00:00,0.4062,2026-08-13 07:30:00+00:00,0.402138,-1.3,-53.46,4112.35,SL 🔴,0.5067612065466188,12283.6
INITUSDT,2026-08-13 04:30:00+00:00,0.0518,2026-08-13 09:00:00+00:00,0.051282,-1.3,-53.23,4094.53,SL 🔴,0.6406108071907196,12230.37
TRBUSDT,2026-08-13 04:30:00+00:00,13.66,2026-08-13 08:00:00+00:00,13.5234,-1.3,-53.0,4076.79,SL 🔴,0.5579009027314732,12177.37
ORDIUSDT,2026-08-13 04:30:00+00:00,3.477,2026-08-13 14:30:00+00:00,3.50568525,0.525,21.31,4059.12,Trail-Lock 🔒,0.663572007932402,12198.69
DGBUSDT,2026-08-13 11:30:00+00:00,0.00412,2026-08-13 12:00:00+00:00,0.004153990000000001,0.525,21.35,4066.23,Trail-Lock 🔒,0.6141137069110931,12220.03
FIDAUSDT,2026-08-13 04:30:00+00:00,0.0175,2026-08-13 16:00:00+00:00,0.017325,-1.3,-52.77,4059.12,SL 🔴,0.4824309797186276,12167.26
XVGUSDT,2026-08-13 09:00:00+00:00,0.002101,2026-08-13 16:30:00+00:00,0.00207999,-1.3,-52.72,4055.75,SL 🔴,0.7112974678626485,12114.54
REQUSDT,2026-08-13 15:00:00+00:00,0.051,2026-08-13 15:30:00+00:00,0.051765,1.2,48.46,4038.18,TP 🟢,0.6522974977591609,12163.0
WINUSDT,2026-08-13 15:00:00+00:00,3.125e-05,2026-08-13 16:30:00+00:00,3.09375e-05,-1.3,-52.71,4054.33,SL 🔴,0.554188831730475,12110.29
TWTUSDT,2026-08-13 09:00:00+00:00,0.4032,2026-08-13 18:30:00+00:00,0.409248,1.2,48.67,4055.75,TP 🟢,0.8421907244773653,12158.96
DEXEUSDT,2026-08-13 18:00:00+00:00,2.009,2026-08-14 00:30:00+00:00,2.02557425,0.525,21.28,4052.99,Trail-Lock 🔒,0.841832654226405,12180.24
IOUSDT,2026-08-13 21:00:00+00:00,0.1139,2026-08-14 01:30:00+00:00,0.11265478514463548,-1.3933,-56.47,4052.99,SL 🔴,0.5758519009201988,12123.77
ONGUSDT,2026-08-13 21:00:00+00:00,0.04244,2026-08-14 00:00:00+00:00,0.0420156,-1.3,-52.69,4052.99,SL 🔴,0.5112615777859271,12071.08
STEEMUSDT,2026-08-13 21:00:00+00:00,0.03594,2026-08-14 05:00:00+00:00,0.0355806,-1.3,-52.31,4023.69,SL 🔴,0.6698199623350025,12018.77
MTLUSDT,2026-08-13 23:30:00+00:00,0.194,2026-08-14 00:00:00+00:00,0.1956005,0.525,21.03,4006.26,Trail-Lock 🔒,0.49628341428317396,12039.81
WUSDT,2026-08-13 21:00:00+00:00,0.00814,2026-08-14 08:00:00+00:00,0.008058599999999999,-1.3,-52.08,4006.26,SL 🔴,0.5744525357250985,11987.72
JASMYUSDT,2026-08-13 21:00:00+00:00,0.00406,2026-08-14 07:00:00+00:00,0.0040194,-1.3,-51.95,3995.91,SL 🔴,0.7620966081017337,11935.78
ESPUSDT,2026-08-14 05:00:00+00:00,0.0751,2026-08-14 05:30:00+00:00,0.075719575,0.525,20.89,3978.59,Trail-Lock 🔒,0.6420558045316808,11956.67
OPUSDT,2026-08-13 23:30:00+00:00,0.0865,2026-08-14 10:00:00+00:00,0.08563499999999999,-1.3,-51.95,3995.91,SL 🔴,0.8335088399042487,11904.72
GUSDT,2026-08-14 05:00:00+00:00,0.00357,2026-08-14 09:30:00+00:00,0.0035342999999999998,-1.3,-51.81,3985.56,SL 🔴,0.5073053941661765,11852.91
NILUSDT,2026-08-14 09:00:00+00:00,0.04337,2026-08-14 09:30:00+00:00,0.042567527104345734,-2.1503,-84.96,3950.97,SL 🔴,0.4936355752532505,11767.95
RONINUSDT,2026-08-14 11:30:00+00:00,0.0495,2026-08-14 15:30:00+00:00,0.0502425,1.2,47.07,3922.65,TP 🟢,0.7483730516821495,11815.02
LAUSDT,2026-08-14 14:30:00+00:00,0.048,2026-08-14 15:30:00+00:00,0.048396,0.525,20.68,3938.34,Trail-Lock 🔒,0.5341860443779072,11835.7
ONGUSDT,2026-08-14 11:30:00+00:00,0.04279,2026-08-14 15:00:00+00:00,0.04343185,1.2,47.34,3945.23,TP 🟢,0.47255858312037213,11883.04
DUSKUSDT,2026-08-14 09:00:00+00:00,0.0607,2026-08-14 16:00:00+00:00,0.061200775,0.525,20.74,3950.97,Trail-Lock 🔒,0.8012636620936121,11903.78
KSMUSDT,2026-08-14 14:30:00+00:00,2.84,2026-08-14 16:00:00+00:00,2.8826,1.2,47.53,3961.01,TP 🟢,0.4611166107324407,11951.31
LAUSDT,2026-08-14 15:30:00+00:00,0.0483,2026-08-14 16:00:00+00:00,0.049024500000000006,1.2,47.81,3983.77,TP 🟢,0.5808679152289665,11999.12
TFUELUSDT,2026-08-14 15:30:00+00:00,0.00715,2026-08-14 16:30:00+00:00,0.0072089875,0.525,21.0,3999.71,Trail-Lock 🔒,0.4774582410953966,12020.12
CTSIUSDT,2026-08-14 18:30:00+00:00,0.0253,2026-08-14 19:00:00+00:00,0.0256795,1.2,48.08,4006.71,TP 🟢,0.846363455411548,12068.2
ZKPUSDT,2026-08-14 17:30:00+00:00,0.04,2026-08-14 19:30:00+00:00,0.040600000000000004,1.2,48.27,4022.73,TP 🟢,0.8377736651907312,12116.47
WLDUSDT,2026-08-14 15:30:00+00:00,0.3409,2026-08-14 19:30:00+00:00,0.3460135,1.2,48.47,4038.82,TP 🟢,0.7311130779310788,12164.94
AWEUSDT,2026-08-14 16:30:00+00:00,0.0622,2026-08-14 19:00:00+00:00,0.06271315,0.525,21.29,4054.98,Trail-Lock 🔒,0.6293711972503397,12186.23
ERAUSDT,2026-08-14 18:30:00+00:00,0.0598,2026-08-14 19:30:00+00:00,0.060697,1.2,48.74,4062.08,TP 🟢,0.5852419463031815,12234.97
DUSKUSDT,2026-08-14 16:30:00+00:00,0.0609,2026-08-15 00:00:00+00:00,0.061402425000000004,0.525,21.04,4006.71,Trail-Lock 🔒,0.5479310259345695,12256.01
CUSDT,2026-08-14 21:00:00+00:00,0.0654,2026-08-14 23:30:00+00:00,0.06593955,0.525,21.45,4085.34,Trail-Lock 🔒,0.8471708746868436,12277.45
ONGUSDT,2026-08-14 23:00:00+00:00,0.04476,2026-08-15 00:00:00+00:00,0.04550565940134837,1.3659,55.9,4092.48,TP 🟢,0.7547820828515133,12333.35
PARTIUSDT,2026-08-14 23:00:00+00:00,0.0224,2026-08-15 01:00:00+00:00,0.022176,-1.3,-53.44,4111.12,SL 🔴,0.49592731165598697,12279.91
GPSUSDT,2026-08-14 23:00:00+00:00,0.01034,2026-08-15 00:00:00+00:00,0.010432828791880382,0.5978,24.47,4093.3,Trail-Lock 🔒,0.49399156575366066,12304.38
STRAXUSDT,2026-08-14 15:30:00+00:00,0.00822,2026-08-15 01:30:00+00:00,0.008287815,0.525,21.41,4078.32,Trail-Lock 🔒,0.5485855241351871,12325.79
ZAMAUSDT,2026-08-14 23:00:00+00:00,0.04548,2026-08-15 01:30:00+00:00,0.0450252,-1.3,-53.32,4101.46,SL 🔴,0.4698789499287073,12272.47
DGBUSDT,2026-08-15 01:00:00+00:00,0.00414,2026-08-15 03:30:00+00:00,0.004095569534107319,-1.3732,-56.18,4090.82,SL 🔴,0.6152061311285333,12216.29
ARPAUSDT,2026-08-14 17:30:00+00:00,0.00847,2026-08-15 06:00:00+00:00,0.00847,-0.3,-12.02,4006.71,Timeout ⏱️,0.45986816623468457,12204.27
TOWNSUSDT,2026-08-15 05:00:00+00:00,0.00216,2026-08-15 09:30:00+00:00,0.0021924,1.2,48.82,4068.09,TP 🟢,0.8486099896636895,12253.09
IDUSDT,2026-08-15 07:00:00+00:00,0.0299,2026-08-15 10:00:00+00:00,0.029601,-1.3,-53.1,4084.36,SL 🔴,0.8378733509402037,12199.99
WAXPUSDT,2026-08-14 23:00:00+00:00,0.00366,2026-08-15 11:30:00+00:00,0.00367,-0.0268,-1.1,4090.82,Timeout ⏱️,0.8348205927491705,12198.9
VIRTUALUSDT,2026-08-15 02:00:00+00:00,0.5609,2026-08-15 14:30:00+00:00,0.5581,-0.7992,-32.54,4072.1,Timeout ⏱️,0.5207183670695428,12166.36
RAREUSDT,2026-08-15 12:00:00+00:00,0.01168,2026-08-15 14:30:00+00:00,0.011901625765344787,1.5975,64.79,4055.45,TP 🟢,0.8274502143210889,12231.14
WLDUSDT,2026-08-15 05:30:00+00:00,0.3414,2026-08-15 15:00:00+00:00,0.34652099999999997,1.2,48.8,4066.3,TP 🟢,0.8503921632599722,12279.94
DUSKUSDT,2026-08-15 14:00:00+00:00,0.0657,2026-08-15 15:00:00+00:00,0.06626382028087485,0.5582,22.85,4093.31,Trail-Lock 🔒,0.5573188341044221,12302.78
CTSIUSDT,2026-08-15 15:00:00+00:00,0.02498,2026-08-15 16:00:00+00:00,0.025354699999999997,1.2,49.21,4100.93,TP 🟢,0.6450746257368056,12351.99
DGBUSDT,2026-08-15 14:30:00+00:00,0.00398,2026-08-15 16:30:00+00:00,0.004012835,0.525,21.62,4117.33,Trail-Lock 🔒,0.6808053690050574,12373.61
ENJUSDT,2026-08-15 09:30:00+00:00,0.02427,2026-08-15 22:00:00+00:00,0.02415,-0.7944,-32.31,4066.66,Timeout ⏱️,0.46839139553566084,12341.3
ROSEUSDT,2026-08-15 11:00:00+00:00,0.00539,2026-08-15 23:00:00+00:00,0.0053361,-1.3,-53.0,4077.05,SL 🔴,0.6355511942539853,12288.3
2ZUSDT,2026-08-15 15:00:00+00:00,0.04923,2026-08-16 00:30:00+00:00,0.049636147500000005,0.525,21.6,4113.77,Trail-Lock 🔒,0.8401085271052924,12309.9
MEUSDT,2026-08-15 18:30:00+00:00,0.06493,2026-08-16 01:00:00+00:00,0.0654656725,0.525,21.54,4103.3,Trail-Lock 🔒,0.8364665457014996,12331.44
SHELLUSDT,2026-08-15 18:00:00+00:00,0.0202,2026-08-16 00:30:00+00:00,0.02036665,0.525,21.58,4110.48,Trail-Lock 🔒,0.7241196545657564,12353.02
ALTUSDT,2026-08-15 14:30:00+00:00,0.00603,2026-08-16 01:30:00+00:00,0.0059697,-1.3,-53.62,4124.54,SL 🔴,0.5306231051621656,12299.4
SSVUSDT,2026-08-15 13:00:00+00:00,2.12,2026-08-16 01:30:00+00:00,2.114,-0.583,-23.9,4099.8,Timeout ⏱️,0.7874682386650375,12275.5
PARTIUSDT,2026-08-15 14:30:00+00:00,0.0225,2026-08-16 03:00:00+00:00,0.0224,-0.7444,-30.49,4096.1,Timeout ⏱️,0.849587442803083,12245.01
MANTAUSDT,2026-08-15 14:30:00+00:00,0.05738,2026-08-16 03:00:00+00:00,0.05695,-1.0494,-42.94,4091.83,Timeout ⏱️,0.7681632110141422,12202.07
CELRUSDT,2026-08-15 18:00:00+00:00,0.00208,2026-08-16 04:00:00+00:00,0.0021111999999999997,1.2,48.81,4067.36,TP 🟢,0.8406736381687313,12250.88
SHELLUSDT,2026-08-16 01:00:00+00:00,0.0203,2026-08-16 04:00:00+00:00,0.020467475,0.525,21.44,4083.63,Trail-Lock 🔒,0.8219483491505569,12272.32
ACTUSDT,2026-08-15 16:30:00+00:00,0.00986,2026-08-16 05:00:00+00:00,0.00993,0.4099,16.67,4067.36,Timeout ⏱️,0.8435475090040082,12288.99
RONINUSDT,2026-08-16 03:00:00+00:00,0.05,2026-08-16 05:00:00+00:00,0.050412500000000006,0.525,21.51,4096.33,Trail-Lock 🔒,0.8411344775813596,12310.49
PROVEUSDT,2026-08-15 19:30:00+00:00,0.1504,2026-08-16 06:00:00+00:00,0.15164080000000002,0.525,21.54,4103.5,Trail-Lock 🔒,0.7053832370208579,12332.04
XPLUSDT,2026-08-16 03:00:00+00:00,0.07625,2026-08-16 07:00:00+00:00,0.07739375,1.2,49.33,4110.68,TP 🟢,0.749412784194611,12381.37
ALPINEUSDT,2026-08-15 19:00:00+00:00,0.315,2026-08-16 07:30:00+00:00,0.31759875,0.525,21.48,4090.77,Trail-Lock 🔒,0.8308123205241377,12402.84
RADUSDT,2026-08-16 06:00:00+00:00,0.232,2026-08-16 08:00:00+00:00,0.23548000000000002,1.2,49.61,4134.28,TP 🟢,0.849588329879559,12452.45
ALTUSDT,2026-08-16 07:00:00+00:00,0.00606,2026-08-16 09:00:00+00:00,0.006109995,0.525,21.79,4150.82,Trail-Lock 🔒,0.4912871840561606,12474.25
XAIUSDT,2026-08-16 05:00:00+00:00,0.00679,2026-08-16 08:30:00+00:00,0.00689185,1.2,49.9,4158.08,TP 🟢,0.8384494639645381,12524.14
ONEUSDT,2026-08-16 08:00:00+00:00,0.00072,2026-08-16 08:30:00+00:00,0.0007279638501319153,0.8061,33.65,4174.71,Trail-Lock 🔒,0.6833784635673208,12557.79
EPICUSDT,2026-08-16 07:30:00+00:00,0.3442,2026-08-16 08:30:00+00:00,0.34709718055822136,0.5417,22.68,4185.93,Trail-Lock 🔒,0.5182575536799211,12580.47
RONINUSDT,2026-08-16 08:00:00+00:00,0.0499,2026-08-16 10:00:00+00:00,0.05107119788263015,2.0471,85.84,4193.49,TP 🟢,0.811695140538003,12666.31
GPSUSDT,2026-08-16 04:30:00+00:00,0.01056,2026-08-16 11:00:00+00:00,0.0107184,1.2,50.67,4222.1,TP 🟢,0.7303940097537072,12716.98
RVNUSDT,2026-08-16 10:30:00+00:00,0.00274,2026-08-16 11:30:00+00:00,0.002762605,0.525,22.25,4238.99,Trail-Lock 🔒,0.722216397576516,12739.23
COOKIEUSDT,2026-08-16 11:00:00+00:00,0.0117,2026-08-16 11:30:00+00:00,0.011815802805713605,0.6898,29.29,4246.41,Trail-Lock 🔒,0.5717887367174164,12768.53
ACTUSDT,2026-08-16 11:00:00+00:00,0.01022,2026-08-16 11:30:00+00:00,0.0103733,1.2,51.07,4256.18,TP 🟢,0.5317267785152561,12819.6
RIFUSDT,2026-08-16 07:30:00+00:00,0.0703,2026-08-16 13:30:00+00:00,0.069597,-1.3,-55.2,4246.41,SL 🔴,0.5174464687300202,12764.4
MOVEUSDT,2026-08-16 13:00:00+00:00,0.0064,2026-08-16 13:30:00+00:00,0.006496,1.2,51.06,4254.8,TP 🟢,0.7372675072355536,12815.45
SCRTUSDT,2026-08-16 07:30:00+00:00,0.0277,2026-08-16 13:30:00+00:00,0.028115499999999998,1.2,51.26,4271.82,TP 🟢,0.6330730959750963,12866.72
ACTUSDT,2026-08-16 13:00:00+00:00,0.01034,2026-08-16 13:30:00+00:00,0.010425305000000001,0.525,22.52,4288.91,Trail-Lock 🔒,0.48258198586699713,12889.23
HOLOUSDT,2026-08-16 13:30:00+00:00,0.0565,2026-08-16 14:00:00+00:00,0.056966125,0.525,22.56,4296.41,Trail-Lock 🔒,0.5527275063668959,12911.79
SAPIENUSDT,2026-08-16 11:00:00+00:00,0.0777,2026-08-16 15:00:00+00:00,0.07834102500000001,0.525,22.6,4303.93,Trail-Lock 🔒,0.5275188085767993,12934.38
SOPHUSDT,2026-08-16 13:30:00+00:00,0.00368,2026-08-16 16:00:00+00:00,0.0037103600000000002,0.525,22.6,4303.93,Trail-Lock 🔒,0.5754603750757723,12956.98
SHELLUSDT,2026-08-16 14:30:00+00:00,0.021,2026-08-16 16:30:00+00:00,0.02077116650534482,-1.3897,-59.92,4311.46,SL 🔴,0.6117375761327961,12897.06
SAGAUSDT,2026-08-16 07:00:00+00:00,0.01316,2026-08-16 18:00:00+00:00,0.013028399999999999,-1.3,-54.42,4185.93,SL 🔴,0.558907462942928,12842.65
CHRUSDT,2026-08-16 07:00:00+00:00,0.01344,2026-08-16 19:30:00+00:00,0.01351,0.2208,9.45,4280.88,Timeout ⏱️,0.8328576237622811,12852.1
FLUXUSDT,2026-08-16 07:00:00+00:00,0.0401,2026-08-16 19:30:00+00:00,0.0402,-0.0506,-2.17,4280.88,Timeout ⏱️,0.8232845529297037,12849.93
SHELLUSDT,2026-08-16 18:30:00+00:00,0.0212,2026-08-16 20:30:00+00:00,0.0213749,0.525,22.49,4283.31,Trail-Lock 🔒,0.609850130103486,12872.42
CGPTUSDT,2026-08-16 16:00:00+00:00,0.02037,2026-08-16 21:00:00+00:00,0.020166299999999998,-1.3,-55.89,4299.02,SL 🔴,0.48996888347747847,12816.53
SCRUSDT,2026-08-16 13:30:00+00:00,0.02064,2026-08-16 21:00:00+00:00,0.0204336,-1.3,-55.68,4283.31,SL 🔴,0.7755820149152521,12760.85
BMTUSDT,2026-08-16 09:00:00+00:00,0.0147,2026-08-16 21:00:00+00:00,0.014841662276031243,0.6637,28.23,4253.62,Trail-Lock 🔒,0.8312398651090137,12789.08
EGLDUSDT,2026-08-16 13:00:00+00:00,2.62,2026-08-16 21:30:00+00:00,2.5938,-1.3,-55.78,4290.81,SL 🔴,0.5507155177129792,12733.3
NEWTUSDT,2026-08-16 16:30:00+00:00,0.0373,2026-08-16 21:30:00+00:00,0.037607725,0.525,22.28,4244.43,Trail-Lock 🔒,0.8354628148342048,12755.58
RAREUSDT,2026-08-16 20:30:00+00:00,0.01228,2026-08-16 21:30:00+00:00,0.01253390060121623,1.7676,75.16,4251.86,TP 🟢,0.8195835202677237,12830.74
RLCUSDT,2026-08-16 18:00:00+00:00,0.2826,2026-08-16 21:30:00+00:00,0.28493145000000003,0.525,22.45,4276.91,Trail-Lock 🔒,0.7944599721208128,12853.19
HOLOUSDT,2026-08-16 15:00:00+00:00,0.0571,2026-08-16 21:30:00+00:00,0.057571075,0.525,22.49,4284.4,Trail-Lock 🔒,0.7423907628978069,12875.69
RIFUSDT,2026-08-16 21:00:00+00:00,0.0709,2026-08-16 22:00:00+00:00,0.071484925,0.525,22.53,4291.9,Trail-Lock 🔒,0.4839747979104009,12898.22
CTKUSDT,2026-08-16 23:00:00+00:00,0.109,2026-08-17 01:00:00+00:00,0.10989925,0.525,22.57,4299.41,Trail-Lock 🔒,0.6735206731749871,12920.79
REQUSDT,2026-08-16 13:00:00+00:00,0.0508,2026-08-16 23:30:00+00:00,0.0512191,0.525,22.61,4306.93,Trail-Lock 🔒,0.649483630845553,12943.4
SOPHUSDT,2026-08-16 18:00:00+00:00,0.00372,2026-08-17 00:00:00+00:00,0.0037758,1.2,51.77,4314.47,TP 🟢,0.5137749255168196,12995.18
PROMUSDT,2026-08-16 15:00:00+00:00,2.049,2026-08-17 01:30:00+00:00,2.079735,1.2,51.98,4331.73,TP 🟢,0.8432445865075894,13047.16
MEGAUSDT,2026-08-16 15:00:00+00:00,0.03142,2026-08-17 03:30:00+00:00,0.03154,0.0819,3.52,4299.41,Timeout ⏱️,0.8357932038475472,13050.68
TOWNSUSDT,2026-08-17 01:00:00+00:00,0.00232,2026-08-17 04:30:00+00:00,0.0023548,1.2,52.2,4350.23,TP 🟢,0.8391656654674322,13102.88
0GUSDT,2026-08-17 04:00:00+00:00,0.158,2026-08-17 07:00:00+00:00,0.15930350000000001,0.525,22.93,4367.63,Trail-Lock 🔒,0.5362164709737759,13125.81
SANDUSDT,2026-08-17 04:00:00+00:00,0.04024,2026-08-17 08:00:00+00:00,0.0398376,-1.3,-56.88,4375.27,SL 🔴,0.6221949026220619,13068.93
ALTUSDT,2026-08-17 01:00:00+00:00,0.00599,2026-08-17 10:30:00+00:00,0.0059301,-1.3,-56.55,4350.23,SL 🔴,0.7885227081548298,13012.38
LINKUSDT,2026-08-17 01:00:00+00:00,9.381,2026-08-17 10:30:00+00:00,9.521715,1.2,52.28,4356.31,TP 🟢,0.7051152771961906,13064.66
SSVUSDT,2026-08-17 01:00:00+00:00,2.145,2026-08-17 12:30:00+00:00,2.177175,1.2,52.41,4367.63,TP 🟢,0.7029509068567612,13117.07
ESPUSDT,2026-08-17 01:00:00+00:00,0.07183,2026-08-17 13:30:00+00:00,0.07157,-0.662,-28.83,4354.89,Timeout ⏱️,0.7870914011589738,13088.24
LUMIAUSDT,2026-08-17 10:00:00+00:00,0.0853,2026-08-17 14:00:00+00:00,0.0865795,1.2,52.35,4362.75,TP 🟢,0.8439856088800258,13140.59
NILUSDT,2026-08-17 02:00:00+00:00,0.04639,2026-08-17 14:30:00+00:00,0.0467,0.3682,16.13,4380.2,Timeout ⏱️,0.8104451671618457,13156.72
ERAUSDT,2026-08-17 03:00:00+00:00,0.0599,2026-08-17 15:30:00+00:00,0.0602,0.2008,8.78,4372.36,Timeout ⏱️,0.833108218815779,13165.5
DGBUSDT,2026-08-17 15:00:00+00:00,0.00417,2026-08-17 15:30:00+00:00,0.00423255,1.2,52.66,4388.5,TP 🟢,0.8468126741562765,13218.17
ZAMAUSDT,2026-08-17 14:00:00+00:00,0.04221,2026-08-17 15:30:00+00:00,0.042843149999999997,1.2,52.87,4406.06,TP 🟢,0.8340225473695383,13271.04
EPICUSDT,2026-08-17 15:00:00+00:00,0.3471,2026-08-17 16:00:00+00:00,0.349963575,0.525,23.22,4423.68,Trail-Lock 🔒,0.7451814758869979,13294.26
HEIUSDT,2026-08-17 15:30:00+00:00,0.1336,2026-08-17 16:00:00+00:00,0.1347022,0.525,23.26,4431.42,Trail-Lock 🔒,0.7045921524261587,13317.53
MIRAUSDT,2026-08-17 15:00:00+00:00,0.0391,2026-08-17 16:00:00+00:00,0.039422575,0.525,23.31,4439.18,Trail-Lock 🔒,0.6094255220695586,13340.83
ORDIUSDT,2026-08-17 04:00:00+00:00,3.386,2026-08-17 16:30:00+00:00,3.406,0.2907,12.66,4354.89,Timeout ⏱️,0.7573887678109444,13353.49
PARTIUSDT,2026-08-17 14:30:00+00:00,0.0236,2026-08-17 17:30:00+00:00,0.023355840218283488,-1.3346,-59.04,4423.68,SL 🔴,0.5900278642712061,13294.45
CFXUSDT,2026-08-17 13:00:00+00:00,0.04269,2026-08-17 21:00:00+00:00,0.0422631,-1.3,-57.81,4446.94,SL 🔴,0.5841859951071005,13236.64
ICXUSDT,2026-08-17 15:30:00+00:00,0.0181,2026-08-17 21:00:00+00:00,0.017919,-1.3,-57.87,4451.16,SL 🔴,0.6342773348414729,13178.78
FETUSDT,2026-08-17 17:00:00+00:00,0.1232,2026-08-17 21:00:00+00:00,0.1242164,0.525,23.27,4431.48,Trail-Lock 🔒,0.4835927993155843,13202.04
GTCUSDT,2026-08-17 18:30:00+00:00,0.08439,2026-08-17 22:30:00+00:00,0.08354610000000001,-1.3,-57.21,4400.68,SL 🔴,0.8346572531616018,13144.84
COOKIEUSDT,2026-08-17 20:00:00+00:00,0.0113,2026-08-17 22:30:00+00:00,0.011152451320745799,-1.6057,-70.66,4400.68,SL 🔴,0.7847039330539368,13074.17
EIGENUSDT,2026-08-17 21:00:00+00:00,0.1699,2026-08-18 00:00:00+00:00,0.17130167500000001,0.525,23.1,4400.68,Trail-Lock 🔒,0.5932471655731745,13097.28
ARBUSDT,2026-08-17 18:00:00+00:00,0.0749,2026-08-18 02:30:00+00:00,0.074151,-1.3,-56.65,4358.06,SL 🔴,0.6508107964385215,13040.62
SAPIENUSDT,2026-08-17 21:30:00+00:00,0.0767,2026-08-18 02:30:00+00:00,0.075933,-1.3,-56.65,4358.06,SL 🔴,0.5836916819959099,12983.97
SHELLUSDT,2026-08-17 21:30:00+00:00,0.0213,2026-08-18 01:30:00+00:00,0.021086999999999998,-1.3,-56.26,4327.99,SL 🔴,0.808450463277723,12927.7
SAGAUSDT,2026-08-17 21:00:00+00:00,0.01336,2026-08-18 01:30:00+00:00,0.01347022,0.525,22.62,4309.23,Trail-Lock 🔒,0.7562827334204931,12950.33
EGLDUSDT,2026-08-18 01:00:00+00:00,2.74,2026-08-18 02:30:00+00:00,2.762605,0.525,22.66,4316.78,Trail-Lock 🔒,0.714661856452537,12972.99
SXTUSDT,2026-08-17 21:00:00+00:00,0.00718,2026-08-18 02:30:00+00:00,0.007108199999999999,-1.3,-56.22,4324.33,SL 🔴,0.6104584569533156,12916.77
APTUSDT,2026-08-17 17:00:00+00:00,0.525,2026-08-18 02:30:00+00:00,0.51975,-1.3,-55.97,4305.59,SL 🔴,0.561244815829527,12860.8
LSKUSDT,2026-08-18 04:00:00+00:00,0.0783,2026-08-18 06:30:00+00:00,0.07947449999999999,1.2,51.44,4286.93,TP 🟢,0.7533177006731456,12912.24
ZECUSDT,2026-08-17 18:30:00+00:00,511.14,2026-08-18 07:00:00+00:00,508.32,-0.8517,-36.83,4324.33,Timeout ⏱️,0.6178168043705177,12875.41
KITEUSDT,2026-08-18 04:00:00+00:00,0.092,2026-08-18 08:00:00+00:00,0.09108,-1.3,-55.79,4291.8,SL 🔴,0.7253813347723912,12819.62
IOUSDT,2026-08-18 03:30:00+00:00,0.1135,2026-08-18 08:00:00+00:00,0.11227217168439753,-1.3818,-59.05,4273.21,SL 🔴,0.5181965461404494,12760.57
AWEUSDT,2026-08-18 05:30:00+00:00,0.05892,2026-08-18 11:30:00+00:00,0.05940609,0.525,22.33,4253.52,Trail-Lock 🔒,0.8375699396036933,12782.9
RAREUSDT,2026-08-18 06:30:00+00:00,0.01206,2026-08-18 12:30:00+00:00,0.012159495,0.525,22.33,4253.52,Trail-Lock 🔒,0.8392322134684832,12805.23
POLUSDT,2026-08-18 09:30:00+00:00,0.0805,2026-08-18 12:30:00+00:00,0.0817075,1.2,51.13,4260.97,TP 🟢,0.5303364952422457,12856.37
HEIUSDT,2026-08-18 07:00:00+00:00,0.1289,2026-08-18 12:00:00+00:00,0.13128684085905926,1.5517,66.5,4285.46,TP 🟢,0.8270887243112951,12922.86
DIAUSDT,2026-08-18 11:00:00+00:00,0.1263,2026-08-18 12:30:00+00:00,0.127341975,0.525,22.62,4307.62,Trail-Lock 🔒,0.8252393126162085,12945.48
WALUSDT,2026-08-18 11:00:00+00:00,0.0211,2026-08-18 13:00:00+00:00,0.021274075,0.525,22.65,4315.16,Trail-Lock 🔒,0.8193934996395467,12968.13
ONEUSDT,2026-08-18 12:30:00+00:00,0.00072,2026-08-18 13:00:00+00:00,0.0007339555563995288,1.6383,70.82,4322.71,TP 🟢,0.6852832710747694,13038.95
ATUSDT,2026-08-18 02:30:00+00:00,0.1511,2026-08-18 13:00:00+00:00,0.149589,-1.3,-56.5,4346.32,SL 🔴,0.6323648675607653,12982.45
MEUSDT,2026-08-18 04:00:00+00:00,0.05824,2026-08-18 14:00:00+00:00,0.05872048,0.525,22.65,4315.16,Trail-Lock 🔒,0.7039456323021371,13005.1
ONEUSDT,2026-08-18 13:30:00+00:00,0.00072,2026-08-18 14:00:00+00:00,0.0007277406579966133,0.7751,33.6,4335.03,Trail-Lock 🔒,0.6848531314046913,13038.7
STRAXUSDT,2026-08-18 07:00:00+00:00,0.00832,2026-08-18 15:00:00+00:00,0.008444799999999999,1.2,51.04,4253.52,TP 🟢,0.49241644820507446,13089.75
EPICUSDT,2026-08-18 12:30:00+00:00,0.3528,2026-08-18 15:00:00+00:00,0.3478207113498597,-1.7114,-74.38,4346.23,SL 🔴,0.6370288266409456,13015.37
ARKMUSDT,2026-08-18 14:00:00+00:00,0.087,2026-08-18 14:30:00+00:00,0.08771775,0.525,22.78,4338.46,Trail-Lock 🔒,0.6138660847276506,13038.14
PHAUSDT,2026-08-18 11:30:00+00:00,0.0213,2026-08-18 15:30:00+00:00,0.021475725,0.525,22.72,4327.48,Trail-Lock 🔒,0.5911452678963025,13060.86
PROMUSDT,2026-08-18 12:30:00+00:00,1.868,2026-08-18 15:30:00+00:00,1.888937691715995,0.8209,35.61,4338.46,Trail-Lock 🔒,0.8223358133471765,13096.47
IQUSDT,2026-08-18 14:00:00+00:00,0.000598,2026-08-18 15:30:00+00:00,0.0006029335,0.525,22.82,4346.05,Trail-Lock 🔒,0.6111007539411933,13119.29
STRAXUSDT,2026-08-18 15:00:00+00:00,0.00835,2026-08-18 15:30:00+00:00,0.00847525,1.2,52.48,4373.1,TP 🟢,0.8405891152569804,13171.77
MASKUSDT,2026-08-18 15:00:00+00:00,0.357,2026-08-18 15:30:00+00:00,0.35994525,0.525,23.05,4390.59,Trail-Lock 🔒,0.6336699524779793,13194.82
AMPUSDT,2026-08-18 14:00:00+00:00,0.000368,2026-08-18 17:00:00+00:00,0.000371036,0.525,23.09,4398.27,Trail-Lock 🔒,0.623088782838113,13217.91
ZKPUSDT,2026-08-18 15:30:00+00:00,0.0398,2026-08-18 16:30:00+00:00,0.040397,1.2,52.87,4405.97,TP 🟢,0.6041049946433886,13270.78
FILUSDT,2026-08-18 15:30:00+00:00,0.6268,2026-08-18 18:30:00+00:00,0.6319711,0.525,23.09,4398.27,Trail-Lock 🔒,0.49447850143657834,13293.87
SAGAUSDT,2026-08-18 16:00:00+00:00,0.01339,2026-08-18 19:00:00+00:00,0.013590850000000002,1.2,53.18,4431.29,TP 🟢,0.8088499776725006,13347.05
ZROUSDT,2026-08-18 14:00:00+00:00,0.782,2026-08-18 20:30:00+00:00,0.77418,-1.3,-57.51,4423.59,SL 🔴,0.5888255275285177,13289.54
CELRUSDT,2026-08-18 16:00:00+00:00,0.001996,2026-08-19 00:00:00+00:00,0.002012467,0.525,23.13,4405.97,Trail-Lock 🔒,0.6085069470801513,13312.67
IDUSDT,2026-08-18 14:00:00+00:00,0.0273,2026-08-19 00:00:00+00:00,0.027525225,0.525,23.36,4449.02,Trail-Lock 🔒,0.6295392278033853,13336.03
WALUSDT,2026-08-18 15:30:00+00:00,0.0214,2026-08-19 01:00:00+00:00,0.021137906641819484,-1.5247,-67.54,4429.85,SL 🔴,0.8083242582138686,13268.49
GUSDT,2026-08-18 23:30:00+00:00,0.00387,2026-08-19 00:00:00+00:00,0.00392805,1.2,53.07,4422.83,TP 🟢,0.7319812420787164,13321.56
MEUSDT,2026-08-18 23:30:00+00:00,0.05835,2026-08-19 00:30:00+00:00,0.0577665,-1.3,-57.73,4440.52,SL 🔴,0.467501589572519,13263.83
PYTHUSDT,2026-08-18 14:00:00+00:00,0.03816,2026-08-19 01:30:00+00:00,0.03847482,0.525,23.31,4440.52,Trail-Lock 🔒,0.5579927059326608,13287.15
BMTUSDT,2026-08-18 14:00:00+00:00,0.01575,2026-08-19 02:30:00+00:00,0.01572,-0.4905,-21.72,4429.05,Timeout ⏱️,0.8046822398679143,13265.42
ACEUSDT,2026-08-19 01:00:00+00:00,0.2296,2026-08-19 01:30:00+00:00,0.2397833272010552,4.1352,182.85,4421.81,TP 🟢,0.6312954717531786,13448.28
ACTUSDT,2026-08-19 01:00:00+00:00,0.01006,2026-08-19 02:00:00+00:00,0.010142995,0.525,23.53,4482.76,Trail-Lock 🔒,0.565723194545551,13471.81
IOTXUSDT,2026-08-18 23:30:00+00:00,0.00253,2026-08-19 04:00:00+00:00,0.0025508725,0.525,23.21,4421.81,Trail-Lock 🔒,0.6468314345301512,13495.02
GMTUSDT,2026-08-19 01:00:00+00:00,0.00595,2026-08-19 05:00:00+00:00,0.005890500000000001,-1.3,-58.38,4490.6,SL 🔴,0.45554031959976266,13436.65
LUMIAUSDT,2026-08-19 02:30:00+00:00,0.0829,2026-08-19 05:30:00+00:00,0.0841435,1.2,53.75,4478.88,TP 🟢,0.8488656322856721,13490.39
PHAUSDT,2026-08-18 17:30:00+00:00,0.0213,2026-08-19 06:00:00+00:00,0.0214,0.1695,7.59,4478.88,Timeout ⏱️,0.7970648880905661,13497.98
PROMUSDT,2026-08-19 01:00:00+00:00,1.918,2026-08-19 06:00:00+00:00,1.9516332889079768,1.4536,65.4,4499.33,TP 🟢,0.830753616087053,13563.38
ARBUSDT,2026-08-19 05:00:00+00:00,0.0758,2026-08-19 07:00:00+00:00,0.07642535,0.525,23.61,4496.8,Trail-Lock 🔒,0.4703127277044865,13586.99
BIOUSDT,2026-08-19 05:30:00+00:00,0.02497,2026-08-19 07:30:00+00:00,0.02534455,1.2,54.25,4521.13,TP 🟢,0.46615751714417825,13641.25
SXTUSDT,2026-08-19 05:30:00+00:00,0.00728,2026-08-19 08:00:00+00:00,0.0072072,-1.3,-59.11,4547.08,SL 🔴,0.8495035981414291,13582.13
CUSDT,2026-08-19 08:00:00+00:00,0.0638,2026-08-19 09:30:00+00:00,0.063162,-1.3,-58.86,4527.38,SL 🔴,0.48905090429310466,13523.28
PROMUSDT,2026-08-19 08:30:00+00:00,2.015,2026-08-19 09:00:00+00:00,2.0641939104556064,2.1414,96.53,4507.76,TP 🟢,0.8123509592493277,13619.81
CYBERUSDT,2026-08-19 07:00:00+00:00,0.288,2026-08-19 10:00:00+00:00,0.2850711564456447,-1.317,-59.37,4507.76,SL 🔴,0.8491300932296858,13560.44
ARKMUSDT,2026-08-19 06:30:00+00:00,0.0865,2026-08-19 14:30:00+00:00,0.08779749999999999,1.2,54.33,4527.38,TP 🟢,0.45823877190324774,13614.77
EGLDUSDT,2026-08-19 08:30:00+00:00,2.76,2026-08-19 14:30:00+00:00,2.7827699999999997,0.525,23.83,4539.94,Trail-Lock 🔒,0.5464782363668608,13638.6
ADXUSDT,2026-08-19 11:00:00+00:00,0.0624,2026-08-19 14:30:00+00:00,0.0629148,0.525,23.73,4520.15,Trail-Lock 🔒,0.49723398300008936,13662.34
0GUSDT,2026-08-19 14:00:00+00:00,0.141,2026-08-19 14:30:00+00:00,0.14216325,0.525,23.91,4554.11,Trail-Lock 🔒,0.5594564001906354,13686.24
QKCUSDT,2026-08-19 14:00:00+00:00,0.001952,2026-08-19 15:00:00+00:00,0.0019812799999999998,1.2,54.74,4562.08,TP 🟢,0.48364848674830224,13740.99
ZROUSDT,2026-08-19 13:30:00+00:00,0.849,2026-08-19 17:00:00+00:00,0.861735,1.2,54.96,4580.33,TP 🟢,0.7593316188474376,13795.95
ONEUSDT,2026-08-19 15:00:00+00:00,0.00071,2026-08-19 18:00:00+00:00,0.0007243143259103806,1.7161,78.92,4598.65,TP 🟢,0.8238002459400187,13874.87
STORJUSDT,2026-08-19 15:00:00+00:00,0.0406,2026-08-19 18:30:00+00:00,0.04093495,0.525,24.14,4598.65,Trail-Lock 🔒,0.7765778100255843,13899.01
ESPUSDT,2026-08-19 18:00:00+00:00,0.08031,2026-08-19 18:30:00+00:00,0.08106211803622176,0.6365,29.49,4633.0,Trail-Lock 🔒,0.4871011370426349,13928.5
DGBUSDT,2026-08-19 15:00:00+00:00,0.0039,2026-08-19 19:30:00+00:00,0.0039585,1.2,55.71,4642.83,TP 🟢,0.8506249392355205,13984.22
LAUSDT,2026-08-19 16:00:00+00:00,0.0572,2026-08-19 20:00:00+00:00,0.056093726215826215,-2.234,-103.5,4633.0,SL 🔴,0.649333696190646,13880.71
BTTCUSDT,2026-08-19 20:00:00+00:00,2.7e-07,2026-08-19 20:30:00+00:00,2.758928578805885e-07,1.8825,87.1,4626.9,Trail-Lock 🔒,0.6743763611673992,13967.82
WALUSDT,2026-08-19 21:00:00+00:00,0.0223,2026-08-19 22:00:00+00:00,0.022483975,0.525,24.44,4655.94,Trail-Lock 🔒,0.600030351603126,13992.26
0GUSDT,2026-08-19 21:00:00+00:00,0.15,2026-08-19 22:30:00+00:00,0.1512375,0.525,24.49,4664.09,Trail-Lock 🔒,0.8358734028675321,14016.75
NILUSDT,2026-08-19 19:00:00+00:00,0.04177,2026-08-19 23:00:00+00:00,0.042229191764393596,0.7993,37.35,4672.25,Trail-Lock 🔒,0.823203874174191,14054.1
BICOUSDT,2026-08-19 21:30:00+00:00,0.01693,2026-08-20 01:00:00+00:00,0.01654880372488272,-2.5516,-119.53,4684.7,SL 🔴,0.8146029425695963,13934.56
XAIUSDT,2026-08-19 21:00:00+00:00,0.00718,2026-08-20 02:30:00+00:00,0.007287699999999999,1.2,55.74,4644.85,TP 🟢,0.7983410608440994,13990.3
ONGUSDT,2026-08-20 01:00:00+00:00,0.06177,2026-08-20 01:30:00+00:00,0.06238597797216167,0.6972,32.51,4663.43,Trail-Lock 🔒,0.6610133358144417,14022.81
GLMRUSDT,2026-08-19 15:00:00+00:00,0.007169,2026-08-20 03:30:00+00:00,0.00716,-0.4255,-19.89,4674.27,Timeout ⏱️,0.8374020415657137,14002.92
BANDUSDT,2026-08-20 02:30:00+00:00,0.1623,2026-08-20 03:00:00+00:00,0.163638975,0.525,24.51,4667.64,Trail-Lock 🔒,0.6517333409595087,14027.43
DIAUSDT,2026-08-20 02:30:00+00:00,0.1306,2026-08-20 03:00:00+00:00,0.13167744999999997,0.525,24.55,4675.81,Trail-Lock 🔒,0.6383537398854645,14051.97
DGBUSDT,2026-08-20 02:30:00+00:00,0.00404,2026-08-20 03:00:00+00:00,0.00407333,0.525,24.59,4683.99,Trail-Lock 🔒,0.5665709497952176,14076.57
KAITOUSDT,2026-08-20 02:30:00+00:00,0.352,2026-08-20 03:30:00+00:00,0.354904,0.525,24.63,4692.19,Trail-Lock 🔒,0.5141923670209404,14101.2
STORJUSDT,2026-08-19 21:00:00+00:00,0.041,2026-08-20 05:30:00+00:00,0.04133825,0.525,24.68,4700.4,Trail-Lock 🔒,0.843524982212107,14125.88
INITUSDT,2026-08-20 03:30:00+00:00,0.0536,2026-08-20 05:30:00+00:00,0.054404,1.2,56.5,4708.63,TP 🟢,0.5177910268080823,14182.38
SCRUSDT,2026-08-19 20:00:00+00:00,0.02041,2026-08-20 06:30:00+00:00,0.020578382500000002,0.525,24.59,4683.99,Trail-Lock 🔒,0.5989946996222508,14206.97
FLUXUSDT,2026-08-19 21:00:00+00:00,0.0406,2026-08-20 07:00:00+00:00,0.04093495,0.525,24.51,4667.64,Trail-Lock 🔒,0.7732088552522769,14231.48
ZKPUSDT,2026-08-19 21:00:00+00:00,0.0402,2026-08-20 07:00:00+00:00,0.04053165,0.525,24.91,4743.83,Trail-Lock 🔒,0.8423231606131818,14256.38
ZKUSDT,2026-08-20 04:00:00+00:00,0.00829,2026-08-20 08:00:00+00:00,0.008414350000000001,1.2,57.03,4752.13,TP 🟢,0.640911958818888,14313.41
ONGUSDT,2026-08-20 06:30:00+00:00,0.06263,2026-08-20 07:30:00+00:00,0.06367302115955874,1.3654,65.14,4771.14,TP 🟢,0.7757555349316977,14378.55
IMXUSDT,2026-08-20 08:00:00+00:00,0.1036,2026-08-20 09:30:00+00:00,0.105154,1.2,57.51,4792.85,TP 🟢,0.8484889007234182,14436.06
XPLUSDT,2026-08-20 08:00:00+00:00,0.08193,2026-08-20 09:30:00+00:00,0.08260592250000001,0.525,25.26,4812.02,Trail-Lock 🔒,0.6831657307186857,14461.33
ZKPUSDT,2026-08-20 08:00:00+00:00,0.0406,2026-08-20 09:30:00+00:00,0.04093495,0.525,25.31,4820.44,Trail-Lock 🔒,0.4993066809119899,14486.64
MOVEUSDT,2026-08-20 09:30:00+00:00,0.0062,2026-08-20 10:00:00+00:00,0.006259554488218657,0.6606,31.9,4828.88,Trail-Lock 🔒,0.7390566530861201,14518.53
LUMIAUSDT,2026-08-20 08:00:00+00:00,0.0856,2026-08-20 10:00:00+00:00,0.08630619999999999,0.525,25.41,4839.51,Trail-Lock 🔒,0.6297718607835106,14543.94
INITUSDT,2026-08-20 09:00:00+00:00,0.05501,2026-08-20 11:00:00+00:00,0.055463832500000004,0.525,25.45,4847.98,Trail-Lock 🔒,0.602920958980269,14569.39
NEARUSDT,2026-08-20 08:00:00+00:00,1.749,2026-08-20 12:00:00+00:00,1.73151,-1.3,-63.13,4856.46,SL 🔴,0.5245864957330492,14506.26
SUIUSDT,2026-08-20 10:00:00+00:00,0.728,2026-08-20 12:00:00+00:00,0.7200037188708013,-1.3984,-67.91,4856.46,SL 🔴,0.5193411044537547,14438.35
GUSDT,2026-08-20 09:30:00+00:00,0.00409,2026-08-20 12:30:00+00:00,0.0040491,-1.3,-62.57,4812.78,SL 🔴,0.8439997298666775,14375.78
AVAXUSDT,2026-08-20 08:00:00+00:00,6.766,2026-08-20 12:00:00+00:00,6.86749,1.2,57.5,4791.93,TP 🟢,0.768042785989639,14433.28
STRAXUSDT,2026-08-20 09:00:00+00:00,0.00862,2026-08-20 12:00:00+00:00,0.0085338,-1.3,-62.54,4811.09,SL 🔴,0.7467934916825715,14370.74
SAHARAUSDT,2026-08-20 08:00:00+00:00,0.00775,2026-08-20 13:00:00+00:00,0.0078139375,0.525,25.16,4791.93,Trail-Lock 🔒,0.7938674341898981,14395.9
IQUSDT,2026-08-20 12:30:00+00:00,0.000622,2026-08-20 13:00:00+00:00,0.00063133,1.2,57.58,4798.63,TP 🟢,0.8451653660918992,14453.48
APTUSDT,2026-08-20 08:00:00+00:00,0.559,2026-08-20 13:30:00+00:00,0.567385,1.2,57.81,4817.83,TP 🟢,0.7523973314417653,14511.29
XTZUSDT,2026-08-20 08:00:00+00:00,0.2161,2026-08-20 13:30:00+00:00,0.217882825,0.525,25.39,4837.1,Trail-Lock 🔒,0.644183616862207,14536.69
TWTUSDT,2026-08-20 10:00:00+00:00,0.4074,2026-08-20 14:00:00+00:00,0.40332599999999996,-1.3,-63.13,4856.46,SL 🔴,0.5306413197238347,14473.55
0GUSDT,2026-08-20 09:00:00+00:00,0.1519,2026-08-20 14:00:00+00:00,0.153153175,0.525,25.44,4845.56,Trail-Lock 🔒,0.6332497577411199,14498.99
BCHUSDT,2026-08-20 13:30:00+00:00,216.5,2026-08-20 14:00:00+00:00,218.286125,0.525,25.37,4833.0,Trail-Lock 🔒,0.6190917531511618,14524.37
CGPTUSDT,2026-08-20 06:30:00+00:00,0.02061,2026-08-20 15:00:00+00:00,0.02091915,1.2,57.48,4790.25,TP 🟢,0.71835243730338,14581.85
XAIUSDT,2026-08-20 12:30:00+00:00,0.00735,2026-08-20 15:00:00+00:00,0.0074106375,0.525,25.37,4833.0,Trail-Lock 🔒,0.7327223431169292,14607.22
MOVEUSDT,2026-08-20 15:00:00+00:00,0.0063,2026-08-20 15:30:00+00:00,0.00636433157934656,0.7211,35.11,4869.07,Trail-Lock 🔒,0.7306042328182634,14642.34
ARUSDT,2026-08-20 15:00:00+00:00,1.937,2026-08-20 15:30:00+00:00,1.95298025,0.525,25.62,4880.78,Trail-Lock 🔒,0.6157174093417117,14667.96
CKBUSDT,2026-08-20 15:00:00+00:00,0.000889,2026-08-20 16:30:00+00:00,0.00089633425,0.525,25.67,4889.32,Trail-Lock 🔒,0.5426489499897251,14693.63
WUSDT,2026-08-20 15:00:00+00:00,0.00889,2026-08-20 16:30:00+00:00,0.0089633425,0.525,25.67,4889.32,Trail-Lock 🔒,0.5005208254384036,14719.3
RADUSDT,2026-08-20 15:00:00+00:00,0.233,2026-08-20 16:30:00+00:00,0.23492225,0.525,25.67,4889.32,Trail-Lock 🔒,0.4964540337790253,14744.97
SAPIENUSDT,2026-08-20 15:00:00+00:00,0.0782,2026-08-20 17:00:00+00:00,0.07884515,0.525,25.8,4914.99,Trail-Lock 🔒,0.7592608668186327,14770.77
CUSDT,2026-08-20 15:00:00+00:00,0.0665,2026-08-20 17:30:00+00:00,0.0674975,1.2,59.08,4923.59,TP 🟢,0.5255015007532456,14829.85
HYPERUSDT,2026-08-20 15:00:00+00:00,0.0659,2026-08-20 18:30:00+00:00,0.065241,-1.3,-64.01,4923.59,SL 🔴,0.5940916640846279,14765.85
MIRAUSDT,2026-08-20 17:00:00+00:00,0.04059,2026-08-20 18:30:00+00:00,0.0401841,-1.3,-64.26,4943.28,SL 🔴,0.5236200014913808,14701.58
2ZUSDT,2026-08-20 14:00:00+00:00,0.05285,2026-08-20 18:30:00+00:00,0.0532860125,0.525,25.73,4900.53,Trail-Lock 🔒,0.8489556086509547,14727.31
RIFUSDT,2026-08-20 11:00:00+00:00,0.0775,2026-08-20 18:30:00+00:00,0.078139375,0.525,25.77,4909.1,Trail-Lock 🔒,0.8445823181582948,14753.08
KAITOUSDT,2026-08-20 12:30:00+00:00,0.3519,2026-08-20 18:00:00+00:00,0.3571785,1.2,59.01,4917.69,TP 🟢,0.8439030306498491,14812.1
ZECUSDT,2026-08-20 16:00:00+00:00,564.55,2026-08-20 18:00:00+00:00,573.01825,1.2,59.25,4937.37,TP 🟢,0.8425551884556266,14871.34
ICPUSDT,2026-08-20 15:00:00+00:00,2.337,2026-08-20 19:00:00+00:00,2.372055,1.2,58.91,4909.1,TP 🟢,0.8488390078963189,14930.25
XVGUSDT,2026-08-20 15:00:00+00:00,0.002149,2026-08-20 19:00:00+00:00,0.0021812349999999997,1.2,59.49,4957.11,TP 🟢,0.7137464877181832,14989.74
PORTALUSDT,2026-08-20 18:30:00+00:00,0.01155,2026-08-20 20:00:00+00:00,0.011721249119642995,1.1827,59.09,4996.58,Trail-Lock 🔒,0.8049722800268196,15048.83
ADXUSDT,2026-08-20 19:00:00+00:00,0.0649,2026-08-20 21:00:00+00:00,0.065435425,0.525,26.34,5016.28,Trail-Lock 🔒,0.45850693460620756,15075.17
ADXUSDT,2026-08-20 21:00:00+00:00,0.0652,2026-08-20 22:00:00+00:00,0.0657379,0.525,26.38,5025.06,Trail-Lock 🔒,0.4937955541604804,15101.55
CKBUSDT,2026-08-20 20:30:00+00:00,0.000887,2026-08-20 22:00:00+00:00,0.000900305,1.2,60.41,5033.85,TP 🟢,0.7439209693148483,15161.96
CVCUSDT,2026-08-20 21:30:00+00:00,0.01798,2026-08-20 22:00:00+00:00,0.0182497,1.2,60.65,5053.99,TP 🟢,0.6801086256170694,15222.6
TNSRUSDT,2026-08-20 15:00:00+00:00,0.0336,2026-08-20 23:00:00+00:00,0.034103999999999995,1.2,58.98,4914.99,TP 🟢,0.8440595346632569,15281.58
MASKUSDT,2026-08-20 21:30:00+00:00,0.393,2026-08-20 23:00:00+00:00,0.39624225,0.525,26.64,5074.2,Trail-Lock 🔒,0.5005319414278817,15308.22
IQUSDT,2026-08-20 21:30:00+00:00,0.000634,2026-08-20 22:30:00+00:00,0.0006392305,0.525,26.79,5102.74,Trail-Lock 🔒,0.4916154558611786,15335.01
TAOUSDT,2026-08-20 23:00:00+00:00,214.6,2026-08-20 23:30:00+00:00,217.819,1.2,61.34,5111.67,TP 🟢,0.7199633933997563,15396.35
POLYXUSDT,2026-08-20 20:30:00+00:00,0.0322,2026-08-21 00:00:00+00:00,0.032683,1.2,60.3,5025.06,TP 🟢,0.5322603758398513,15456.65
PHAUSDT,2026-08-20 21:30:00+00:00,0.0236,2026-08-21 01:30:00+00:00,0.0237947,0.525,27.05,5152.22,Trail-Lock 🔒,0.7695311263727785,15483.7
IOTXUSDT,2026-08-20 21:00:00+00:00,0.002762,2026-08-21 00:30:00+00:00,0.00280343,1.2,61.93,5161.23,TP 🟢,0.677486380301824,15545.64
IOUSDT,2026-08-20 23:00:00+00:00,0.1303,2026-08-21 01:30:00+00:00,0.1322545,1.2,62.18,5181.88,TP 🟢,0.5708930996830451,15607.82
RVNUSDT,2026-08-20 23:30:00+00:00,0.00302,2026-08-21 01:30:00+00:00,0.0030641070721942306,1.1605,60.38,5202.61,Trail-Lock 🔒,0.5071660719785878,15668.2
BICOUSDT,2026-08-21 01:00:00+00:00,0.01917,2026-08-21 02:30:00+00:00,0.019461471062597664,1.2205,63.74,5222.73,Trail-Lock 🔒,0.8008655151055541,15731.94
SXTUSDT,2026-08-21 01:30:00+00:00,0.00782,2026-08-21 02:00:00+00:00,0.007884515000000002,0.525,27.53,5243.98,Trail-Lock 🔒,0.6527212345606928,15759.47
TIAUSDT,2026-08-20 23:00:00+00:00,0.3429,2026-08-21 04:30:00+00:00,0.345728925,0.525,27.31,5202.61,Trail-Lock 🔒,0.5676500089739183,15786.78
MIRAUSDT,2026-08-21 01:30:00+00:00,0.04091,2026-08-21 04:30:00+00:00,0.04152365,1.2,63.04,5253.16,TP 🟢,0.4964820835755782,15849.82
RADUSDT,2026-08-20 21:30:00+00:00,0.235,2026-08-21 05:00:00+00:00,0.23693874999999998,0.525,27.74,5283.27,Trail-Lock 🔒,0.5916083211853145,15877.56
WCTUSDT,2026-08-20 23:00:00+00:00,0.03805,2026-08-21 05:30:00+00:00,0.0383639125,0.525,27.42,5222.73,Trail-Lock 🔒,0.4784134871470389,15904.98
NEWTUSDT,2026-08-21 05:00:00+00:00,0.04054,2026-08-21 06:00:00+00:00,0.0411481,1.2,63.62,5301.66,TP 🟢,0.46604938943709406,15968.6
BTTCUSDT,2026-08-21 05:30:00+00:00,2.9e-07,2026-08-21 06:00:00+00:00,2.96544453153453e-07,1.9567,104.15,5322.87,Trail-Lock 🔒,0.6587232760238796,16072.75
ORDIUSDT,2026-08-21 05:30:00+00:00,4.26,2026-08-21 06:00:00+00:00,4.295145,0.525,28.13,5357.58,Trail-Lock 🔒,0.6218488289726425,16100.88
CKBUSDT,2026-08-21 05:30:00+00:00,0.000909,2026-08-21 06:00:00+00:00,0.0008949304939504581,-1.8478,-99.17,5366.96,SL 🔴,0.55964041252983,16001.71
XNOUSDT,2026-08-21 05:30:00+00:00,0.391,2026-08-21 07:00:00+00:00,0.39422575000000004,0.525,28.18,5366.96,Trail-Lock 🔒,0.5699386264622478,16029.88
AVAXUSDT,2026-08-21 05:30:00+00:00,7.356,2026-08-21 07:00:00+00:00,7.46634,1.2,64.01,5333.9,TP 🟢,0.5145890259257259,16093.89
WALUSDT,2026-08-21 05:30:00+00:00,0.0234,2026-08-21 08:00:00+00:00,0.023751,1.2,63.87,5322.87,TP 🟢,0.7784099650172688,16157.76
STEEMUSDT,2026-08-21 08:30:00+00:00,0.04103,2026-08-21 09:00:00+00:00,0.041645449999999994,1.2,64.63,5385.92,TP 🟢,0.849150958842777,16222.39
OPUSDT,2026-08-21 08:30:00+00:00,0.0986,2026-08-21 09:00:00+00:00,0.10007899999999999,1.2,64.89,5407.46,TP 🟢,0.8475412497159877,16287.28
SKLUSDT,2026-08-21 08:30:00+00:00,0.0037,2026-08-21 09:00:00+00:00,0.0037555,1.2,65.15,5429.09,TP 🟢,0.8428626919197912,16352.43
HYPERUSDT,2026-08-21 08:30:00+00:00,0.0655,2026-08-21 09:00:00+00:00,0.0664825,1.2,65.41,5450.81,TP 🟢,0.7987365317957988,16417.84
GLMRUSDT,2026-08-21 08:30:00+00:00,0.007481,2026-08-21 09:00:00+00:00,0.0075932149999999995,1.2,65.67,5472.61,TP 🟢,0.7985407718819744,16483.51
DUSKUSDT,2026-08-21 07:30:00+00:00,0.0732,2026-08-21 09:00:00+00:00,0.074298,1.2,65.93,5494.5,TP 🟢,0.7912168407284432,16549.45
MEGAUSDT,2026-08-21 06:30:00+00:00,0.03856,2026-08-21 09:00:00+00:00,0.0391384,1.2,66.2,5516.48,TP 🟢,0.7791968808133907,16615.65
COOKIEUSDT,2026-08-21 07:30:00+00:00,0.0116,2026-08-21 09:00:00+00:00,0.011792062251542139,1.3557,75.09,5538.55,TP 🟢,0.7655739065191955,16690.73
RAREUSDT,2026-08-21 08:30:00+00:00,0.01258,2026-08-21 09:00:00+00:00,0.0127687,1.2,66.76,5563.58,TP 🟢,0.7595981405726033,16757.5
MOVRUSDT,2026-08-21 08:30:00+00:00,0.78,2026-08-21 09:00:00+00:00,0.7917000000000001,1.2,67.03,5585.83,TP 🟢,0.7394700105521298,16824.53
SXTUSDT,2026-08-21 08:30:00+00:00,0.00785,2026-08-21 09:00:00+00:00,0.0077715,-1.3,-72.91,5608.18,SL 🔴,0.6494826364095704,16751.62
ICPUSDT,2026-08-21 07:30:00+00:00,2.426,2026-08-21 09:00:00+00:00,2.46239,1.2,67.01,5583.87,TP 🟢,0.6284944832315129,16818.63
ERAUSDT,2026-08-21 07:30:00+00:00,0.0593,2026-08-21 09:00:00+00:00,0.0601895,1.2,67.27,5606.21,TP 🟢,0.5823010380874094,16885.9
ACTUSDT,2026-08-21 10:30:00+00:00,0.0117,2026-08-21 11:00:00+00:00,0.011802033361638566,0.5721,32.2,5628.63,Trail-Lock 🔒,0.5773376415242357,16918.1
BATUSDT,2026-08-21 11:00:00+00:00,0.068,2026-08-21 11:30:00+00:00,0.068561,0.525,29.61,5639.37,Trail-Lock 🔒,0.5977059577438301,16947.71
GLMRUSDT,2026-08-21 10:30:00+00:00,0.007532,2026-08-21 12:00:00+00:00,0.00764498,1.2,67.79,5649.24,TP 🟢,0.5762076456603952,17015.5
GPSUSDT,2026-08-21 09:00:00+00:00,0.01213,2026-08-21 12:00:00+00:00,0.012407997007386868,1.9918,112.97,5671.83,TP 🟢,0.8125389708023627,17128.47
ALPINEUSDT,2026-08-21 11:30:00+00:00,0.351,2026-08-21 12:00:00+00:00,0.35389575,0.525,29.97,5709.49,Trail-Lock 🔒,0.526006677794669,17158.45
GLMRUSDT,2026-08-21 12:30:00+00:00,0.007591,2026-08-21 13:00:00+00:00,0.0076536257499999994,0.525,30.03,5719.48,Trail-Lock 🔒,0.6998937976508152,17188.47
DEXEUSDT,2026-08-21 12:30:00+00:00,1.97,2026-08-21 13:00:00+00:00,1.9862525,0.525,30.08,5729.49,Trail-Lock 🔒,0.5942975968855214,17218.55
HIVEUSDT,2026-08-21 12:30:00+00:00,0.0439,2026-08-21 13:30:00+00:00,0.044262175,0.525,30.13,5739.52,Trail-Lock 🔒,0.5447399355720898,17248.68
TAOUSDT,2026-08-21 12:30:00+00:00,227.2,2026-08-21 14:00:00+00:00,229.07439999999997,0.525,30.19,5749.56,Trail-Lock 🔒,0.4890571384239931,17278.87
MAGICUSDT,2026-08-21 12:30:00+00:00,0.0456,2026-08-21 15:00:00+00:00,0.046284,1.2,68.99,5749.56,TP 🟢,0.49414872329196513,17347.86
STORJUSDT,2026-08-21 12:30:00+00:00,0.0414,2026-08-21 15:00:00+00:00,0.04174155,0.525,30.36,5782.62,Trail-Lock 🔒,0.719738625489043,17378.22
ZAMAUSDT,2026-08-21 14:00:00+00:00,0.04772,2026-08-21 14:30:00+00:00,0.04811369,0.525,30.41,5792.74,Trail-Lock 🔒,0.6382666435740416,17408.64
ADXUSDT,2026-08-21 10:00:00+00:00,0.0668,2026-08-21 15:30:00+00:00,0.0673511,0.525,30.47,5802.88,Trail-Lock 🔒,0.5668214865013864,17439.1
MOVRUSDT,2026-08-21 15:30:00+00:00,0.803,2026-08-21 16:00:00+00:00,0.815045,1.2,69.76,5813.03,TP 🟢,0.6419946563348391,17508.86
ADAUSDT,2026-08-21 15:30:00+00:00,0.2178,2026-08-21 16:00:00+00:00,0.21990147813100022,0.6649,38.8,5836.29,Trail-Lock 🔒,0.5566014417609856,17547.66
STORJUSDT,2026-08-21 15:00:00+00:00,0.0416,2026-08-21 17:00:00+00:00,0.0419432,0.525,30.47,5802.88,Trail-Lock 🔒,0.6067912976513521,17578.13
MTLUSDT,2026-08-21 15:00:00+00:00,0.226,2026-08-21 16:30:00+00:00,0.22939,1.2,69.76,5813.03,TP 🟢,0.49503818912271474,17647.88
SCRTUSDT,2026-08-21 10:00:00+00:00,0.0203,2026-08-21 16:30:00+00:00,0.021034082451392808,3.3162,195.08,5882.63,TP 🟢,0.7207908573017376,17842.96
SUIUSDT,2026-08-21 15:30:00+00:00,0.8039,2026-08-21 17:00:00+00:00,0.8112580969465499,0.6153,36.6,5947.65,Trail-Lock 🔒,0.6906830456999145,17879.56
PHAUSDT,2026-08-21 10:00:00+00:00,0.025,2026-08-21 18:30:00+00:00,0.025375,1.2,71.52,5959.85,TP 🟢,0.8363664656319827,17951.07
ZECUSDT,2026-08-21 16:00:00+00:00,662.33,2026-08-21 18:30:00+00:00,675.9602927831834,1.7579,105.19,5983.69,TP 🟢,0.7706915805356824,18056.26
SXTUSDT,2026-08-21 10:30:00+00:00,0.00794,2026-08-21 18:30:00+00:00,0.0080591,1.2,72.23,6018.75,TP 🟢,0.5407160443129245,18128.49
ICPUSDT,2026-08-21 16:00:00+00:00,2.502,2026-08-21 18:30:00+00:00,2.4700863531020105,-1.5755,-93.9,5959.85,SL 🔴,0.5289313735836876,18034.59
ZILUSDT,2026-08-21 16:00:00+00:00,0.00272,2026-08-21 19:00:00+00:00,0.0026928000000000004,-1.3,-77.48,5959.85,SL 🔴,0.4998153119592211,17957.11
ETCUSDT,2026-08-21 18:00:00+00:00,7.54,2026-08-21 18:30:00+00:00,7.6022050000000005,0.525,31.42,5985.7,Trail-Lock 🔒,0.6330555701429994,17988.54
ENJUSDT,2026-08-21 18:00:00+00:00,0.0277,2026-08-21 19:00:00+00:00,0.02741886368857786,-1.3149,-78.85,5996.18,SL 🔴,0.6186021722224674,17909.69
ARKMUSDT,2026-08-21 18:00:00+00:00,0.107,2026-08-21 18:30:00+00:00,0.10562546935292147,-1.5846,-94.6,5969.9,SL 🔴,0.5615010849764785,17815.09
CKBUSDT,2026-08-21 18:00:00+00:00,0.000984,2026-08-21 18:30:00+00:00,0.0009719627132520805,-1.5233,-90.46,5938.36,SL 🔴,0.5325497559071244,17724.63
DOTUSDT,2026-08-21 17:30:00+00:00,0.904,2026-08-21 18:30:00+00:00,0.8932776310280558,-1.4861,-87.8,5908.21,SL 🔴,0.520938673749392,17636.83
AVAUSDT,2026-08-21 17:30:00+00:00,0.2042,2026-08-21 18:30:00+00:00,0.20588465,0.525,30.86,5878.94,Trail-Lock 🔒,0.49966271657006056,17667.69
KAIAUSDT,2026-08-21 18:00:00+00:00,0.0289,2026-08-21 18:30:00+00:00,0.02855999503139987,-1.4765,-86.95,5889.23,SL 🔴,0.4751178811954726,17580.74
TRBUSDT,2026-08-21 17:00:00+00:00,16.88,2026-08-21 19:30:00+00:00,17.049516335945352,0.7042,42.15,5985.7,Trail-Lock 🔒,0.8292833558171357,17622.89
FLUXUSDT,2026-08-21 16:00:00+00:00,0.0462,2026-08-21 20:00:00+00:00,0.046581149999999995,0.525,31.42,5985.7,Trail-Lock 🔒,0.640473040296121,17654.32
IOTAUSDT,2026-08-21 19:00:00+00:00,0.0422,2026-08-21 20:30:00+00:00,0.042833,1.2,70.49,5874.3,TP 🟢,0.4989495973025433,17724.81
ALTUSDT,2026-08-21 20:00:00+00:00,0.00685,2026-08-21 20:30:00+00:00,0.006952750000000001,1.2,70.9,5908.27,TP 🟢,0.6245613416638656,17795.71
ZILUSDT,2026-08-21 20:00:00+00:00,0.002736,2026-08-21 21:30:00+00:00,0.0027585720000000004,0.525,31.14,5931.9,Trail-Lock 🔒,0.5889589339689091,17826.85
TFUELUSDT,2026-08-21 20:30:00+00:00,0.0086,2026-08-21 22:00:00+00:00,0.008729,1.2,71.18,5931.9,TP 🟢,0.5767456520244565,17898.04
ZAMAUSDT,2026-08-21 21:30:00+00:00,0.04833,2026-08-21 22:30:00+00:00,0.04905495,1.2,71.59,5966.01,TP 🟢,0.6057719966398507,17969.63
STRAXUSDT,2026-08-21 21:00:00+00:00,0.00939,2026-08-21 23:00:00+00:00,0.0094674675,0.525,31.32,5966.01,Trail-Lock 🔒,0.4935433636537661,18000.95
MOVEUSDT,2026-08-21 22:30:00+00:00,0.0073,2026-08-21 23:00:00+00:00,0.007448955985995833,1.7405,104.44,6000.32,TP 🟢,0.8232134845819425,18105.38
PHAUSDT,2026-08-21 21:30:00+00:00,0.0255,2026-08-21 23:30:00+00:00,0.025226550965692297,-1.3723,-82.2,5989.88,SL 🔴,0.5750996810095143,18023.18
AMPUSDT,2026-08-21 23:00:00+00:00,0.00043,2026-08-21 23:30:00+00:00,0.00042450840469072725,-1.5771,-94.75,6007.73,SL 🔴,0.4990442753985569,17928.43
ZILUSDT,2026-08-21 21:30:00+00:00,0.002762,2026-08-22 00:00:00+00:00,0.0027847865,0.525,31.45,5989.88,Trail-Lock 🔒,0.473847377669923,17959.88
2ZUSDT,2026-08-21 20:30:00+00:00,0.0584,2026-08-22 00:00:00+00:00,0.058881800000000005,0.525,31.37,5976.14,Trail-Lock 🔒,0.474557979327712,17991.26
SANDUSDT,2026-08-21 21:30:00+00:00,0.04705,2026-08-22 01:00:00+00:00,0.04775575,1.2,71.97,5997.09,TP 🟢,0.842264651787286,18063.22
COOKIEUSDT,2026-08-21 22:00:00+00:00,0.0119,2026-08-22 00:00:00+00:00,0.0120785,1.2,72.25,6021.07,TP 🟢,0.8414402029561905,18135.47
ICPUSDT,2026-08-21 22:30:00+00:00,2.52,2026-08-22 00:00:00+00:00,2.5578,1.2,72.54,6045.16,TP 🟢,0.6243266796511733,18208.01
IQUSDT,2026-08-21 23:30:00+00:00,0.000693,2026-08-22 00:00:00+00:00,0.000703395,1.2,72.83,6069.34,TP 🟢,0.6155085653716019,18280.85
CVCUSDT,2026-08-21 20:00:00+00:00,0.01992,2026-08-22 00:00:00+00:00,0.02008434,0.525,31.99,6093.62,Trail-Lock 🔒,0.5751153514414606,18312.84
QKCUSDT,2026-08-21 23:00:00+00:00,0.002191,2026-08-22 01:30:00+00:00,0.0022090757499999996,0.525,31.54,6007.73,Trail-Lock 🔒,0.5169963796321894,18344.38
RADUSDT,2026-08-22 01:00:00+00:00,0.239,2026-08-22 02:00:00+00:00,0.24097174999999998,0.525,32.1,6114.79,Trail-Lock 🔒,0.5876401780402931,18376.48
LAUSDT,2026-08-22 01:00:00+00:00,0.0647,2026-08-22 01:30:00+00:00,0.06526497546087134,0.5732,35.11,6125.49,Trail-Lock 🔒,0.5592086480367673,18411.59
EDUUSDT,2026-08-22 01:00:00+00:00,0.043,2026-08-22 02:00:00+00:00,0.043644999999999996,1.2,73.65,6137.2,TP 🟢,0.5527862948685123,18485.24
ACEUSDT,2026-08-22 02:00:00+00:00,0.2407,2026-08-22 02:30:00+00:00,0.24713431858591897,2.3732,146.23,6161.75,TP 🟢,0.5713018976495245,18631.47
XPLUSDT,2026-08-22 03:00:00+00:00,0.10563,2026-08-22 04:00:00+00:00,0.10693680970073446,0.9372,58.2,6210.49,Trail-Lock 🔒,0.798783392646384,18689.67
GTCUSDT,2026-08-22 02:30:00+00:00,0.09217,2026-08-22 03:30:00+00:00,0.0929304025,0.525,32.71,6229.89,Trail-Lock 🔒,0.6194468280106494,18722.38
SAPIENUSDT,2026-08-22 03:00:00+00:00,0.0852,2026-08-22 04:00:00+00:00,0.0859029,0.525,32.76,6240.79,Trail-Lock 🔒,0.5851726797911819,18755.14
GPSUSDT,2026-08-21 17:00:00+00:00,0.01257,2026-08-22 04:30:00+00:00,0.0129556938786001,2.7684,173.07,6251.71,TP 🟢,0.7834888716411449,18928.21
QTUMUSDT,2026-08-21 21:30:00+00:00,0.826,2026-08-22 05:00:00+00:00,0.83839,1.2,75.71,6309.4,TP 🟢,0.8506625304637736,19003.93
CTSIUSDT,2026-08-21 21:30:00+00:00,0.02695,2026-08-22 05:00:00+00:00,0.02735425,1.2,76.02,6334.64,TP 🟢,0.8506247319755554,19079.94
ATOMUSDT,2026-08-21 21:30:00+00:00,1.556,2026-08-22 05:00:00+00:00,1.57934,1.2,76.32,6359.98,TP 🟢,0.8504360199815236,19156.26
INITUSDT,2026-08-22 03:00:00+00:00,0.05853,2026-08-22 05:00:00+00:00,0.05940795,1.2,76.63,6385.42,TP 🟢,0.8503918038783571,19232.89
NEWTUSDT,2026-08-21 22:00:00+00:00,0.04326,2026-08-22 05:00:00+00:00,0.0439089,1.2,76.93,6410.96,TP 🟢,0.8503809773066086,19309.82
FIDAUSDT,2026-08-21 21:30:00+00:00,0.0192,2026-08-22 05:00:00+00:00,0.019488,1.2,77.24,6436.61,TP 🟢,0.8497011060502779,19387.06
WALUSDT,2026-08-22 02:30:00+00:00,0.0253,2026-08-22 05:00:00+00:00,0.0256795,1.2,77.55,6462.35,TP 🟢,0.8494878715548455,19464.61
LPTUSDT,2026-08-21 21:30:00+00:00,1.388,2026-08-22 05:00:00+00:00,1.40882,1.2,77.86,6488.2,TP 🟢,0.848824829654084,19542.46
QNTUSDT,2026-08-21 22:00:00+00:00,64.03,2026-08-22 05:00:00+00:00,64.99045,1.2,78.17,6514.15,TP 🟢,0.8487845331665175,19620.63
CELOUSDT,2026-08-21 21:30:00+00:00,0.07207,2026-08-22 05:00:00+00:00,0.07315105,1.2,78.48,6540.21,TP 🟢,0.8484941331426615,19699.12
API3USDT,2026-08-21 21:30:00+00:00,0.2236,2026-08-22 05:00:00+00:00,0.226954,1.2,78.8,6566.37,TP 🟢,0.8480946311785239,19777.91
EGLDUSDT,2026-08-22 02:00:00+00:00,3.262,2026-08-22 05:00:00+00:00,3.31093,1.2,79.11,6592.64,TP 🟢,0.8476304958934144,19857.02
ERAUSDT,2026-08-21 22:30:00+00:00,0.0624,2026-08-22 05:00:00+00:00,0.063336,1.2,79.43,6619.01,TP 🟢,0.8473313837235054,19936.45
ENJUSDT,2026-08-21 20:30:00+00:00,0.02761,2026-08-22 05:00:00+00:00,0.028024149999999998,1.2,79.75,6645.48,TP 🟢,0.8471635138865221,20016.2
WUSDT,2026-08-21 21:30:00+00:00,0.00939,2026-08-22 05:00:00+00:00,0.00953085,1.2,80.06,6672.07,TP 🟢,0.8468568951403378,20096.26
LUNAUSDT,2026-08-21 22:00:00+00:00,0.0482,2026-08-22 05:00:00+00:00,0.048923,1.2,80.39,6698.75,TP 🟢,0.8466498409747321,20176.65
IOSTUSDT,2026-08-21 21:30:00+00:00,0.000598,2026-08-22 05:00:00+00:00,0.00060697,1.2,80.71,6725.55,TP 🟢,0.8464963792228123,20257.35
ALGOUSDT,2026-08-21 21:30:00+00:00,0.0943,2026-08-22 05:00:00+00:00,0.0957145,1.2,81.03,6752.45,TP 🟢,0.8460320345501285,20338.38
MANAUSDT,2026-08-21 21:30:00+00:00,0.0746,2026-08-22 05:00:00+00:00,0.075719,1.2,81.35,6779.46,TP 🟢,0.8457738211085019,20419.74
VTHOUSDT,2026-08-21 22:00:00+00:00,0.000373,2026-08-22 05:00:00+00:00,0.000378595,1.2,81.68,6806.58,TP 🟢,0.8453293236425639,20501.42
AVAXUSDT,2026-08-21 21:30:00+00:00,7.576,2026-08-22 05:00:00+00:00,7.68964,1.2,82.01,6833.81,TP 🟢,0.8450372523766105,20583.42
GUSDT,2026-08-21 22:30:00+00:00,0.00415,2026-08-22 05:00:00+00:00,0.00421225,1.2,82.33,6861.14,TP 🟢,0.844745820118529,20665.76
CHRUSDT,2026-08-21 21:30:00+00:00,0.01533,2026-08-22 05:00:00+00:00,0.01555995,1.2,82.66,6888.59,TP 🟢,0.8443495669419111,20748.42
ARUSDT,2026-08-21 21:00:00+00:00,2.092,2026-08-22 05:00:00+00:00,2.12338,1.2,82.99,6916.14,TP 🟢,0.8442372812677059,20831.41
RONINUSDT,2026-08-21 21:00:00+00:00,0.0596,2026-08-22 05:00:00+00:00,0.060494,1.2,83.33,6943.8,TP 🟢,0.8440113841986833,20914.74
LINKUSDT,2026-08-21 21:00:00+00:00,11.658,2026-08-22 05:00:00+00:00,11.83287,1.2,83.66,6971.58,TP 🟢,0.8439455257117586,20998.4
RENDERUSDT,2026-08-21 21:30:00+00:00,1.477,2026-08-22 05:00:00+00:00,1.499155,1.2,83.99,6999.47,TP 🟢,0.843471078203854,21082.39
HBARUSDT,2026-08-21 21:30:00+00:00,0.07693,2026-08-22 05:00:00+00:00,0.07808395,1.2,84.33,7027.46,TP 🟢,0.8432435679261453,21166.72
XLMUSDT,2026-08-21 21:30:00+00:00,0.1928,2026-08-22 05:00:00+00:00,0.195692,1.2,84.67,7055.57,TP 🟢,0.8429382279259354,21251.39
DEXEUSDT,2026-08-22 04:30:00+00:00,2.05,2026-08-22 05:00:00+00:00,2.0807499999999997,1.2,85.01,7083.8,TP 🟢,0.8427031697690506,21336.39
DOGEUSDT,2026-08-21 20:30:00+00:00,0.08514,2026-08-22 05:00:00+00:00,0.0864171,1.2,85.35,7112.13,TP 🟢,0.8426738180899641,21421.74
ARKMUSDT,2026-08-21 21:30:00+00:00,0.1058,2026-08-22 05:00:00+00:00,0.10738700000000001,1.2,85.69,7140.58,TP 🟢,0.8421103909324344,21507.43
MAGICUSDT,2026-08-21 21:30:00+00:00,0.0455,2026-08-22 05:00:00+00:00,0.0461825,1.2,86.03,7169.14,TP 🟢,0.8416950246403487,21593.46
CFXUSDT,2026-08-21 21:30:00+00:00,0.04913,2026-08-22 05:00:00+00:00,0.04986695,1.2,86.37,7197.82,TP 🟢,0.8402902796932543,21679.83
NEARUSDT,2026-08-21 21:00:00+00:00,1.888,2026-08-22 05:00:00+00:00,1.9163199999999998,1.2,86.72,7226.61,TP 🟢,0.8379060528728013,21766.55
PYTHUSDT,2026-08-21 22:30:00+00:00,0.04732,2026-08-22 05:00:00+00:00,0.0480298,1.2,87.07,7255.52,TP 🟢,0.8377199139539874,21853.61
TIAUSDT,2026-08-21 22:00:00+00:00,0.388,2026-08-22 05:00:00+00:00,0.3939073936664268,1.2225,89.06,7284.54,TP 🟢,0.8373181439807483,21942.67
EIGENUSDT,2026-08-21 21:30:00+00:00,0.2151,2026-08-22 05:00:00+00:00,0.2183816053513815,1.2256,89.64,7314.22,TP 🟢,0.8371292128233002,22032.31
APTUSDT,2026-08-21 22:30:00+00:00,0.624,2026-08-22 05:00:00+00:00,0.63336,1.2,88.13,7344.1,TP 🟢,0.8370098968568803,22120.44
AMPUSDT,2026-08-22 03:00:00+00:00,0.00043,2026-08-22 05:00:00+00:00,0.0004366198030540709,1.2395,91.39,7373.48,TP 🟢,0.8368802395297006,22211.84
POWRUSDT,2026-08-21 22:00:00+00:00,0.0421,2026-08-22 05:00:00+00:00,0.0427315,1.2,88.85,7403.95,TP 🟢,0.8364403228048106,22300.68
SEIUSDT,2026-08-21 21:00:00+00:00,0.04656,2026-08-22 05:00:00+00:00,0.0472584,1.2,89.2,7433.56,TP 🟢,0.8355521831069019,22389.89
DUSKUSDT,2026-08-21 21:30:00+00:00,0.0771,2026-08-22 05:00:00+00:00,0.07831558807027013,1.2766,95.28,7463.3,TP 🟢,0.8349457727077326,22485.17
SUIUSDT,2026-08-21 21:00:00+00:00,0.8041,2026-08-22 05:00:00+00:00,0.817092136856934,1.3157,98.62,7495.06,TP 🟢,0.834489828049466,22583.78
VIRTUALUSDT,2026-08-21 22:30:00+00:00,0.694,2026-08-22 05:00:00+00:00,0.7051409992010254,1.3053,98.26,7527.93,TP 🟢,0.8337584688288695,22682.05
ARBUSDT,2026-08-21 21:30:00+00:00,0.0956,2026-08-22 05:00:00+00:00,0.09714492924455478,1.316,99.5,7560.68,TP 🟢,0.8334564677817253,22781.55
ZENUSDT,2026-08-21 21:00:00+00:00,4.951,2026-08-22 05:00:00+00:00,5.036281755448497,1.4225,108.02,7593.85,TP 🟢,0.831843270282499,22889.57
ADAUSDT,2026-08-21 21:30:00+00:00,0.2184,2026-08-22 05:00:00+00:00,0.22219889236105317,1.4394,109.83,7629.86,TP 🟢,0.8305942290029565,22999.4
XRPUSDT,2026-08-21 22:00:00+00:00,1.3881,2026-08-22 05:00:00+00:00,1.4126579576611396,1.4692,112.63,7666.47,TP 🟢,0.8300645596609868,23112.03
IMXUSDT,2026-08-22 02:30:00+00:00,0.1254,2026-08-22 05:00:00+00:00,0.12765367355040788,1.4972,115.34,7704.01,TP 🟢,0.8296808112706606,23227.37
AGLDUSDT,2026-08-21 21:00:00+00:00,0.1755,2026-08-22 05:00:00+00:00,0.1781325,1.2,92.91,7742.46,TP 🟢,0.828800605234771,23320.28
ORDIUSDT,2026-08-21 22:30:00+00:00,4.354,2026-08-22 05:00:00+00:00,4.432568700684542,1.5045,116.95,7773.43,TP 🟢,0.8276881759899912,23437.24
ACTUSDT,2026-08-22 04:00:00+00:00,0.01226,2026-08-22 05:00:00+00:00,0.012477011722965493,1.4701,114.85,7812.41,TP 🟢,0.827666912367034,23552.08
ZROUSDT,2026-08-22 03:00:00+00:00,1.009,2026-08-22 05:00:00+00:00,1.0280661703092573,1.5896,124.8,7850.69,TP 🟢,0.8255225423355261,23676.88
WLDUSDT,2026-08-21 22:00:00+00:00,0.3862,2026-08-22 05:00:00+00:00,0.3935097136339871,1.5927,125.7,7892.29,TP 🟢,0.8251875314236845,23802.58
TRBUSDT,2026-08-21 20:00:00+00:00,17.02,2026-08-22 05:00:00+00:00,17.360771818895625,1.7022,135.05,7934.19,TP 🟢,0.823727267232595,23937.64
FETUSDT,2026-08-21 20:30:00+00:00,0.1616,2026-08-22 05:00:00+00:00,0.16494319737466395,1.7688,141.14,7979.21,TP 🟢,0.8223095564995917,24078.77
IOTXUSDT,2026-08-21 21:30:00+00:00,0.002959,2026-08-22 05:00:00+00:00,0.003003385,1.2,96.32,8026.26,TP 🟢,0.8175737909551584,24175.09
GASUSDT,2026-08-21 22:00:00+00:00,1.166,2026-08-22 05:00:00+00:00,1.18349,1.2,96.7,8058.36,TP 🟢,0.8131372510434841,24271.79
BMTUSDT,2026-08-21 22:30:00+00:00,0.01784,2026-08-22 05:00:00+00:00,0.018177304950522735,1.5907,128.7,8090.6,TP 🟢,0.8107725964013547,24400.49
TWTUSDT,2026-08-21 21:30:00+00:00,0.421,2026-08-22 05:00:00+00:00,0.427315,1.2,97.6,8133.5,TP 🟢,0.8063244103306663,24498.09
BLURUSDT,2026-08-21 21:00:00+00:00,0.01536,2026-08-22 05:00:00+00:00,0.0155904,1.2,97.99,8166.03,TP 🟢,0.802529509334329,24596.08
RLCUSDT,2026-08-21 23:30:00+00:00,0.3241,2026-08-22 05:00:00+00:00,0.3289615,1.2,98.38,8198.69,TP 🟢,0.7976409870438844,24694.47
APEUSDT,2026-08-21 21:00:00+00:00,0.1384,2026-08-22 05:00:00+00:00,0.140476,1.2,98.78,8231.49,TP 🟢,0.7973659796241948,24793.25
VETUSDT,2026-08-21 20:30:00+00:00,0.00548,2026-08-22 05:00:00+00:00,0.0055622,1.2,99.17,8264.42,TP 🟢,0.7962616048736024,24892.42
POLYXUSDT,2026-08-21 21:00:00+00:00,0.0351,2026-08-22 05:00:00+00:00,0.0356265,1.2,99.57,8297.47,TP 🟢,0.778212025996611,24991.99
OPUSDT,2026-08-21 21:00:00+00:00,0.1039,2026-08-22 05:00:00+00:00,0.10545850000000001,1.2,99.97,8330.66,TP 🟢,0.7728642853673043,25091.96
BANANAUSDT,2026-08-21 21:30:00+00:00,4.2,2026-08-22 05:00:00+00:00,4.263,1.2,100.37,8363.99,TP 🟢,0.7646954651884651,25192.32
WAXPUSDT,2026-08-21 21:30:00+00:00,0.0042,2026-08-22 05:00:00+00:00,0.004262999999999999,1.2,100.77,8397.44,TP 🟢,0.7585326073055334,25293.09
SOLUSDT,2026-08-21 21:00:00+00:00,91.38,2026-08-22 05:00:00+00:00,92.7507,1.2,101.17,8431.03,TP 🟢,0.7430770021045118,25394.27
HIVEUSDT,2026-08-21 21:30:00+00:00,0.0441,2026-08-22 05:00:00+00:00,0.0447615,1.2,101.58,8464.76,TP 🟢,0.7427668982448289,25495.84
ASTRUSDT,2026-08-21 22:00:00+00:00,0.005401,2026-08-22 05:00:00+00:00,0.005482015000000001,1.2,101.98,8498.61,TP 🟢,0.738617847370503,25597.83
METISUSDT,2026-08-21 21:30:00+00:00,2.78,2026-08-22 05:00:00+00:00,2.8217,1.2,102.39,8532.61,TP 🟢,0.7125845043471736,25700.22
ZKUSDT,2026-08-21 21:30:00+00:00,0.00926,2026-08-22 05:00:00+00:00,0.0093989,1.2,102.8,8566.74,TP 🟢,0.7111980792291571,25803.02
AVAUSDT,2026-08-22 02:00:00+00:00,0.207,2026-08-22 05:00:00+00:00,0.210105,1.2,103.21,8601.01,TP 🟢,0.7093854925696761,25906.23
RSRUSDT,2026-08-22 02:30:00+00:00,0.001536,2026-08-22 05:00:00+00:00,0.00155904,1.2,103.62,8635.41,TP 🟢,0.6948692287590954,26009.86
0GUSDT,2026-08-22 02:00:00+00:00,0.1757,2026-08-22 05:00:00+00:00,0.1783355,1.2,104.04,8669.95,TP 🟢,0.6886360167669153,26113.89
SIGNUSDT,2026-08-21 21:00:00+00:00,0.0076,2026-08-22 05:00:00+00:00,0.007714,1.2,104.46,8704.63,TP 🟢,0.6856381251982365,26218.35
SOMIUSDT,2026-08-21 21:30:00+00:00,0.1087,2026-08-22 05:00:00+00:00,0.1103305,1.2,104.87,8739.45,TP 🟢,0.6845863589155718,26323.22
XTZUSDT,2026-08-21 20:00:00+00:00,0.2341,2026-08-22 05:00:00+00:00,0.2376115,1.2,105.29,8774.41,TP 🟢,0.6801310662378252,26428.52
SAHARAUSDT,2026-08-21 20:30:00+00:00,0.00866,2026-08-22 05:00:00+00:00,0.0087899,1.2,105.71,8809.51,TP 🟢,0.6775601214890309,26534.23
ACHUSDT,2026-08-21 22:00:00+00:00,0.00486,2026-08-22 05:00:00+00:00,0.0049329,1.2,106.14,8844.74,TP 🟢,0.6757786853536867,26640.37
ARPAUSDT,2026-08-21 20:00:00+00:00,0.00944,2026-08-22 05:00:00+00:00,0.009581600000000001,1.2,106.56,8880.12,TP 🟢,0.6739261764555688,26746.93
FILUSDT,2026-08-21 20:30:00+00:00,0.7882,2026-08-22 05:00:00+00:00,0.800023,1.2,106.99,8915.64,TP 🟢,0.6660650334788853,26853.92
HYPERUSDT,2026-08-21 21:00:00+00:00,0.0692,2026-08-22 05:00:00+00:00,0.070238,1.2,107.42,8951.31,TP 🟢,0.6585407903110936,26961.33
ONEUSDT,2026-08-22 02:30:00+00:00,0.000821,2026-08-22 05:00:00+00:00,0.0008344041412090241,1.3327,119.77,8987.11,TP 🟢,0.6559391619455005,27081.1
WINUSDT,2026-08-22 02:30:00+00:00,3.49e-05,2026-08-22 05:00:00+00:00,3.5423500000000004e-05,1.2,108.32,9027.03,TP 🟢,0.6550319326151668,27189.42
ALPINEUSDT,2026-08-21 21:30:00+00:00,0.352,2026-08-22 05:00:00+00:00,0.35728,1.2,108.76,9063.14,TP 🟢,0.6514641826066846,27298.18
MEGAUSDT,2026-08-21 23:00:00+00:00,0.04207,2026-08-22 05:00:00+00:00,0.042790541260764654,1.4127,128.55,9099.39,TP 🟢,0.6421779301643106,27426.73
CELRUSDT,2026-08-22 02:00:00+00:00,0.0023,2026-08-22 05:00:00+00:00,0.0023344999999999998,1.2,109.71,9142.24,TP 🟢,0.6365170083976016,27536.44
PROVEUSDT,2026-08-21 21:00:00+00:00,0.1737,2026-08-22 05:00:00+00:00,0.1763055,1.2,110.15,9178.81,TP 🟢,0.6335336918057995,27646.58
ANKRUSDT,2026-08-21 20:00:00+00:00,0.00386,2026-08-22 05:00:00+00:00,0.0039179,1.2,110.59,9215.53,TP 🟢,0.6285511973641489,27757.17
CGPTUSDT,2026-08-22 02:00:00+00:00,0.02244,2026-08-22 05:00:00+00:00,0.0227766,1.2,111.03,9252.39,TP 🟢,0.6246129355813959,27868.2
SOPHUSDT,2026-08-21 21:30:00+00:00,0.00386,2026-08-22 05:00:00+00:00,0.0039179,1.2,111.47,9289.4,TP 🟢,0.6236449615976318,27979.67
GTCUSDT,2026-08-22 04:30:00+00:00,0.0925,2026-08-22 05:00:00+00:00,0.091575,-1.3,-121.25,9326.56,SL 🔴,0.6231407908686968,27858.43
STORJUSDT,2026-08-21 21:00:00+00:00,0.0418,2026-08-22 05:00:00+00:00,0.042427,1.2,111.43,9286.14,TP 🟢,0.6115003502493105,27969.86
MOVRUSDT,2026-08-22 01:00:00+00:00,0.816,2026-08-22 05:00:00+00:00,0.82824,1.2,111.88,9323.29,TP 🟢,0.6097655005196377,28081.74
CYBERUSDT,2026-08-21 20:00:00+00:00,0.343,2026-08-22 05:00:00+00:00,0.34814500000000004,1.2,112.33,9360.58,TP 🟢,0.5914494876093705,28194.07
XVGUSDT,2026-08-21 21:00:00+00:00,0.002399,2026-08-22 05:00:00+00:00,0.002434985,1.2,112.78,9398.02,TP 🟢,0.5910194957592405,28306.84
BANDUSDT,2026-08-22 02:00:00+00:00,0.1878,2026-08-22 05:00:00+00:00,0.19061699999999998,1.2,113.23,9435.61,TP 🟢,0.579894314761028,28420.07
BREVUSDT,2026-08-21 20:00:00+00:00,0.074,2026-08-22 05:00:00+00:00,0.07511,1.2,113.68,9473.36,TP 🟢,0.5743883367932172,28533.75
PUNDIXUSDT,2026-08-21 20:30:00+00:00,0.089,2026-08-22 05:00:00+00:00,0.090335,1.2,114.14,9511.25,TP 🟢,0.568628716072782,28647.89
TOWNSUSDT,2026-08-22 02:30:00+00:00,0.00267,2026-08-22 05:00:00+00:00,0.00271005,1.2,114.59,9549.3,TP 🟢,0.5678995732801722,28762.48
GLMUSDT,2026-08-21 21:00:00+00:00,0.1033,2026-08-22 05:00:00+00:00,0.1048495,1.2,115.05,9587.49,TP 🟢,0.5655496320546802,28877.53
EDUUSDT,2026-08-22 02:00:00+00:00,0.0433,2026-08-22 05:00:00+00:00,0.043949499999999996,1.2,115.51,9625.84,TP 🟢,0.5515834050377137,28993.04
VANAUSDT,2026-08-21 21:30:00+00:00,0.999,2026-08-22 05:00:00+00:00,1.013985,1.2,115.97,9664.35,TP 🟢,0.5484325026983936,29109.01
AWEUSDT,2026-08-22 02:00:00+00:00,0.06741,2026-08-22 05:00:00+00:00,0.06842115,1.2,116.44,9703.0,TP 🟢,0.5471625033992275,29225.45
IDUSDT,2026-08-21 21:30:00+00:00,0.0323,2026-08-22 05:00:00+00:00,0.0327845,1.2,116.9,9741.82,TP 🟢,0.5344025030691776,29342.35
ALTUSDT,2026-08-22 03:00:00+00:00,0.007,2026-08-22 05:00:00+00:00,0.007105,1.2,117.37,9780.78,TP 🟢,0.5279850587620887,29459.72
SHELLUSDT,2026-08-21 20:00:00+00:00,0.0227,2026-08-22 05:00:00+00:00,0.023040500000000002,1.2,117.84,9819.91,TP 🟢,0.50045172713861,29577.56
STEEMUSDT,2026-08-21 21:00:00+00:00,0.04223,2026-08-22 05:00:00+00:00,0.04286345,1.2,118.31,9859.19,TP 🟢,0.47793870407082273,29695.87
REQUSDT,2026-08-21 22:00:00+00:00,0.0558,2026-08-22 06:30:00+00:00,0.056637,1.2,118.78,9898.62,TP 🟢,0.8315233728295339,29814.65
ESPUSDT,2026-08-22 05:00:00+00:00,0.08802,2026-08-22 06:00:00+00:00,0.08634813925453416,-2.1994,-218.58,9938.22,SL 🔴,0.690634580259864,29596.07
ZKCUSDT,2026-08-22 06:30:00+00:00,0.0432,2026-08-22 07:00:00+00:00,0.0435564,0.525,51.79,9865.36,Trail-Lock 🔒,0.4932692287228444,29647.86
MINAUSDT,2026-08-22 07:00:00+00:00,0.0592,2026-08-22 07:30:00+00:00,0.060799253073116705,2.4014,237.33,9882.62,TP 🟢,0.657140098246971,29885.19
API3USDT,2026-08-22 06:30:00+00:00,0.2303,2026-08-22 08:00:00+00:00,0.23543207660403323,1.9284,192.11,9961.73,TP 🟢,0.6494000832196877,30077.29
SUIUSDT,2026-08-22 06:30:00+00:00,0.8564,2026-08-22 10:00:00+00:00,0.8257031344666744,-3.8844,-389.44,10025.76,SL 🔴,0.5725511596477992,29687.85
ESPUSDT,2026-08-22 06:30:00+00:00,0.08853,2026-08-22 10:00:00+00:00,0.09056309695983544,1.9965,197.57,9895.95,TP 🟢,0.781336417827855,29885.42
INITUSDT,2026-08-22 12:00:00+00:00,0.05727,2026-08-22 12:30:00+00:00,0.058240367840015274,1.3944,138.9,9961.81,TP 🟢,0.7882138992753727,30024.33
ALPINEUSDT,2026-08-22 12:00:00+00:00,0.36,2026-08-22 14:00:00+00:00,0.36336602592682227,0.635,63.55,10008.11,Trail-Lock 🔒,0.7519468325108603,30087.88
ALPINEUSDT,2026-08-22 14:30:00+00:00,0.366,2026-08-22 15:00:00+00:00,0.35923129190472713,-2.1494,-215.57,10029.29,SL 🔴,0.5023519030269044,29872.31
TNSRUSDT,2026-08-22 06:30:00+00:00,0.0358,2026-08-22 15:30:00+00:00,0.03486842291456664,-2.9022,-290.96,10025.76,SL 🔴,0.8075269851020358,29581.35
ANKRUSDT,2026-08-22 13:00:00+00:00,0.00398,2026-08-22 16:00:00+00:00,0.0040397,1.2,118.33,9860.45,TP 🟢,0.8378906422447301,29699.67
DCRUSDT,2026-08-22 16:00:00+00:00,13.99,2026-08-22 16:30:00+00:00,14.15782629778992,0.8996,89.06,9899.89,Trail-Lock 🔒,0.6566217386385338,29788.73
GLMUSDT,2026-08-22 16:00:00+00:00,0.1098,2026-08-22 17:00:00+00:00,0.11149831068107373,1.2467,123.8,9929.58,TP 🟢,0.5303486635967878,29912.53
ACEUSDT,2026-08-22 09:30:00+00:00,0.2372,2026-08-22 17:30:00+00:00,0.24813115349538895,4.3084,427.81,9929.58,TP 🟢,0.6088128552682176,30340.34
XAIUSDT,2026-08-22 17:30:00+00:00,0.00778,2026-08-22 18:00:00+00:00,0.007844185,0.525,53.1,10113.45,Trail-Lock 🔒,0.5950344430357495,30393.43
APEUSDT,2026-08-22 18:00:00+00:00,0.1465,2026-08-22 18:30:00+00:00,0.14775786722008216,0.5586,56.59,10131.14,Trail-Lock 🔒,0.49454999156432633,30450.03
DOTUSDT,2026-08-22 16:30:00+00:00,0.927,2026-08-22 19:30:00+00:00,0.9347000687594128,0.5306,53.76,10131.14,Trail-Lock 🔒,0.6048829465032626,30503.79
PARTIUSDT,2026-08-22 18:00:00+00:00,0.0241,2026-08-22 20:00:00+00:00,0.023754118272628234,-1.7352,-176.12,10150.01,SL 🔴,0.4838122270679988,30327.66
THETAUSDT,2026-08-22 16:00:00+00:00,0.1902,2026-08-22 21:00:00+00:00,0.18654916756686318,-2.2195,-220.38,9929.58,SL 🔴,0.5888623696549983,30107.28
GMTUSDT,2026-08-22 17:30:00+00:00,0.0074,2026-08-22 21:30:00+00:00,0.00729523629612191,-1.7157,-173.45,10109.22,SL 🔴,0.6018518712806107,29933.83
JASMYUSDT,2026-08-22 16:30:00+00:00,0.00437,2026-08-22 21:30:00+00:00,0.004306136790052414,-1.7614,-178.06,10109.22,SL 🔴,0.8389778257029987,29755.77
ZKPUSDT,2026-08-22 12:00:00+00:00,0.0437,2026-08-22 21:30:00+00:00,0.042776551979023546,-2.4132,-242.18,10035.76,SL 🔴,0.8210617849647482,29513.59
ZECUSDT,2026-08-22 16:00:00+00:00,795.5,2026-08-22 21:30:00+00:00,815.9047729444969,2.265,222.83,9837.86,TP 🟢,0.8099106169427315,29736.42
SHELLUSDT,2026-08-22 10:30:00+00:00,0.0229,2026-08-22 21:30:00+00:00,0.02347315984502817,2.2029,218.35,9912.14,TP 🟢,0.803662470845383,29954.77
CELRUSDT,2026-08-22 16:30:00+00:00,0.002257,2026-08-22 21:30:00+00:00,0.0022756202499999998,0.525,52.42,9984.92,Trail-Lock 🔒,0.7177966083017142,30007.19
CELOUSDT,2026-08-22 16:30:00+00:00,0.07309,2026-08-22 22:00:00+00:00,0.0736929925,0.525,52.51,10002.4,Trail-Lock 🔒,0.6443305167916451,30059.71
VIRTUALUSDT,2026-08-22 16:30:00+00:00,0.6823,2026-08-22 23:00:00+00:00,0.6890055904859983,0.6828,67.17,9837.86,Trail-Lock 🔒,0.8304712197059434,30126.88
DGBUSDT,2026-08-22 20:00:00+00:00,0.00425,2026-08-23 00:30:00+00:00,0.004292988815517281,0.7115,71.45,10042.29,Trail-Lock 🔒,0.8285342082869366,30198.33
RIFUSDT,2026-08-22 13:30:00+00:00,0.0798,2026-08-23 00:00:00+00:00,0.07839144372574197,-2.0651,-207.88,10066.11,SL 🔴,0.8233879016025887,29990.45
ONGUSDT,2026-08-22 23:30:00+00:00,0.06941,2026-08-23 00:00:00+00:00,0.07132125598168981,2.4536,245.28,9996.82,TP 🟢,0.8010564059854968,30235.73
ZENUSDT,2026-08-22 16:00:00+00:00,5.241,2026-08-23 02:00:00+00:00,5.369610580356366,2.1539,217.09,10078.58,TP 🟢,0.8127244476090641,30452.82
MEGAUSDT,2026-08-23 01:00:00+00:00,0.04038,2026-08-23 01:30:00+00:00,0.0409857,1.2,121.81,10150.94,TP 🟢,0.7671523212060227,30574.63
XNOUSDT,2026-08-23 08:30:00+00:00,0.404,2026-08-23 09:00:00+00:00,0.41006000000000004,1.2,122.3,10191.54,TP 🟢,0.8279545493871221,30696.93
TRBUSDT,2026-08-23 08:30:00+00:00,19.03,2026-08-23 09:00:00+00:00,19.249396597792337,0.8529,87.27,10232.31,Trail-Lock 🔒,0.4563280493294999,30784.2
MINAUSDT,2026-08-23 09:00:00+00:00,0.0551,2026-08-23 09:30:00+00:00,0.0555616786584009,0.5379,55.2,10261.4,Trail-Lock 🔒,0.6702540833119661,30839.4
MINAUSDT,2026-08-23 10:00:00+00:00,0.0558,2026-08-23 10:30:00+00:00,0.05630162598607017,0.599,61.57,10279.8,Trail-Lock 🔒,0.6245962861542078,30900.97
ZAMAUSDT,2026-08-23 10:00:00+00:00,0.0535,2026-08-23 12:00:00+00:00,0.052567242073501524,-2.0435,-210.48,10300.32,SL 🔴,0.49581448344614143,30690.48
FETUSDT,2026-08-23 11:00:00+00:00,0.1629,2026-08-23 12:00:00+00:00,0.16550274642789378,1.2978,132.76,10230.16,TP 🟢,0.7925337024375497,30823.25
ZROUSDT,2026-08-23 07:00:00+00:00,1.179,2026-08-23 12:00:00+00:00,1.2159539894004512,2.8344,291.21,10274.42,TP 🟢,0.7686347369534465,31114.46
PROMUSDT,2026-08-23 05:30:00+00:00,2.682,2026-08-23 12:30:00+00:00,2.633311661579601,-2.1154,-217.89,10300.32,SL 🔴,0.7594232107138761,30896.57
BLURUSDT,2026-08-23 11:30:00+00:00,0.01623,2026-08-23 13:00:00+00:00,0.016363897500000002,0.525,54.45,10371.49,Trail-Lock 🔒,0.5654024908835034,30951.02
TFUELUSDT,2026-08-23 11:30:00+00:00,0.0087,2026-08-23 13:00:00+00:00,0.0088305,1.2,123.8,10317.01,TP 🟢,0.7567994737180364,31074.82
AGLDUSDT,2026-08-23 11:00:00+00:00,0.1736,2026-08-23 13:30:00+00:00,0.1750322,0.525,54.45,10371.49,Trail-Lock 🔒,0.6676234291409362,31129.27
WCTUSDT,2026-08-23 13:00:00+00:00,0.03931,2026-08-23 14:00:00+00:00,0.03963430749999999,0.525,54.48,10376.42,Trail-Lock 🔒,0.5471863098296821,31183.75
SCRTUSDT,2026-08-23 13:30:00+00:00,0.0163,2026-08-23 14:00:00+00:00,0.016678105725064,2.0197,209.94,10394.58,TP 🟢,0.8154290556261522,31393.69
EPICUSDT,2026-08-23 13:30:00+00:00,0.3463,2026-08-23 14:30:00+00:00,0.3417812326228473,-1.6049,-167.94,10464.56,SL 🔴,0.5616687277638366,31225.74
RSRUSDT,2026-08-23 14:00:00+00:00,0.00143,2026-08-23 14:30:00+00:00,0.00145145,1.2,124.9,10408.58,TP 🟢,0.8496056975146271,31350.65
VETUSDT,2026-08-23 13:00:00+00:00,0.005698,2026-08-23 14:30:00+00:00,0.0057450085,0.525,54.86,10450.22,Trail-Lock 🔒,0.8479455249554828,31405.51
PHAUSDT,2026-08-23 13:30:00+00:00,0.0246,2026-08-23 14:30:00+00:00,0.024969,1.2,125.62,10468.5,TP 🟢,0.8471434618517494,31531.13
ALTUSDT,2026-08-23 14:00:00+00:00,0.00648,2026-08-23 14:30:00+00:00,0.0065772,1.2,126.12,10510.38,TP 🟢,0.8468620679864524,31657.26
SANDUSDT,2026-08-23 14:00:00+00:00,0.04524,2026-08-23 14:30:00+00:00,0.045918600000000004,1.2,126.63,10552.42,TP 🟢,0.8456863312931464,31783.89
THETAUSDT,2026-08-23 13:00:00+00:00,0.1894,2026-08-23 14:30:00+00:00,0.19224100000000002,1.2,127.14,10594.63,TP 🟢,0.8421499176583574,31911.02
SUSDT,2026-08-23 11:00:00+00:00,0.02744,2026-08-23 14:30:00+00:00,0.0278516,1.2,127.64,10637.01,TP 🟢,0.841898635703292,32038.67
ORDIUSDT,2026-08-23 14:00:00+00:00,4.094,2026-08-23 14:30:00+00:00,4.155410000000001,1.2,128.15,10679.56,TP 🟢,0.8388803630765659,32166.82
XLMUSDT,2026-08-23 14:00:00+00:00,0.1968,2026-08-23 14:30:00+00:00,0.199752,1.2,128.67,10722.27,TP 🟢,0.8335660013000395,32295.49
CHZUSDT,2026-08-23 13:30:00+00:00,0.01441,2026-08-23 14:30:00+00:00,0.01462615,1.2,129.18,10765.16,TP 🟢,0.8279173591367589,32424.67
ZENUSDT,2026-08-23 13:00:00+00:00,5.464,2026-08-23 14:30:00+00:00,5.5674742132230834,1.5937,172.26,10808.22,TP 🟢,0.8269585161458487,32596.92
ENSUSDT,2026-08-23 13:00:00+00:00,5.83,2026-08-23 14:30:00+00:00,5.718024363914957,-2.2207,-241.29,10865.64,SL 🔴,0.8266919115209056,32355.63
AIXBTUSDT,2026-08-23 14:00:00+00:00,0.02052,2026-08-23 14:30:00+00:00,0.0208278,1.2,129.42,10785.21,TP 🟢,0.8205326802781058,32485.06
DASHUSDT,2026-08-23 14:00:00+00:00,41.82,2026-08-23 14:30:00+00:00,42.71215696266267,1.8333,198.52,10828.35,TP 🟢,0.8200186723907362,32683.58
LPTUSDT,2026-08-23 14:00:00+00:00,1.397,2026-08-23 14:30:00+00:00,1.417955,1.2,130.73,10894.53,TP 🟢,0.7969872985205532,32814.31
STORJUSDT,2026-08-23 13:30:00+00:00,0.0408,2026-08-23 14:30:00+00:00,0.04035699272449951,-1.3858,-151.58,10938.1,SL 🔴,0.7787335847849409,32662.73
TIAUSDT,2026-08-23 14:00:00+00:00,0.3795,2026-08-23 14:30:00+00:00,0.3851925,1.2,130.65,10887.58,TP 🟢,0.7695206687841682,32793.38
ZROUSDT,2026-08-23 13:00:00+00:00,1.233,2026-08-23 14:30:00+00:00,1.2715441133286904,2.826,308.92,10931.13,TP 🟢,0.7680854737478187,33102.3
JASMYUSDT,2026-08-23 13:30:00+00:00,0.00427,2026-08-23 14:30:00+00:00,0.004334050000000001,1.2,132.41,11034.1,TP 🟢,0.7630260413590748,33234.71
XRPUSDT,2026-08-23 13:30:00+00:00,1.4966,2026-08-23 14:30:00+00:00,1.5190489999999999,1.2,132.94,11078.24,TP 🟢,0.7427288202743275,33367.65
BMTUSDT,2026-08-23 13:00:00+00:00,0.01546,2026-08-23 14:30:00+00:00,0.015691899999999998,1.2,133.47,11122.55,TP 🟢,0.7391354105914811,33501.12
TFUELUSDT,2026-08-23 14:00:00+00:00,0.00876,2026-08-23 14:30:00+00:00,0.0088914,1.2,134.0,11167.04,TP 🟢,0.729716214720243,33635.12
ONEUSDT,2026-08-23 13:00:00+00:00,0.000753,2026-08-23 14:30:00+00:00,0.000764295,1.2,134.54,11211.71,TP 🟢,0.7202117141884877,33769.66
VIRTUALUSDT,2026-08-23 13:30:00+00:00,0.6933,2026-08-23 14:30:00+00:00,0.7036995,1.2,135.08,11256.55,TP 🟢,0.71268323814493,33904.74
OPENUSDT,2026-08-23 13:30:00+00:00,0.1648,2026-08-23 14:30:00+00:00,0.167272,1.2,135.62,11301.58,TP 🟢,0.6799867045520152,34040.36
LTCUSDT,2026-08-23 13:30:00+00:00,52.33,2026-08-23 14:30:00+00:00,51.8067,-1.3,-147.51,11346.79,SL 🔴,0.6789130934273775,33892.85
CKBUSDT,2026-08-23 13:00:00+00:00,0.000973,2026-08-23 14:30:00+00:00,0.000987595,1.2,135.57,11297.62,TP 🟢,0.6731462401934881,34028.42
API3USDT,2026-08-23 13:00:00+00:00,0.2265,2026-08-23 14:30:00+00:00,0.2298975,1.2,136.11,11342.81,TP 🟢,0.6599196050660732,34164.54
NEWTUSDT,2026-08-23 14:00:00+00:00,0.04323,2026-08-23 14:30:00+00:00,0.0427977,-1.3,-148.05,11388.18,SL 🔴,0.657523165235438,34016.49
TNSRUSDT,2026-08-23 13:00:00+00:00,0.0348,2026-08-23 14:30:00+00:00,0.035087099999999996,0.525,59.53,11338.83,Trail-Lock 🔒,0.6549569114052389,34076.02
ERAUSDT,2026-08-23 11:30:00+00:00,0.0587,2026-08-23 14:30:00+00:00,0.0595805,1.2,136.3,11358.67,TP 🟢,0.6291976009802701,34212.32
MASKUSDT,2026-08-23 14:00:00+00:00,0.426,2026-08-23 14:30:00+00:00,0.42174,-1.3,-148.25,11404.11,SL 🔴,0.6016332486015008,34064.07
REQUSDT,2026-08-23 13:00:00+00:00,0.0552,2026-08-23 14:30:00+00:00,0.0556554,0.525,59.61,11354.69,Trail-Lock 🔒,0.5937026192387105,34123.68
ALPINEUSDT,2026-08-23 13:00:00+00:00,0.351,2026-08-23 14:30:00+00:00,0.34748999999999997,-1.3,-147.87,11374.56,SL 🔴,0.5900947561787773,33975.81
AVAXUSDT,2026-08-23 13:30:00+00:00,7.55,2026-08-23 14:30:00+00:00,7.4745,-1.3,-147.23,11325.27,SL 🔴,0.5773755440596048,33828.58
FILUSDT,2026-08-23 13:30:00+00:00,0.7687,2026-08-23 14:30:00+00:00,0.7605894498829446,-1.3551,-152.8,11276.19,SL 🔴,0.5660810498280378,33675.78
APEUSDT,2026-08-23 13:30:00+00:00,0.1473,2026-08-23 14:30:00+00:00,0.14582699999999998,-1.3,-145.93,11225.26,SL 🔴,0.5528666926687648,33529.85
ROSEUSDT,2026-08-23 13:00:00+00:00,0.00622,2026-08-23 14:30:00+00:00,0.0061553672607151,-1.3391,-149.67,11176.62,SL 🔴,0.544697575169202,33380.18
LINEAUSDT,2026-08-23 13:00:00+00:00,0.002462,2026-08-23 14:30:00+00:00,0.0024989300000000003,1.2,133.52,11126.73,TP 🟢,0.5389180465728715,33513.71
CVCUSDT,2026-08-23 13:30:00+00:00,0.01997,2026-08-23 14:30:00+00:00,0.0197703,-1.3,-145.23,11171.24,SL 🔴,0.537400234935046,33368.48
APTUSDT,2026-08-23 13:30:00+00:00,0.643,2026-08-23 14:30:00+00:00,0.652645,1.2,133.47,11122.83,TP 🟢,0.5322132078919052,33501.95
IOTXUSDT,2026-08-23 13:00:00+00:00,0.00286,2026-08-23 14:30:00+00:00,0.0028314,-1.3,-145.18,11167.32,SL 🔴,0.5171754269887001,33356.78
DUSKUSDT,2026-08-23 13:00:00+00:00,0.075,2026-08-23 14:30:00+00:00,0.076125,1.2,133.43,11118.93,TP 🟢,0.5159909725270447,33490.21
HBARUSDT,2026-08-23 10:00:00+00:00,0.07821,2026-08-23 14:30:00+00:00,0.07938315,1.2,133.96,11163.4,TP 🟢,0.49637385790059396,33624.17
GALAUSDT,2026-08-23 11:00:00+00:00,0.001973,2026-08-23 14:30:00+00:00,0.001938141567158555,-2.0668,-231.65,11208.06,SL 🔴,0.4618947573159371,33392.52
VANAUSDT,2026-08-23 13:30:00+00:00,1.014,2026-08-23 15:00:00+00:00,1.02921,1.2,134.12,11176.62,TP 🟢,0.5464468768295184,33526.64
ARPAUSDT,2026-08-23 13:00:00+00:00,0.00944,2026-08-23 15:00:00+00:00,0.009517880000000001,0.525,58.61,11163.4,Trail-Lock 🔒,0.5049619778589073,33585.25
ORDIUSDT,2026-08-23 15:00:00+00:00,4.239,2026-08-23 15:30:00+00:00,4.279722704055639,0.6607,73.96,11195.08,Trail-Lock 🔒,0.5302760025086688,33659.21
ACTUSDT,2026-08-23 15:00:00+00:00,0.011,2026-08-23 16:30:00+00:00,0.011165,1.2,134.64,11219.74,TP 🟢,0.49916087148914706,33793.85
BIOUSDT,2026-08-23 15:30:00+00:00,0.03038,2026-08-23 17:00:00+00:00,0.030630635,0.525,59.14,11264.62,Trail-Lock 🔒,0.7033205558916715,33852.99
SFPUSDT,2026-08-23 16:30:00+00:00,0.2727,2026-08-23 18:00:00+00:00,0.274949775,0.525,59.24,11284.33,Trail-Lock 🔒,0.49966778970995485,33912.23
STORJUSDT,2026-08-23 17:00:00+00:00,0.0413,2026-08-23 18:30:00+00:00,0.041919500000000005,1.2,135.65,11304.08,TP 🟢,0.8372650376896562,34047.88
ROSEUSDT,2026-08-23 18:00:00+00:00,0.0064,2026-08-23 18:30:00+00:00,0.0064528,0.525,59.58,11349.29,Trail-Lock 🔒,0.5704080184905054,34107.46
2ZUSDT,2026-08-23 15:00:00+00:00,0.0573,2026-08-23 21:00:00+00:00,0.058159499999999996,1.2,134.64,11219.74,TP 🟢,0.5170974866185434,34242.1
KAIAUSDT,2026-08-23 17:00:00+00:00,0.0322,2026-08-23 21:00:00+00:00,0.032683,1.2,135.65,11304.08,TP 🟢,0.7329770088028095,34377.75
MIRAUSDT,2026-08-23 15:00:00+00:00,0.04256,2026-08-23 21:00:00+00:00,0.04291112,0.525,59.69,11369.15,Trail-Lock 🔒,0.5738653479488518,34437.44
RIFUSDT,2026-08-23 21:00:00+00:00,0.0798,2026-08-23 21:30:00+00:00,0.080997,1.2,137.75,11479.15,TP 🟢,0.8499464438981653,34575.19
SUIUSDT,2026-08-23 21:00:00+00:00,0.84,2026-08-23 21:30:00+00:00,0.8528042313849418,1.2243,141.1,11525.06,TP 🟢,0.7823713993292115,34716.29
WLDUSDT,2026-08-23 21:00:00+00:00,0.4084,2026-08-23 21:30:00+00:00,0.4120153087534261,0.5852,67.72,11572.1,Trail-Lock 🔒,0.6632723273973485,34784.01
SOLUSDT,2026-08-23 21:00:00+00:00,95.36,2026-08-24 00:00:00+00:00,94.4064,-1.3,-150.73,11594.67,SL 🔴,0.568548138190181,34633.28
XECUSDT,2026-08-23 21:00:00+00:00,7.32e-06,2026-08-24 00:00:00+00:00,7.2468e-06,-1.3,-150.73,11594.67,SL 🔴,0.5432591681178716,34482.55
WAXPUSDT,2026-08-23 21:00:00+00:00,0.00432,2026-08-24 00:00:00+00:00,0.0042768,-1.3,-150.73,11594.67,SL 🔴,0.5425063694366241,34331.82
TRBUSDT,2026-08-23 21:00:00+00:00,19.15,2026-08-24 00:30:00+00:00,18.873353556171214,-1.7446,-199.65,11443.94,SL 🔴,0.8273982341777821,34132.17
COOKIEUSDT,2026-08-23 12:00:00+00:00,0.0105,2026-08-23 23:30:00+00:00,0.0106575,1.2,136.53,11377.39,TP 🟢,0.8136463757672017,34268.69
ZENUSDT,2026-08-23 18:00:00+00:00,5.628,2026-08-24 00:00:00+00:00,5.702830990874554,1.0296,117.61,11422.9,Trail-Lock 🔒,0.8104568824111831,34386.31
AIXBTUSDT,2026-08-23 15:00:00+00:00,0.02093,2026-08-24 00:00:00+00:00,0.02124395,1.2,137.55,11462.1,TP 🟢,0.784610229955703,34523.85
PROMUSDT,2026-08-23 13:00:00+00:00,2.712,2026-08-24 00:00:00+00:00,2.7966184138186394,2.8201,324.54,11507.95,TP 🟢,0.7774827256268123,34848.39
CKBUSDT,2026-08-23 19:00:00+00:00,0.000987,2026-08-24 00:00:00+00:00,0.00099514275,0.525,60.98,11616.13,Trail-Lock 🔒,0.7595282726325824,34909.38
MINAUSDT,2026-08-23 19:00:00+00:00,0.0577,2026-08-24 00:30:00+00:00,0.058176025,0.525,61.09,11636.46,Trail-Lock 🔒,0.6608814043318609,34970.47
IOSTUSDT,2026-08-23 18:00:00+00:00,0.000595,2026-08-24 00:00:00+00:00,0.0005999087500000001,0.525,61.2,11656.82,Trail-Lock 🔒,0.6549817445591674,35031.67
JASMYUSDT,2026-08-23 15:00:00+00:00,0.00434,2026-08-24 00:00:00+00:00,0.0044051,1.2,140.13,11677.22,TP 🟢,0.6024455100825922,35171.79
WINUSDT,2026-08-23 20:00:00+00:00,3.468e-05,2026-08-24 00:00:00+00:00,3.496611e-05,0.525,61.55,11723.93,Trail-Lock 🔒,0.5970429751929304,35233.35
ZILUSDT,2026-08-23 15:00:00+00:00,0.002782,2026-08-24 01:00:00+00:00,0.0028049515,0.525,61.66,11744.45,Trail-Lock 🔒,0.5703080816894741,35295.0
SOPHUSDT,2026-08-23 21:00:00+00:00,0.00382,2026-08-24 00:00:00+00:00,0.0037818,-1.3,-152.95,11765.0,SL 🔴,0.5612125585939225,35142.06
ALPINEUSDT,2026-08-23 19:00:00+00:00,0.354,2026-08-24 00:00:00+00:00,0.3569205,0.525,61.5,11714.02,Trail-Lock 🔒,0.5206833859317208,35203.56
NEWTUSDT,2026-08-23 15:00:00+00:00,0.04376,2026-08-24 00:00:00+00:00,0.0433224,-1.3,-152.55,11734.52,SL 🔴,0.4788000088731814,35051.01
SAGAUSDT,2026-08-23 21:00:00+00:00,0.01494,2026-08-24 02:30:00+00:00,0.015084080619226958,0.6644,76.03,11443.94,Trail-Lock 🔒,0.8312334383078456,35127.04
PROVEUSDT,2026-08-23 15:00:00+00:00,0.1748,2026-08-24 01:30:00+00:00,0.173052,-1.3,-152.55,11734.52,SL 🔴,0.4872604883234612,34974.49
ZKUSDT,2026-08-23 13:30:00+00:00,0.00893,2026-08-24 01:30:00+00:00,0.009063950000000001,1.2,139.9,11658.16,TP 🟢,0.8495120361857904,35114.39
IOTAUSDT,2026-08-23 13:00:00+00:00,0.0449,2026-08-24 01:30:00+00:00,0.0447,-0.7454,-87.25,11704.8,Timeout ⏱️,0.8423606821994672,35027.14
INITUSDT,2026-08-23 13:30:00+00:00,0.05534,2026-08-24 02:00:00+00:00,0.05572,0.3867,45.15,11675.71,Timeout ⏱️,0.7539585588746117,35072.28
DIAUSDT,2026-08-23 15:00:00+00:00,0.1363,2026-08-24 01:30:00+00:00,0.13742447500000002,0.525,61.38,11690.76,Trail-Lock 🔒,0.7234592376584378,35133.66
ARKMUSDT,2026-08-23 13:00:00+00:00,0.1097,2026-08-24 01:30:00+00:00,0.1086,-1.3027,-152.57,11711.22,Timeout ⏱️,0.5181545872496722,34981.1
PARTIUSDT,2026-08-23 15:30:00+00:00,0.0237,2026-08-24 04:00:00+00:00,0.023906801988975053,0.5726,66.77,11660.37,Trail-Lock 🔒,0.8349311301477205,35047.86
STRAXUSDT,2026-08-23 16:00:00+00:00,0.00938,2026-08-24 04:00:00+00:00,0.0095207,1.2,140.19,11682.62,TP 🟢,0.6756704543682778,35188.05
SFPUSDT,2026-08-23 21:00:00+00:00,0.2743,2026-08-24 05:00:00+00:00,0.271557,-1.3,-152.48,11729.35,SL 🔴,0.6136793207826505,35035.57
KITEUSDT,2026-08-24 08:30:00+00:00,0.1166,2026-08-24 09:30:00+00:00,0.118349,1.2,140.14,11678.52,TP 🟢,0.619458479846232,35175.71
MTLUSDT,2026-08-24 08:30:00+00:00,0.232,2026-08-24 09:00:00+00:00,0.233914,0.525,61.56,11725.24,Trail-Lock 🔒,0.48077702772885544,35237.27
SKLUSDT,2026-08-24 10:00:00+00:00,0.0039,2026-08-24 10:30:00+00:00,0.003932175,0.525,61.67,11745.76,Trail-Lock 🔒,0.6850147422242665,35298.94
0GUSDT,2026-08-24 10:00:00+00:00,0.1622,2026-08-24 10:30:00+00:00,0.16353815,0.525,61.77,11766.31,Trail-Lock 🔒,0.5921213209681142,35360.71
CFXUSDT,2026-08-24 10:00:00+00:00,0.0483,2026-08-24 11:30:00+00:00,0.048698475000000005,0.525,61.77,11766.31,Trail-Lock 🔒,0.6393682452518485,35422.48
DIAUSDT,2026-08-24 09:30:00+00:00,0.1365,2026-08-24 11:30:00+00:00,0.13854750000000002,1.2,141.44,11786.9,TP 🟢,0.5811496216289733,35563.92
STEEMUSDT,2026-08-24 10:00:00+00:00,0.04493,2026-08-24 11:30:00+00:00,0.04560395,1.2,141.44,11786.9,TP 🟢,0.5068768509410149,35705.37
COOKIEUSDT,2026-08-24 11:00:00+00:00,0.0106,2026-08-24 12:00:00+00:00,0.010759,1.2,142.82,11901.79,TP 🟢,0.8079970654358384,35848.19
WUSDT,2026-08-24 11:30:00+00:00,0.00957,2026-08-24 12:00:00+00:00,0.00971355,1.2,143.39,11949.4,TP 🟢,0.7189216808181131,35991.58
ENSUSDT,2026-08-24 11:30:00+00:00,5.78,2026-08-24 12:00:00+00:00,5.827685,0.525,62.99,11997.19,Trail-Lock 🔒,0.7016489673477458,36054.57
ALGOUSDT,2026-08-24 11:30:00+00:00,0.0924,2026-08-24 12:00:00+00:00,0.09316229999999999,0.525,63.1,12018.19,Trail-Lock 🔒,0.6888927196148736,36117.66
ZAMAUSDT,2026-08-24 11:30:00+00:00,0.0601,2026-08-24 12:00:00+00:00,0.06075248954553497,0.7857,94.59,12039.22,Trail-Lock 🔒,0.6790076792831371,36212.25
IMXUSDT,2026-08-24 11:30:00+00:00,0.1292,2026-08-24 12:00:00+00:00,0.13026590000000002,0.525,63.37,12070.75,Trail-Lock 🔒,0.668461939872759,36275.62
LPTUSDT,2026-08-24 11:30:00+00:00,1.403,2026-08-24 12:00:00+00:00,1.41457475,0.525,63.48,12091.87,Trail-Lock 🔒,0.655088066802095,36339.1
API3USDT,2026-08-24 11:30:00+00:00,0.2307,2026-08-24 12:30:00+00:00,0.232603275,0.525,63.59,12113.03,Trail-Lock 🔒,0.631206148724025,36402.7
ADAUSDT,2026-08-24 11:30:00+00:00,0.221,2026-08-24 12:00:00+00:00,0.22282325,0.525,63.7,12134.23,Trail-Lock 🔒,0.6283389858190171,36466.4
RENDERUSDT,2026-08-24 11:30:00+00:00,1.492,2026-08-24 12:00:00+00:00,1.5043090000000001,0.525,63.82,12155.47,Trail-Lock 🔒,0.6223411683816421,36530.22
XLMUSDT,2026-08-24 11:30:00+00:00,0.1971,2026-08-24 12:30:00+00:00,0.2000565,1.2,146.12,12176.74,TP 🟢,0.6126333915664081,36676.34
XECUSDT,2026-08-24 11:30:00+00:00,7.21e-06,2026-08-24 12:30:00+00:00,7.3181499999999996e-06,1.2,146.71,12225.45,TP 🟢,0.6122446253740549,36823.05
IOUSDT,2026-08-24 11:30:00+00:00,0.1425,2026-08-24 12:00:00+00:00,0.14367562499999997,0.525,64.44,12274.35,Trail-Lock 🔒,0.6023863271467738,36887.49
LINKUSDT,2026-08-24 11:30:00+00:00,11.621,2026-08-24 12:30:00+00:00,11.795315,1.2,147.55,12295.83,TP 🟢,0.592994325978869,37035.04
SOLUSDT,2026-08-24 11:30:00+00:00,95.01,2026-08-24 12:30:00+00:00,96.43515000000001,1.2,148.14,12345.01,TP 🟢,0.5896314613986988,37183.18
MAGICUSDT,2026-08-24 11:30:00+00:00,0.0452,2026-08-24 12:30:00+00:00,0.0455729,0.525,65.07,12394.39,Trail-Lock 🔒,0.5852214862673555,37248.25
CHZUSDT,2026-08-24 11:30:00+00:00,0.0145,2026-08-24 12:30:00+00:00,0.014619625,0.525,65.18,12416.08,Trail-Lock 🔒,0.5711752154668116,37313.43
GRTUSDT,2026-08-24 11:30:00+00:00,0.01749,2026-08-24 12:30:00+00:00,0.01775235,1.2,149.25,12437.81,TP 🟢,0.5597584340054895,37462.68
SEIUSDT,2026-08-24 11:30:00+00:00,0.04716,2026-08-24 12:30:00+00:00,0.0478674,1.2,149.85,12487.56,TP 🟢,0.5576561259571042,37612.54
MANAUSDT,2026-08-24 11:30:00+00:00,0.0745,2026-08-24 12:30:00+00:00,0.07561749999999999,1.2,150.45,12537.51,TP 🟢,0.5442830193318321,37762.99
MIRAUSDT,2026-08-24 11:30:00+00:00,0.04184,2026-08-24 12:30:00+00:00,0.04218518,0.525,66.09,12587.66,Trail-Lock 🔒,0.5421010742381388,37829.07
IDUSDT,2026-08-24 11:30:00+00:00,0.0307,2026-08-24 12:30:00+00:00,0.0311605,1.2,151.32,12609.69,TP 🟢,0.5412536941580782,37980.39
ICPUSDT,2026-08-24 11:00:00+00:00,2.411,2026-08-24 12:00:00+00:00,2.447165,1.2,151.92,12660.13,TP 🟢,0.5299900872344673,38132.31
GTCUSDT,2026-08-24 11:00:00+00:00,0.08604,2026-08-24 12:30:00+00:00,0.08733060000000001,1.2,152.53,12710.77,TP 🟢,0.5264928292175086,38284.84
RONINUSDT,2026-08-24 11:30:00+00:00,0.0553,2026-08-24 12:00:00+00:00,0.055756225,0.525,67.0,12761.61,Trail-Lock 🔒,0.5216779943316895,38351.84
ETCUSDT,2026-08-24 11:30:00+00:00,7.8,2026-08-24 12:30:00+00:00,7.917,1.2,153.41,12783.95,TP 🟢,0.5166154386549507,38505.24
SOPHUSDT,2026-08-24 11:30:00+00:00,0.00374,2026-08-24 12:30:00+00:00,0.0037708549999999996,0.525,67.38,12835.08,Trail-Lock 🔒,0.5093215436760624,38572.63
AXLUSDT,2026-08-24 11:30:00+00:00,0.0417,2026-08-24 12:30:00+00:00,0.0423255,1.2,154.29,12857.54,TP 🟢,0.5057155311455992,38726.92
AVAXUSDT,2026-08-24 11:30:00+00:00,7.514,2026-08-24 12:30:00+00:00,7.5759905000000005,0.525,67.77,12908.97,Trail-Lock 🔒,0.49299568485561795,38794.69
ASTRUSDT,2026-08-24 11:30:00+00:00,0.005355,2026-08-24 12:30:00+00:00,0.005399178750000001,0.525,67.89,12931.56,Trail-Lock 🔒,0.48055239527421617,38862.58
ARPAUSDT,2026-08-24 11:30:00+00:00,0.00942,2026-08-24 12:30:00+00:00,0.0095613,1.2,155.45,12954.19,TP 🟢,0.45909005600376457,39018.03
CTKUSDT,2026-08-24 11:30:00+00:00,0.1153,2026-08-24 13:00:00+00:00,0.116251225,0.525,68.01,12954.19,Trail-Lock 🔒,0.46323115470460924,39086.04
IOTXUSDT,2026-08-24 12:30:00+00:00,0.002811,2026-08-24 13:30:00+00:00,0.002853165,1.2,156.34,13028.68,TP 🟢,0.8493021586039362,39242.39
KAIAUSDT,2026-08-24 12:30:00+00:00,0.031,2026-08-24 13:30:00+00:00,0.031465,1.2,156.97,13080.8,TP 🟢,0.844442759795562,39399.35
BIOUSDT,2026-08-24 12:30:00+00:00,0.02904,2026-08-24 13:30:00+00:00,0.0294756,1.2,157.6,13133.12,TP 🟢,0.8443790648982586,39556.95
XRPUSDT,2026-08-24 12:30:00+00:00,1.4786,2026-08-24 13:30:00+00:00,1.5007789999999999,1.2,158.23,13185.65,TP 🟢,0.8432123390180787,39715.18
BCHUSDT,2026-08-24 12:30:00+00:00,274.4,2026-08-24 13:30:00+00:00,278.51599999999996,1.2,158.86,13238.39,TP 🟢,0.8414337633308444,39874.04
ORDIUSDT,2026-08-24 12:30:00+00:00,4.102,2026-08-24 13:30:00+00:00,4.135841500000001,0.525,69.78,13291.35,Trail-Lock 🔒,0.8394321185088474,39943.82
BANANAUSDT,2026-08-24 12:30:00+00:00,3.935,2026-08-24 13:30:00+00:00,3.9674637500000003,0.525,69.9,13314.61,Trail-Lock 🔒,0.8351468120562947,40013.72
ZECUSDT,2026-08-24 12:30:00+00:00,839.21,2026-08-24 13:30:00+00:00,846.3578168371308,0.5517,73.59,13337.91,Trail-Lock 🔒,0.8163542485009125,40087.31
EGLDUSDT,2026-08-24 12:30:00+00:00,3.574,2026-08-24 13:30:00+00:00,3.62761,1.2,160.35,13362.44,TP 🟢,0.805920103055035,40247.66
SUSDT,2026-08-24 11:30:00+00:00,0.02768,2026-08-24 13:30:00+00:00,0.0280952,1.2,160.99,13415.89,TP 🟢,0.789534913040491,40408.65
ZENUSDT,2026-08-24 12:30:00+00:00,5.549,2026-08-24 13:30:00+00:00,5.460801860686103,-1.8894,-254.5,13469.55,SL 🔴,0.7842087674647701,40154.15
WALUSDT,2026-08-24 11:30:00+00:00,0.0229,2026-08-24 13:30:00+00:00,0.0232435,1.2,160.62,13384.72,TP 🟢,0.7826330059030555,40314.77
DOGEUSDT,2026-08-24 12:30:00+00:00,0.0917,2026-08-24 13:30:00+00:00,0.09068107923406185,-1.4111,-189.63,13438.26,SL 🔴,0.7701877933374057,40125.14
STXUSDT,2026-08-24 11:30:00+00:00,0.2393,2026-08-24 13:30:00+00:00,0.2342637683713204,-2.4046,-321.61,13375.05,SL 🔴,0.7604713598744701,39803.52
MANAUSDT,2026-08-24 12:30:00+00:00,0.0745,2026-08-24 13:30:00+00:00,0.07511462499999999,0.525,69.66,13267.84,Trail-Lock 🔒,0.7534224743683219,39873.18
INITUSDT,2026-08-24 12:30:00+00:00,0.05538,2026-08-24 13:30:00+00:00,0.0548262,-1.3,-172.78,13291.06,SL 🔴,0.7002778693192331,39700.4
GUSDT,2026-08-24 10:00:00+00:00,0.00385,2026-08-24 13:30:00+00:00,0.0038817625,0.525,69.48,13233.47,Trail-Lock 🔒,0.6861306850389628,39769.87
ANKRUSDT,2026-08-24 10:00:00+00:00,0.00397,2026-08-24 13:30:00+00:00,0.0040027525,0.525,69.6,13256.62,Trail-Lock 🔒,0.6744265184514028,39839.47
LAUSDT,2026-08-24 12:30:00+00:00,0.057,2026-08-24 13:00:00+00:00,0.05747025,0.525,69.72,13279.82,Trail-Lock 🔒,0.6680905114274694,39909.19
GLMUSDT,2026-08-24 12:30:00+00:00,0.1099,2026-08-24 13:30:00+00:00,0.108801,-1.3,-172.94,13303.06,SL 🔴,0.6643978540182245,39736.25
PORTALUSDT,2026-08-24 08:30:00+00:00,0.01601,2026-08-24 13:30:00+00:00,0.016678109373789697,3.8731,513.0,13245.42,TP 🟢,0.6588627105614966,40249.25
BLURUSDT,2026-08-24 12:30:00+00:00,0.01643,2026-08-24 13:30:00+00:00,0.01667645,1.2,161.0,13416.42,TP 🟢,0.6558920957783194,40410.25
ZILUSDT,2026-08-24 12:30:00+00:00,0.002753,2026-08-24 13:30:00+00:00,0.00272547,-1.3,-175.11,13470.08,SL 🔴,0.6507197110096722,40235.14
GRTUSDT,2026-08-24 12:30:00+00:00,0.01762,2026-08-24 13:30:00+00:00,0.01738354999756073,-1.6419,-220.21,13411.71,SL 🔴,0.6328811504609941,40014.93
FIDAUSDT,2026-08-24 12:30:00+00:00,0.01909,2026-08-24 13:30:00+00:00,0.0188991,-1.3,-173.4,13338.31,SL 🔴,0.600396110425763,39841.53
SAGAUSDT,2026-08-24 08:30:00+00:00,0.01504,2026-08-24 14:30:00+00:00,0.015271192649454446,1.2372,164.73,13314.61,TP 🟢,0.8371144176546812,40006.25
LUMIAUSDT,2026-08-24 12:30:00+00:00,0.0891,2026-08-24 14:00:00+00:00,0.0904365,1.2,159.37,13280.51,TP 🟢,0.5971719340810855,40165.62
ZKCUSDT,2026-08-24 12:30:00+00:00,0.0413,2026-08-24 15:00:00+00:00,0.041919500000000005,1.2,160.06,13338.31,TP 🟢,0.6065733962241402,40325.68
IOTXUSDT,2026-08-24 14:30:00+00:00,0.00286,2026-08-24 15:30:00+00:00,0.0029029,1.2,161.3,13441.89,TP 🟢,0.4914783872189933,40486.98
KAIAUSDT,2026-08-24 14:30:00+00:00,0.0316,2026-08-24 15:00:00+00:00,0.032074000000000005,1.2,161.95,13495.66,TP 🟢,0.46432893283069876,40648.93
CFXUSDT,2026-08-24 15:00:00+00:00,0.04866,2026-08-24 15:30:00+00:00,0.0493899,1.2,162.6,13549.64,TP 🟢,0.8145754080868024,40811.53
ANKRUSDT,2026-08-24 15:00:00+00:00,0.00402,2026-08-24 15:30:00+00:00,0.0040803,1.2,163.25,13603.84,TP 🟢,0.7841394538716376,40974.77
CGPTUSDT,2026-08-24 15:00:00+00:00,0.02088,2026-08-24 15:30:00+00:00,0.02105226,0.525,71.71,13658.26,Trail-Lock 🔒,0.7400282327757475,41046.48
ALTUSDT,2026-08-24 15:00:00+00:00,0.00643,2026-08-24 15:30:00+00:00,0.00652645,1.2,164.19,13682.16,TP 🟢,0.7105401962016101,41210.66
ALGOUSDT,2026-08-24 15:00:00+00:00,0.093,2026-08-24 15:30:00+00:00,0.09439499999999999,1.2,164.84,13736.89,TP 🟢,0.7069417711014341,41375.51
CTSIUSDT,2026-08-24 15:00:00+00:00,0.02653,2026-08-24 15:30:00+00:00,0.026748872500000003,0.525,72.41,13791.84,Trail-Lock 🔒,0.6673447148572516,41447.91
HYPERUSDT,2026-08-24 15:00:00+00:00,0.0675,2026-08-24 15:30:00+00:00,0.068056875,0.525,72.53,13815.97,Trail-Lock 🔒,0.6289686767941967,41520.45
CVCUSDT,2026-08-24 15:00:00+00:00,0.01994,2026-08-24 15:30:00+00:00,0.020104504999999998,0.525,72.66,13840.15,Trail-Lock 🔒,0.6239118277951422,41593.11
GASUSDT,2026-08-24 14:30:00+00:00,1.235,2026-08-24 16:30:00+00:00,1.24518875,0.525,71.83,13682.16,Trail-Lock 🔒,0.7385176507962821,41664.94
DIAUSDT,2026-08-24 15:00:00+00:00,0.1376,2026-08-24 17:00:00+00:00,0.13602197503499466,-1.4468,-200.59,13864.37,SL 🔴,0.6085762577721516,41464.35
GLMUSDT,2026-08-24 15:00:00+00:00,0.1109,2026-08-24 17:00:00+00:00,0.10974360560202229,-1.3427,-186.16,13864.37,SL 🔴,0.5818840165429958,41278.19
ACTUSDT,2026-08-24 15:00:00+00:00,0.01079,2026-08-24 16:30:00+00:00,0.0108790175,0.525,72.24,13759.4,Trail-Lock 🔒,0.8431035214807922,41350.42
HOTUSDT,2026-08-24 14:30:00+00:00,0.00038,2026-08-24 17:00:00+00:00,0.000383135,0.525,72.36,13783.47,Trail-Lock 🔒,0.8424243722246705,41422.79
MINAUSDT,2026-08-24 14:30:00+00:00,0.0588,2026-08-24 17:00:00+00:00,0.059876775056802604,1.5313,211.43,13807.6,TP 🟢,0.8286922035630453,41634.21
RSRUSDT,2026-08-24 14:30:00+00:00,0.00145,2026-08-24 17:00:00+00:00,0.0014619625,0.525,72.86,13878.07,Trail-Lock 🔒,0.6998656499875063,41707.07
RLCUSDT,2026-08-24 14:30:00+00:00,0.3258,2026-08-24 17:00:00+00:00,0.32848784999999997,0.525,72.99,13902.36,Trail-Lock 🔒,0.6828097258069078,41780.06
AIXBTUSDT,2026-08-24 14:30:00+00:00,0.02119,2026-08-24 17:00:00+00:00,0.0213648175,0.525,73.12,13926.69,Trail-Lock 🔒,0.6725415671623127,41853.18
ORDIUSDT,2026-08-24 14:30:00+00:00,4.156,2026-08-24 17:00:00+00:00,4.221806552613254,1.2834,179.05,13951.06,TP 🟢,0.6328537216424691,42032.23
CUSDT,2026-08-24 15:00:00+00:00,0.0667,2026-08-24 18:00:00+00:00,0.067250275,0.525,72.86,13878.07,Trail-Lock 🔒,0.7975836870629545,42105.09
QKCUSDT,2026-08-24 12:30:00+00:00,0.002145,2026-08-24 20:00:00+00:00,0.0021626962500000003,0.525,73.68,14035.03,Trail-Lock 🔒,0.6423573481308612,42178.77
SIGNUSDT,2026-08-24 19:00:00+00:00,0.00783,2026-08-24 20:00:00+00:00,0.0078945975,0.525,73.81,14059.59,Trail-Lock 🔒,0.566444314737986,42252.58
JASMYUSDT,2026-08-24 16:00:00+00:00,0.00448,2026-08-24 20:30:00+00:00,0.004547809227914674,1.2136,170.03,14010.74,TP 🟢,0.8367772268954611,42422.62
SUSDT,2026-08-24 21:00:00+00:00,0.02823,2026-08-25 00:30:00+00:00,0.02865345,1.2,169.69,14140.87,TP 🟢,0.8418554253536834,42592.31
METISUSDT,2026-08-25 01:00:00+00:00,2.79,2026-08-25 01:30:00+00:00,2.83185,1.2,170.37,14197.44,TP 🟢,0.7957622939378699,42762.68
ONGUSDT,2026-08-25 03:30:00+00:00,0.08552,2026-08-25 05:30:00+00:00,0.08833309792030383,2.9894,426.12,14254.23,TP 🟢,0.7555465437586764,43188.79
IOTAUSDT,2026-08-25 05:00:00+00:00,0.0466,2026-08-25 06:30:00+00:00,0.0460741903673452,-1.4283,-205.63,14396.26,SL 🔴,0.5425447071643295,42983.16
EIGENUSDT,2026-08-25 05:00:00+00:00,0.2254,2026-08-25 06:30:00+00:00,0.22236719364440563,-1.6455,-236.89,14396.26,SL 🔴,0.49250970505805236,42746.27
TAOUSDT,2026-08-25 05:00:00+00:00,241.2,2026-08-25 06:30:00+00:00,244.81799999999998,1.2,170.99,14248.76,TP 🟢,0.7502287815279879,42917.26
TRBUSDT,2026-08-25 05:30:00+00:00,18.79,2026-08-25 06:00:00+00:00,18.9450175,0.525,75.11,14305.75,Trail-Lock 🔒,0.7066167721818418,42992.36
BLURUSDT,2026-08-25 05:00:00+00:00,0.01683,2026-08-25 06:30:00+00:00,0.01665467478760251,-1.3417,-192.28,14330.79,SL 🔴,0.6518137065767051,42800.08
IMXUSDT,2026-08-25 05:30:00+00:00,0.1336,2026-08-25 06:30:00+00:00,0.13215342919544112,-1.3828,-197.27,14266.69,SL 🔴,0.6164707099444428,42602.8
RAREUSDT,2026-08-25 05:00:00+00:00,0.01261,2026-08-25 07:30:00+00:00,0.0124839,-1.3,-187.15,14396.26,SL 🔴,0.4841910465224059,42415.65
WALUSDT,2026-08-25 05:00:00+00:00,0.0238,2026-08-25 07:30:00+00:00,0.023543097420877863,-1.3794,-197.68,14330.79,SL 🔴,0.6796783301453877,42217.97
ALTUSDT,2026-08-25 05:00:00+00:00,0.0065,2026-08-25 07:30:00+00:00,0.006435,-1.3,-184.61,14200.93,SL 🔴,0.6005922461678782,42033.36
FIDAUSDT,2026-08-25 05:00:00+00:00,0.01933,2026-08-25 07:30:00+00:00,0.019125813271961018,-1.3563,-190.04,14011.12,SL 🔴,0.8496453753682489,41843.32
ENSUSDT,2026-08-25 01:00:00+00:00,5.82,2026-08-25 07:30:00+00:00,5.9073,1.2,167.37,13947.77,TP 🟢,0.6640427315759917,42010.7
0GUSDT,2026-08-25 06:30:00+00:00,0.1676,2026-08-25 07:00:00+00:00,0.16898269999999999,0.525,73.52,14003.57,Trail-Lock 🔒,0.584557985602723,42084.22
ASTRUSDT,2026-08-25 05:00:00+00:00,0.00548,2026-08-25 07:30:00+00:00,0.0054252,-1.3,-182.36,14028.07,SL 🔴,0.4851091132237423,41901.85
IMXUSDT,2026-08-25 08:30:00+00:00,0.1339,2026-08-25 09:00:00+00:00,0.135004675,0.525,73.33,13967.28,Trail-Lock 🔒,0.6605741569570427,41975.18
ATUSDT,2026-08-25 08:30:00+00:00,0.1401,2026-08-25 09:00:00+00:00,0.141255825,0.525,73.46,13991.73,Trail-Lock 🔒,0.6532475093131923,42048.64
IDUSDT,2026-08-25 09:00:00+00:00,0.0322,2026-08-25 09:30:00+00:00,0.031856217587332446,-1.3676,-191.69,14016.21,SL 🔴,0.5390894408637279,41856.94
VTHOUSDT,2026-08-25 09:00:00+00:00,0.000381,2026-08-25 10:30:00+00:00,0.00038414325,0.525,73.59,14016.21,Trail-Lock 🔒,0.5704446940169059,41930.53
AVAUSDT,2026-08-25 10:30:00+00:00,0.204,2026-08-25 12:00:00+00:00,0.205683,0.525,73.38,13976.84,Trail-Lock 🔒,0.8479150573778492,42003.91
ZKPUSDT,2026-08-25 03:30:00+00:00,0.0414,2026-08-25 13:00:00+00:00,0.042021,1.2,167.61,13967.28,TP 🟢,0.6118780382188342,42171.51
HOLOUSDT,2026-08-25 07:30:00+00:00,0.0689,2026-08-25 15:00:00+00:00,0.069468425,0.525,73.8,14057.17,Trail-Lock 🔒,0.8375141367225468,42245.31
MOVEUSDT,2026-08-25 14:00:00+00:00,0.0081,2026-08-25 15:00:00+00:00,0.008254844268262066,1.6117,226.95,14081.77,TP 🟢,0.6522784200420354,42472.26
BICOUSDT,2026-08-25 15:00:00+00:00,0.01934,2026-08-25 16:00:00+00:00,0.019673552006925117,1.4247,201.7,14157.42,TP 🟢,0.8318464084348915,42673.96
DEXEUSDT,2026-08-25 10:00:00+00:00,1.893,2026-08-25 16:30:00+00:00,1.921395,1.2,168.02,14001.3,TP 🟢,0.5062222977256936,42841.98
DIAUSDT,2026-08-25 14:00:00+00:00,0.1387,2026-08-25 17:00:00+00:00,0.13700211528273815,-1.5241,-216.8,14224.65,SL 🔴,0.6524667114429639,42625.17
METISUSDT,2026-08-25 16:30:00+00:00,2.77,2026-08-25 17:00:00+00:00,2.7928525,0.525,74.59,14208.39,Trail-Lock 🔒,0.7190155729600036,42699.77
POLUSDT,2026-08-25 16:30:00+00:00,0.1251,2026-08-25 17:00:00+00:00,0.12233423079632973,-2.5108,-357.38,14233.26,SL 🔴,0.5030114180182654,42342.39
API3USDT,2026-08-25 14:00:00+00:00,0.2317,2026-08-25 17:30:00+00:00,0.233611525,0.525,74.97,14280.66,Trail-Lock 🔒,0.6373992866173869,42417.37
HEIUSDT,2026-08-25 14:00:00+00:00,0.1294,2026-08-25 18:00:00+00:00,0.13134099999999999,1.2,169.67,14139.12,TP 🟢,0.6039955475003644,42587.03
HEIUSDT,2026-08-25 18:00:00+00:00,0.1309,2026-08-25 19:00:00+00:00,0.1328635,1.2,170.35,14195.68,TP 🟢,0.8406919979643028,42757.38
MIRAUSDT,2026-08-25 18:00:00+00:00,0.04197,2026-08-25 18:30:00+00:00,0.0423162525,0.525,74.83,14252.46,Trail-Lock 🔒,0.6804252245980423,42832.21
RAREUSDT,2026-08-25 18:00:00+00:00,0.01255,2026-08-25 20:00:00+00:00,0.0124245,-1.3,-185.61,14277.4,SL 🔴,0.5376928984505245,42646.6
ZKUSDT,2026-08-25 17:30:00+00:00,0.00889,2026-08-25 20:00:00+00:00,0.008801100000000001,-1.3,-185.61,14277.4,SL 🔴,0.5253298189419882,42461.0
SIGNUSDT,2026-08-25 18:00:00+00:00,0.00791,2026-08-25 20:30:00+00:00,0.007824871230537503,-1.3762,-196.49,14277.4,SL 🔴,0.4851063224170773,42264.51
SXTUSDT,2026-08-25 17:30:00+00:00,0.008,2026-08-25 20:30:00+00:00,0.00792,-1.3,-184.0,14153.67,SL 🔴,0.7881317476613476,42080.51
SHELLUSDT,2026-08-25 18:00:00+00:00,0.0222,2026-08-25 20:30:00+00:00,0.021975821803867236,-1.3098,-185.39,14153.67,SL 🔴,0.701373071993703,41895.12
WCTUSDT,2026-08-25 19:00:00+00:00,0.03773,2026-08-25 20:30:00+00:00,0.0373527,-1.3,-181.55,13965.04,SL 🔴,0.8492327639685565,41713.58
DEXEUSDT,2026-08-25 16:30:00+00:00,1.891,2026-08-25 20:30:00+00:00,1.87209,-1.3,-180.76,13904.53,SL 🔴,0.8435726943652925,41532.82
KAIAUSDT,2026-08-25 17:00:00+00:00,0.0327,2026-08-25 21:00:00+00:00,0.03221713976921544,-1.7766,-245.96,13844.27,SL 🔴,0.8380940768657414,41286.86
ACTUSDT,2026-08-25 14:00:00+00:00,0.01079,2026-08-25 21:00:00+00:00,0.01065790274877214,-1.5243,-209.77,13762.29,SL 🔴,0.7042460999848836,41077.08
ESPUSDT,2026-08-25 10:30:00+00:00,0.09003,2026-08-25 21:00:00+00:00,0.08897056337652345,-1.4768,-202.2,13692.36,SL 🔴,0.6223301339217968,40874.88
ONEUSDT,2026-08-25 18:00:00+00:00,0.000741,2026-08-25 20:30:00+00:00,0.0007323120001454458,-1.4725,-200.62,13624.96,SL 🔴,0.6078885045066377,40674.26
MAGICUSDT,2026-08-25 21:30:00+00:00,0.0455,2026-08-25 22:00:00+00:00,0.045875375,0.525,71.18,13558.09,Trail-Lock 🔒,0.5461125213527093,40745.44
ASTRUSDT,2026-08-25 22:30:00+00:00,0.005447,2026-08-26 00:30:00+00:00,0.005491937749999999,0.525,71.3,13581.81,Trail-Lock 🔒,0.8461310423228786,40816.74
PROMUSDT,2026-08-26 01:00:00+00:00,4.208,2026-08-26 02:30:00+00:00,4.348911811118609,3.0487,414.79,13605.58,TP 🟢,0.7478660350944082,41231.53
MINAUSDT,2026-08-26 02:00:00+00:00,0.0612,2026-08-26 02:30:00+00:00,0.0617049,0.525,72.16,13743.84,Trail-Lock 🔒,0.7184323622701126,41303.69
BICOUSDT,2026-08-26 01:00:00+00:00,0.01977,2026-08-26 03:00:00+00:00,0.02016676204575763,1.7069,235.0,13767.9,TP 🟢,0.7114802128112596,41538.69
PORTALUSDT,2026-08-26 02:00:00+00:00,0.01475,2026-08-26 02:30:00+00:00,0.01498958245767234,1.3243,183.36,13846.23,TP 🟢,0.4620378258731588,41722.05
RSRUSDT,2026-08-26 02:00:00+00:00,0.001435,2026-08-26 05:30:00+00:00,0.0014565250000000002,1.2,166.89,13907.35,TP 🟢,0.550997938291175,41888.94
WALUSDT,2026-08-26 02:00:00+00:00,0.0229,2026-08-26 07:00:00+00:00,0.023088925,0.525,73.01,13907.35,Trail-Lock 🔒,0.849433611445444,41961.95
POWRUSDT,2026-08-26 04:00:00+00:00,0.0458,2026-08-26 06:30:00+00:00,0.046487,1.2,167.85,13987.32,TP 🟢,0.8493784472124642,42129.8
ZAMAUSDT,2026-08-26 05:00:00+00:00,0.05421,2026-08-26 07:00:00+00:00,0.0546572325,0.525,73.73,14043.27,Trail-Lock 🔒,0.6584396987454638,42203.53
MTLUSDT,2026-08-26 02:00:00+00:00,0.225,2026-08-26 07:00:00+00:00,0.228375,1.2,166.89,13907.35,TP 🟢,0.5789400036582051,42370.42
OPENUSDT,2026-08-26 05:30:00+00:00,0.1581,2026-08-26 08:30:00+00:00,0.15940432499999999,0.525,73.86,14067.84,Trail-Lock 🔒,0.5150766644872407,42444.27
XNOUSDT,2026-08-26 05:30:00+00:00,0.403,2026-08-26 08:00:00+00:00,0.40632475,0.525,73.86,14067.84,Trail-Lock 🔒,0.5097569572412081,42518.13
ACTUSDT,2026-08-26 05:30:00+00:00,0.011,2026-08-26 09:00:00+00:00,0.010869850517827198,-1.4832,-209.48,14123.47,SL 🔴,0.8463724594083593,42308.65
ONGUSDT,2026-08-26 07:30:00+00:00,0.1037,2026-08-26 09:00:00+00:00,0.10776951443265287,3.6243,513.66,14172.71,TP 🟢,0.6803600133699093,42822.32
GASUSDT,2026-08-26 07:30:00+00:00,1.25,2026-08-26 09:00:00+00:00,1.236753600838452,-1.3597,-192.71,14172.71,SL 🔴,0.6493834528864287,42629.61
HEIUSDT,2026-08-26 02:00:00+00:00,0.1303,2026-08-26 09:00:00+00:00,0.1322545,1.2,170.52,14209.87,TP 🟢,0.8396819843799951,42800.13
ROSEUSDT,2026-08-26 07:00:00+00:00,0.00594,2026-08-26 09:00:00+00:00,0.0060291,1.2,171.2,14266.71,TP 🟢,0.6952470708543675,42971.33
SIGNUSDT,2026-08-26 08:30:00+00:00,0.0079,2026-08-26 09:00:00+00:00,0.008018500000000001,1.2,171.89,14323.78,TP 🟢,0.675090763571025,43143.21
WCTUSDT,2026-08-26 07:30:00+00:00,0.03763,2026-08-26 09:30:00+00:00,0.03819445,1.2,172.57,14381.07,TP 🟢,0.6057839238235754,43315.79
RSRUSDT,2026-08-26 05:30:00+00:00,0.00144,2026-08-26 10:30:00+00:00,0.0014256000000000002,-1.3,-185.47,14266.71,SL 🔴,0.7475315404132001,43130.32
SHELLUSDT,2026-08-26 05:30:00+00:00,0.0224,2026-08-26 10:30:00+00:00,0.022736,1.2,173.26,14438.6,TP 🟢,0.588976905077501,43303.58
SIGNUSDT,2026-08-26 10:00:00+00:00,0.00805,2026-08-26 11:00:00+00:00,0.00817075,1.2,173.21,14434.53,TP 🟢,0.4743847829253054,43476.8
PYTHUSDT,2026-08-26 06:30:00+00:00,0.05228,2026-08-26 11:30:00+00:00,0.052724434458251916,0.5501,79.72,14492.27,Trail-Lock 🔒,0.8355887590448314,43556.52
ALTUSDT,2026-08-26 10:00:00+00:00,0.00629,2026-08-26 12:30:00+00:00,0.006227099999999999,-1.3,-188.74,14518.84,SL 🔴,0.6445890046494382,43367.77
MASKUSDT,2026-08-26 11:00:00+00:00,0.435,2026-08-26 12:00:00+00:00,0.442077391322035,1.327,191.83,14455.92,TP 🟢,0.8333259682513071,43559.6
MOVEUSDT,2026-08-26 02:00:00+00:00,0.0082,2026-08-26 13:00:00+00:00,0.00834157233363643,1.4265,207.12,14519.87,TP 🟢,0.8309480962385476,43766.73
BANANAUSDT,2026-08-26 10:00:00+00:00,3.901,2026-08-26 13:00:00+00:00,3.9595149999999997,1.2,175.07,14588.91,TP 🟢,0.7471269072477114,43941.79
SFPUSDT,2026-08-26 05:30:00+00:00,0.2616,2026-08-26 13:00:00+00:00,0.2637582,0.525,76.9,14647.26,Trail-Lock 🔒,0.6651683334102281,44018.69
SOPHUSDT,2026-08-26 08:30:00+00:00,0.00358,2026-08-26 14:00:00+00:00,0.0036336999999999997,1.2,173.26,14438.6,TP 🟢,0.5769252062667055,44191.96
AIXBTUSDT,2026-08-26 11:00:00+00:00,0.02088,2026-08-26 13:30:00+00:00,0.02105226,0.525,77.34,14730.65,Trail-Lock 🔒,0.8473790800916587,44269.29
SHELLUSDT,2026-08-26 13:00:00+00:00,0.0227,2026-08-26 13:30:00+00:00,0.023040500000000002,1.2,177.08,14756.43,TP 🟢,0.786588722759973,44446.37
VTHOUSDT,2026-08-26 14:00:00+00:00,0.000374,2026-08-26 14:30:00+00:00,0.00037961,1.2,177.79,14815.46,TP 🟢,0.8450694775377974,44624.15
ESPUSDT,2026-08-26 07:30:00+00:00,0.08868,2026-08-26 14:00:00+00:00,0.0900102,1.2,178.5,14874.72,TP 🟢,0.8422789082747129,44802.65
BREVUSDT,2026-08-26 02:00:00+00:00,0.0701,2026-08-26 14:30:00+00:00,0.070678325,0.525,78.4,14934.22,Trail-Lock 🔒,0.8392259671476102,44881.06
SOPHUSDT,2026-08-26 14:00:00+00:00,0.00359,2026-08-26 14:30:00+00:00,0.0036438499999999997,1.2,179.52,14960.35,TP 🟢,0.7678835613492395,45060.58
SXTUSDT,2026-08-26 04:00:00+00:00,0.0082,2026-08-26 14:30:00+00:00,0.008323,1.2,180.24,15020.19,TP 🟢,0.7501493505098773,45240.82
RONINUSDT,2026-08-26 14:00:00+00:00,0.0555,2026-08-26 14:30:00+00:00,0.054945,-1.3,-196.04,15080.27,SL 🔴,0.5540614066628058,45044.78
IDUSDT,2026-08-26 13:30:00+00:00,0.031,2026-08-26 14:30:00+00:00,0.031465,1.2,180.18,15014.93,TP 🟢,0.5429506622902946,45224.96
GLMUSDT,2026-08-26 13:30:00+00:00,0.11,2026-08-26 14:30:00+00:00,0.11165,1.2,180.9,15074.99,TP 🟢,0.49402786122124026,45405.86
SAGAUSDT,2026-08-26 05:30:00+00:00,0.01488,2026-08-26 16:30:00+00:00,0.01500276,0.525,79.46,15135.29,Trail-Lock 🔒,0.7292506954264614,45485.32
GLMUSDT,2026-08-26 18:30:00+00:00,0.1126,2026-08-26 19:00:00+00:00,0.11352895,0.525,79.6,15161.77,Trail-Lock 🔒,0.6730203752880374,45564.92
ROSEUSDT,2026-08-26 21:30:00+00:00,0.00599,2026-08-27 03:00:00+00:00,0.0060394175,0.525,79.74,15188.31,Trail-Lock 🔒,0.8486029155076191,45644.66
WINUSDT,2026-08-26 21:30:00+00:00,3.419e-05,2026-08-27 00:00:00+00:00,3.3848100000000005e-05,-1.3,-197.79,15214.89,SL 🔴,0.6254003442343967,45446.86
TNSRUSDT,2026-08-26 21:30:00+00:00,0.0341,2026-08-27 03:00:00+00:00,0.034381325,0.525,79.53,15148.95,Trail-Lock 🔒,0.5202624453981699,45526.39
POWRUSDT,2026-08-26 21:30:00+00:00,0.0455,2026-08-27 05:00:00+00:00,0.045045,-1.3,-196.94,15148.95,SL 🔴,0.5404969818048376,45329.46
BREVUSDT,2026-08-26 21:30:00+00:00,0.0704,2026-08-27 04:30:00+00:00,0.07098080000000001,0.525,79.67,15175.46,Trail-Lock 🔒,0.5136134518516386,45409.13
ARPAUSDT,2026-08-26 21:30:00+00:00,0.00942,2026-08-27 04:00:00+00:00,0.0095613,1.2,182.11,15175.46,TP 🟢,0.5094863136455909,45591.23
TOWNSUSDT,2026-08-27 03:00:00+00:00,0.00243,2026-08-27 06:00:00+00:00,0.0024500474999999996,0.525,79.78,15197.08,Trail-Lock 🔒,0.7553889488587088,45671.02
KAIAUSDT,2026-08-26 21:30:00+00:00,0.0317,2026-08-27 07:30:00+00:00,0.031961525,0.525,79.92,15223.67,Trail-Lock 🔒,0.7465441379584161,45750.94
REQUSDT,2026-08-26 21:30:00+00:00,0.059,2026-08-27 07:00:00+00:00,0.058253042244558274,-1.566,-238.82,15250.31,SL 🔴,0.6213672860725592,45512.12
ADXUSDT,2026-08-26 21:30:00+00:00,0.0655,2026-08-27 10:00:00+00:00,0.0664825,1.2,182.05,15170.71,TP 🟢,0.596435683704237,45694.17
ALPINEUSDT,2026-08-26 21:30:00+00:00,0.352,2026-08-27 10:00:00+00:00,0.351,-0.5841,-88.97,15231.39,Timeout ⏱️,0.5792162305800738,45605.2
MINAUSDT,2026-08-27 03:00:00+00:00,0.0622,2026-08-27 04:00:00+00:00,0.061578,-1.3,-197.62,15201.73,SL 🔴,0.5436044403977924,45407.58
WUSDT,2026-08-26 21:30:00+00:00,0.00938,2026-08-27 07:00:00+00:00,0.009457385,0.525,79.46,15135.86,Trail-Lock 🔒,0.5422752255461223,45487.04
RVNUSDT,2026-08-27 14:00:00+00:00,0.0033,2026-08-27 20:00:00+00:00,0.0033495,1.2,181.95,15162.35,TP 🟢,0.664811039796338,45668.99
MEGAUSDT,2026-08-27 14:00:00+00:00,0.03934,2026-08-27 18:00:00+00:00,0.0389466,-1.3,-197.9,15223.0,SL 🔴,0.585287223023143,45471.09
PORTALUSDT,2026-08-27 14:00:00+00:00,0.0159,2026-08-27 15:00:00+00:00,0.016041224820578837,0.5882,89.15,15157.03,Trail-Lock 🔒,0.5545092715094803,45560.25
HBARUSDT,2026-08-27 14:00:00+00:00,0.07861,2026-08-27 22:00:00+00:00,0.0792585325,0.525,79.73,15186.75,Trail-Lock 🔒,0.511223746942876,45639.98
XAIUSDT,2026-08-27 14:00:00+00:00,0.00748,2026-08-28 01:30:00+00:00,0.007541709999999999,0.525,79.57,15157.03,Trail-Lock 🔒,0.5625215483353967,45719.55
EGLDUSDT,2026-08-27 14:00:00+00:00,3.41,2026-08-28 02:30:00+00:00,3.46115,1.2,182.88,15239.85,TP 🟢,0.8207825169613685,45902.43
XRPUSDT,2026-08-27 14:00:00+00:00,1.4346,2026-08-28 02:00:00+00:00,1.44643545,0.525,80.33,15300.81,Trail-Lock 🔒,0.784303253242042,45982.76
NEWTUSDT,2026-08-27 23:30:00+00:00,0.04196,2026-08-28 02:30:00+00:00,0.0415404,-1.3,-199.26,15327.59,SL 🔴,0.5412896546416145,45783.5
BATUSDT,2026-08-28 10:30:00+00:00,0.0686,2026-08-28 16:00:00+00:00,0.06791399999999999,-1.3,-198.4,15261.17,SL 🔴,0.8412514328284451,45585.1
EGLDUSDT,2026-08-28 10:30:00+00:00,3.414,2026-08-28 14:00:00+00:00,3.4652100000000003,1.2,182.34,15195.03,TP 🟢,0.6996046565325734,45767.45
FETUSDT,2026-08-28 10:30:00+00:00,0.1612,2026-08-28 11:00:00+00:00,0.163618,1.2,183.07,15255.82,TP 🟢,0.675025480003034,45950.52
METISUSDT,2026-08-28 10:30:00+00:00,2.81,2026-08-28 14:00:00+00:00,2.7819000000000003,-1.3,-199.12,15316.84,SL 🔴,0.6214083360548515,45751.4
MASKUSDT,2026-08-28 10:30:00+00:00,0.431,2026-08-28 13:30:00+00:00,0.437465,1.2,183.01,15250.47,TP 🟢,0.5939358301102032,45934.4
MEGAUSDT,2026-08-28 10:30:00+00:00,0.0384,2026-08-28 13:30:00+00:00,0.038716799999999996,0.525,80.39,15311.47,Trail-Lock 🔒,0.592582183278168,46014.79
ARKUSDT,2026-08-28 10:30:00+00:00,0.1105,2026-08-28 14:00:00+00:00,0.109395,-1.3,-199.4,15338.26,SL 🔴,0.5757622029435773,45815.39
ARKMUSDT,2026-08-28 10:30:00+00:00,0.1129,2026-08-28 13:00:00+00:00,0.113831425,0.525,80.18,15271.8,Trail-Lock 🔒,0.559279592438344,45895.57
ERAUSDT,2026-08-28 10:30:00+00:00,0.0566,2026-08-28 14:00:00+00:00,0.056034,-1.3,-198.88,15298.52,SL 🔴,0.5477032331066607,45696.69
ALTUSDT,2026-08-28 10:30:00+00:00,0.00636,2026-08-28 14:00:00+00:00,0.006296400000000001,-1.3,-198.02,15232.23,SL 🔴,0.5305586213213149,45498.67
SAHARAUSDT,2026-08-28 10:30:00+00:00,0.0084,2026-08-28 13:00:00+00:00,0.008469299999999999,0.525,79.62,15166.22,Trail-Lock 🔒,0.5271379014240453,45578.29
GTCUSDT,2026-08-28 10:30:00+00:00,0.08721,2026-08-28 14:00:00+00:00,0.08792948249999999,0.525,79.76,15192.76,Trail-Lock 🔒,0.5250016693304638,45658.05
IOTXUSDT,2026-08-28 10:30:00+00:00,0.002898,2026-08-28 14:00:00+00:00,0.00286902,-1.3,-197.85,15219.35,SL 🔴,0.48081830106063556,45460.2
DGBUSDT,2026-08-28 21:00:00+00:00,0.00483,2026-08-28 21:30:00+00:00,0.00491163644880108,1.3902,210.66,15153.4,TP 🟢,0.4770576222834028,45670.86
MOVEUSDT,2026-08-29 02:30:00+00:00,0.0091,2026-08-29 07:30:00+00:00,0.009273379275799522,1.6053,244.38,15223.62,TP 🟢,0.8263851210123261,45915.24
KSMUSDT,2026-08-29 02:30:00+00:00,3.51,2026-08-29 04:30:00+00:00,3.5389574999999995,0.525,80.35,15305.08,Trail-Lock 🔒,0.6429179143670279,45995.59
CUSDT,2026-08-29 02:30:00+00:00,0.0631,2026-08-29 03:30:00+00:00,0.0640465,1.2,183.98,15331.86,TP 🟢,0.5643728868251305,46179.58
WCTUSDT,2026-08-29 02:30:00+00:00,0.03775,2026-08-29 06:00:00+00:00,0.037372499999999996,-1.3,-200.11,15393.19,SL 🔴,0.5384330177951012,45979.46
CTKUSDT,2026-08-29 02:30:00+00:00,0.117,2026-08-29 13:00:00+00:00,0.11796525000000001,0.525,80.46,15326.49,Trail-Lock 🔒,0.4814214169478094,46059.93
MAGICUSDT,2026-08-29 09:30:00+00:00,0.0457,2026-08-29 10:00:00+00:00,0.046385499999999996,1.2,184.24,15353.31,TP 🟢,0.8368359766916993,46244.17
XAIUSDT,2026-08-29 09:30:00+00:00,0.00749,2026-08-29 10:00:00+00:00,0.0075517925,0.525,80.93,15414.72,Trail-Lock 🔒,0.6792316077205557,46325.1
MASKUSDT,2026-08-29 02:30:00+00:00,0.438,2026-08-29 10:00:00+00:00,0.4416135,0.525,81.07,15441.7,Trail-Lock 🔒,0.6473122397066222,46406.16
CGPTUSDT,2026-08-29 02:30:00+00:00,0.02001,2026-08-29 15:00:00+00:00,0.02,-0.35,-53.64,15326.49,Timeout ⏱️,0.49233693547926227,46352.53
EIGENUSDT,2026-08-29 14:30:00+00:00,0.1938,2026-08-29 20:00:00+00:00,0.19539884999999999,0.525,81.12,15450.84,Trail-Lock 🔒,0.7324605650504735,46433.64
SIGNUSDT,2026-08-29 18:00:00+00:00,0.00836,2026-08-29 22:30:00+00:00,0.00842897,0.525,81.26,15477.88,Trail-Lock 🔒,0.5621392863869347,46514.9
WLDUSDT,2026-08-29 14:30:00+00:00,0.3754,2026-08-29 23:30:00+00:00,0.381031,1.2,185.41,15450.84,TP 🟢,0.6310394421198725,46700.31
XECUSDT,2026-08-29 14:30:00+00:00,6.91e-06,2026-08-30 01:00:00+00:00,6.8409e-06,-1.3,-200.86,15450.84,SL 🔴,0.5739370696831061,46499.45
PHAUSDT,2026-08-29 23:00:00+00:00,0.025,2026-08-30 01:00:00+00:00,0.025206250000000003,0.525,81.37,15499.82,Trail-Lock 🔒,0.5640877038876855,46580.82
ORDIUSDT,2026-08-29 14:30:00+00:00,3.999,2026-08-30 02:30:00+00:00,4.0319917499999995,0.525,81.4,15504.97,Trail-Lock 🔒,0.6507696736222846,46662.23
ICPUSDT,2026-08-29 14:30:00+00:00,2.467,2026-08-30 03:00:00+00:00,2.458,-0.6648,-103.05,15499.82,Timeout ⏱️,0.8479778630163616,46559.18
BICOUSDT,2026-08-30 01:00:00+00:00,0.02289,2026-08-30 01:30:00+00:00,0.023105264517110136,0.6404,99.39,15519.73,Trail-Lock 🔒,0.5783123296793381,46658.57
HOLOUSDT,2026-08-29 23:00:00+00:00,0.0658,2026-08-30 08:00:00+00:00,0.066787,1.2,186.32,15526.94,TP 🟢,0.5583152054031099,46844.9
JASMYUSDT,2026-08-30 07:00:00+00:00,0.00461,2026-08-30 07:30:00+00:00,0.00467915,1.2,187.38,15614.97,TP 🟢,0.7735548812132504,47032.28
SCRTUSDT,2026-08-30 12:30:00+00:00,0.0108,2026-08-30 14:00:00+00:00,0.011046664897836195,1.9839,311.03,15677.43,TP 🟢,0.8166671048904319,47343.31
APTUSDT,2026-08-30 12:30:00+00:00,0.542,2026-08-30 16:30:00+00:00,0.5464715,0.525,82.85,15781.1,Trail-Lock 🔒,0.5877659933139119,47426.16
TAOUSDT,2026-08-30 12:30:00+00:00,237.8,2026-08-30 15:00:00+00:00,235.42200000000003,-1.3,-205.51,15808.72,SL 🔴,0.568634899168998,47220.64
SAPIENUSDT,2026-08-30 17:00:00+00:00,0.0821,2026-08-30 21:00:00+00:00,0.081279,-1.3,-204.62,15740.21,SL 🔴,0.8445692935432736,47016.02
SUIUSDT,2026-08-30 12:30:00+00:00,0.7396,2026-08-30 22:00:00+00:00,0.7457017,0.525,82.28,15672.01,Trail-Lock 🔒,0.6671946169796328,47098.3
HEIUSDT,2026-08-30 22:00:00+00:00,0.1402,2026-08-30 23:00:00+00:00,0.13826705606868797,-1.6787,-263.55,15699.43,SL 🔴,0.8405976085629947,46834.75
PYTHUSDT,2026-08-30 12:30:00+00:00,0.04742,2026-08-30 23:00:00+00:00,0.048131299999999995,1.2,187.34,15611.58,TP 🟢,0.6624890376436604,47022.09
ENSUSDT,2026-08-30 12:30:00+00:00,5.58,2026-08-30 23:30:00+00:00,5.5242,-1.3,-203.76,15674.03,SL 🔴,0.5803951824755371,46818.33
WALUSDT,2026-08-31 07:00:00+00:00,0.0238,2026-08-31 10:30:00+00:00,0.024157,1.2,187.27,15606.11,TP 🟢,0.8507929631069656,47005.6
GMTUSDT,2026-08-31 06:30:00+00:00,0.00705,2026-08-31 13:30:00+00:00,0.0071081625,0.525,82.26,15668.53,Trail-Lock 🔒,0.620675990967114,47087.86
SAPIENUSDT,2026-08-31 07:00:00+00:00,0.0816,2026-08-31 10:00:00+00:00,0.0822732,0.525,82.4,15695.95,Trail-Lock 🔒,0.6174317629077837,47170.26
VANAUSDT,2026-08-31 07:00:00+00:00,0.904,2026-08-31 12:30:00+00:00,0.89496,-1.3,-204.4,15723.42,SL 🔴,0.6129561727116645,46965.86
WCTUSDT,2026-08-31 07:00:00+00:00,0.03807,2026-08-31 11:30:00+00:00,0.03759042250631827,-1.5597,-244.18,15655.29,SL 🔴,0.5652605891509394,46721.68
TRBUSDT,2026-08-31 07:00:00+00:00,17.0,2026-08-31 08:00:00+00:00,17.255,1.2,186.89,15573.89,TP 🟢,0.5575068745229613,46908.57
TAOUSDT,2026-08-31 07:00:00+00:00,229.2,2026-08-31 13:30:00+00:00,226.88853136802405,-1.3085,-204.6,15636.19,SL 🔴,0.4703767220224624,46703.97
ENSOUSDT,2026-08-31 06:30:00+00:00,0.881,2026-08-31 15:30:00+00:00,0.894215,1.2,186.82,15567.99,TP 🟢,0.8411739388645694,46890.78
AMPUSDT,2026-08-31 14:30:00+00:00,0.000437,2026-08-31 16:00:00+00:00,0.00044060525,0.525,82.06,15630.26,Trail-Lock 🔒,0.648415897314395,46972.84
NEARUSDT,2026-08-31 14:30:00+00:00,1.868,2026-08-31 15:00:00+00:00,1.8834110000000002,0.525,82.2,15657.61,Trail-Lock 🔒,0.6362605232112409,47055.05
CFXUSDT,2026-08-31 14:30:00+00:00,0.04479,2026-08-31 15:00:00+00:00,0.0451595175,0.525,82.35,15685.02,Trail-Lock 🔒,0.6069275519963595,47137.39
XNOUSDT,2026-08-31 14:30:00+00:00,0.392,2026-08-31 22:00:00+00:00,0.38798527912785075,-1.3242,-208.06,15712.46,SL 🔴,0.8503622737717563,46929.33
KSMUSDT,2026-08-31 20:30:00+00:00,3.56,2026-08-31 21:00:00+00:00,3.58937,0.525,82.13,15643.11,Trail-Lock 🔒,0.5791361076728367,47011.46
MIRAUSDT,2026-09-01 00:00:00+00:00,0.04581,2026-09-01 03:30:00+00:00,0.04629687855927823,0.7628,119.54,15670.49,Trail-Lock 🔒,0.8265414494121163,47131.0
THETAUSDT,2026-09-01 00:00:00+00:00,0.1694,2026-09-01 02:00:00+00:00,0.167706,-1.3,-204.23,15710.33,SL 🔴,0.5155513070923008,46926.76
ALPINEUSDT,2026-09-01 00:00:00+00:00,0.351,2026-09-01 02:30:00+00:00,0.356265,1.2,187.71,15642.25,TP 🟢,0.5106960953195737,47114.47
SAHARAUSDT,2026-09-01 00:00:00+00:00,0.00842,2026-09-01 07:00:00+00:00,0.008489465,0.525,82.48,15710.33,Trail-Lock 🔒,0.6244495729355779,47196.95
TAOUSDT,2026-09-01 00:00:00+00:00,230.8,2026-09-01 07:30:00+00:00,228.49200000000002,-1.3,-204.23,15710.33,SL 🔴,0.5367020661895407,46992.72
PARTIUSDT,2026-09-01 00:00:00+00:00,0.024,2026-09-01 06:00:00+00:00,0.02376,-1.3,-204.16,15704.82,SL 🔴,0.4854363286304685,46788.55
MOVRUSDT,2026-09-01 05:00:00+00:00,0.804,2026-09-01 08:00:00+00:00,0.81606,1.2,187.15,15596.18,TP 🟢,0.8497101279024938,46975.71
BMTUSDT,2026-09-01 05:00:00+00:00,0.02013,2026-09-01 08:00:00+00:00,0.020431949999999997,1.2,187.9,15658.57,TP 🟢,0.8462371455097741,47163.61
SOMIUSDT,2026-09-01 05:00:00+00:00,0.1203,2026-09-01 08:00:00+00:00,0.12180161400712768,0.9482,149.07,15721.2,Trail-Lock 🔒,0.8153695622918143,47312.68
RENDERUSDT,2026-09-01 00:00:00+00:00,1.425,2026-09-01 09:00:00+00:00,1.43675625,0.525,82.8,15770.89,Trail-Lock 🔒,0.7014182825207286,47395.48
QTUMUSDT,2026-09-01 00:00:00+00:00,0.812,2026-09-01 09:30:00+00:00,0.8186990000000001,0.525,82.94,15798.49,Trail-Lock 🔒,0.6809667457711217,47478.42
FETUSDT,2026-09-01 00:00:00+00:00,0.1533,2026-09-01 08:00:00+00:00,0.1555995,1.2,189.91,15826.14,TP 🟢,0.6770172371468892,47668.34
MEGAUSDT,2026-09-01 00:00:00+00:00,0.03794,2026-09-01 10:00:00+00:00,0.03825300500000001,0.525,83.42,15889.45,Trail-Lock 🔒,0.6453620507903649,47751.75
GRTUSDT,2026-09-01 00:00:00+00:00,0.01635,2026-09-01 08:00:00+00:00,0.0161865,-1.3,-206.92,15917.25,SL 🔴,0.5885034732965928,47544.83
PHAUSDT,2026-09-01 00:00:00+00:00,0.0249,2026-09-01 08:00:00+00:00,0.024651,-1.3,-206.03,15848.28,SL 🔴,0.5671569579440275,47338.8
TRBUSDT,2026-09-01 05:00:00+00:00,16.96,2026-09-01 08:00:00+00:00,16.7904,-1.3,-205.13,15779.6,SL 🔴,0.5532980481952463,47133.67
BREVUSDT,2026-09-01 00:00:00+00:00,0.0744,2026-09-01 08:00:00+00:00,0.075516,1.2,188.53,15711.22,TP 🟢,0.536621980122967,47322.2
ENJUSDT,2026-09-01 00:00:00+00:00,0.02454,2026-09-01 08:00:00+00:00,0.024742455,0.525,82.81,15774.07,Trail-Lock 🔒,0.5026781273000107,47405.02
VIRTUALUSDT,2026-09-01 05:00:00+00:00,0.7022,2026-09-01 08:00:00+00:00,0.7079931500000001,0.525,82.96,15801.67,Trail-Lock 🔒,0.4960255099453274,47487.98
BCHUSDT,2026-09-01 05:00:00+00:00,248.4,2026-09-01 08:00:00+00:00,245.916,-1.3,-205.78,15829.33,SL 🔴,0.4705514158259503,47282.19
SSVUSDT,2026-09-01 05:00:00+00:00,2.787,2026-09-01 08:00:00+00:00,2.75913,-1.3,-204.89,15760.73,SL 🔴,0.46664406150435084,47077.3
SEIUSDT,2026-09-01 00:00:00+00:00,0.04451,2026-09-01 10:00:00+00:00,0.0448772075,0.525,82.39,15692.43,Trail-Lock 🔒,0.4509387344284399,47159.69
ALTUSDT,2026-09-01 00:00:00+00:00,0.00611,2026-09-01 12:30:00+00:00,0.0061,-0.4637,-73.16,15779.6,Timeout ⏱️,0.5652561778543845,47086.53
FLUXUSDT,2026-09-01 00:00:00+00:00,0.0491,2026-09-01 11:30:00+00:00,0.048609,-1.3,-204.04,15695.51,SL 🔴,0.7617894041591355,46882.48
STEEMUSDT,2026-09-01 10:00:00+00:00,0.04305,2026-09-01 13:00:00+00:00,0.0434051625,0.525,82.04,15627.49,Trail-Lock 🔒,0.6749097210129706,46964.53
KSMUSDT,2026-09-01 14:30:00+00:00,3.63,2026-09-01 16:30:00+00:00,3.6599475,0.525,82.19,15654.84,Trail-Lock 🔒,0.8183979074614844,47046.72
STXUSDT,2026-09-01 14:30:00+00:00,0.2573,2026-09-01 18:00:00+00:00,0.25942272499999997,0.525,82.33,15682.24,Trail-Lock 🔒,0.7956393002078728,47129.05
SIGNUSDT,2026-09-01 10:00:00+00:00,0.00874,2026-09-01 18:30:00+00:00,0.0088711,1.2,188.52,15709.68,TP 🟢,0.8007914907047011,47317.56
METISUSDT,2026-09-01 14:30:00+00:00,2.67,2026-09-01 22:30:00+00:00,2.6920275,0.525,82.81,15772.52,Trail-Lock 🔒,0.7313501662725961,47400.37
RIFUSDT,2026-09-01 20:30:00+00:00,0.0717,2026-09-01 22:00:00+00:00,0.072291525,0.525,82.95,15800.12,Trail-Lock 🔒,0.5427875181533105,47483.32
ESPUSDT,2026-09-01 23:00:00+00:00,0.08116,2026-09-02 09:00:00+00:00,0.08182956999999999,0.525,83.1,15827.77,Trail-Lock 🔒,0.8488272148354046,47566.42
LSKUSDT,2026-09-02 05:30:00+00:00,0.101,2026-09-02 07:30:00+00:00,0.10183325000000001,0.525,83.24,15855.47,Trail-Lock 🔒,0.8447686348247077,47649.66
MINAUSDT,2026-09-02 05:30:00+00:00,0.0707,2026-09-02 10:00:00+00:00,0.0717605,1.2,190.6,15883.22,TP 🟢,0.6159596401348816,47840.26
AMPUSDT,2026-09-02 05:30:00+00:00,0.00045,2026-09-02 06:00:00+00:00,0.00045371249999999995,0.525,83.72,15946.75,Trail-Lock 🔒,0.5473732123663997,47923.98
DIAUSDT,2026-09-02 05:30:00+00:00,0.1326,2026-09-02 10:30:00+00:00,0.131274,-1.3,-207.67,15974.66,SL 🔴,0.5420283895662565,47716.31
MIRAUSDT,2026-09-02 11:00:00+00:00,0.04606,2026-09-02 11:30:00+00:00,0.04694246709913469,1.6159,257.02,15905.44,TP 🟢,0.8262864402917786,47973.32
ACTUSDT,2026-09-02 14:30:00+00:00,0.01008,2026-09-02 15:00:00+00:00,0.010231200000000001,1.2,191.89,15991.11,TP 🟢,0.7852458151664854,48165.22
MOVEUSDT,2026-09-02 14:30:00+00:00,0.0085,2026-09-02 15:00:00+00:00,0.008570125,0.525,84.29,16055.07,Trail-Lock 🔒,0.6567623566364805,48249.51
ERAUSDT,2026-09-02 11:00:00+00:00,0.0584,2026-09-02 22:30:00+00:00,0.058881800000000005,0.525,84.44,16083.17,Trail-Lock 🔒,0.4704560848804966,48333.94
DEXEUSDT,2026-09-02 18:00:00+00:00,1.93,2026-09-02 21:30:00+00:00,1.9103331433996893,-1.319,-212.14,16083.17,SL 🔴,0.8507045523578504,48121.8
BMTUSDT,2026-09-02 14:30:00+00:00,0.01941,2026-09-02 22:30:00+00:00,0.019172759641649998,-1.5223,-244.18,16040.6,SL 🔴,0.7493901548878872,47877.62
ARUSDT,2026-09-02 18:00:00+00:00,2.257,2026-09-02 23:00:00+00:00,2.2756202500000002,0.525,83.79,15959.21,Trail-Lock 🔒,0.6406801699943475,47961.41
RONINUSDT,2026-09-02 21:00:00+00:00,0.0504,2026-09-02 22:00:00+00:00,0.049896,-1.3,-207.83,15987.14,SL 🔴,0.5645495675163006,47753.58
AWEUSDT,2026-09-02 11:00:00+00:00,0.06141,2026-09-02 23:30:00+00:00,0.06151,-0.1372,-21.93,15991.11,Timeout ⏱️,0.7894314035781637,47731.64
DASHUSDT,2026-09-02 21:00:00+00:00,42.33,2026-09-03 00:00:00+00:00,42.6792225,0.525,83.53,15910.55,Trail-Lock 🔒,0.82573795158307,47815.17
SAPIENUSDT,2026-09-02 23:00:00+00:00,0.0773,2026-09-03 02:00:00+00:00,0.07793772499999999,0.525,83.68,15938.39,Trail-Lock 🔒,0.46910032370878696,47898.85
THETAUSDT,2026-09-03 01:00:00+00:00,0.1682,2026-09-03 02:30:00+00:00,0.16958764999999998,0.525,83.82,15966.28,Trail-Lock 🔒,0.6375703194927667,47982.67
LPTUSDT,2026-09-03 01:00:00+00:00,1.322,2026-09-03 02:30:00+00:00,1.3329065,0.525,83.97,15994.22,Trail-Lock 🔒,0.5687721266384149,48066.64
ETCUSDT,2026-09-03 01:00:00+00:00,7.29,2026-09-03 05:00:00+00:00,7.3501425000000005,0.525,84.12,16022.21,Trail-Lock 🔒,0.5668264022773706,48150.76
FETUSDT,2026-09-03 01:00:00+00:00,0.1525,2026-09-03 02:30:00+00:00,0.1547875,1.2,192.6,16050.25,TP 🟢,0.5591868407797059,48343.36
VIRTUALUSDT,2026-09-03 01:00:00+00:00,0.6772,2026-09-03 02:30:00+00:00,0.6827869,0.525,84.6,16114.45,Trail-Lock 🔒,0.5327379834081385,48427.96
NEARUSDT,2026-09-03 01:00:00+00:00,1.871,2026-09-03 02:30:00+00:00,1.899065,1.2,193.71,16142.65,TP 🟢,0.531536565286151,48621.68
DUSKUSDT,2026-09-03 01:00:00+00:00,0.0666,2026-09-03 04:00:00+00:00,0.06714945,0.525,85.09,16207.23,Trail-Lock 🔒,0.5234358820457302,48706.76
SOLUSDT,2026-09-03 01:00:00+00:00,99.86,2026-09-03 05:00:00+00:00,100.683845,0.525,85.24,16235.59,Trail-Lock 🔒,0.4977491533231931,48792.0
IMXUSDT,2026-09-03 01:00:00+00:00,0.1237,2026-09-03 05:00:00+00:00,0.12472052500000001,0.525,85.39,16264.0,Trail-Lock 🔒,0.49727537110737174,48877.39
TOWNSUSDT,2026-09-03 01:00:00+00:00,0.00248,2026-09-03 02:30:00+00:00,0.00250046,0.525,85.54,16292.46,Trail-Lock 🔒,0.484030699227306,48962.92
FIDAUSDT,2026-09-03 01:00:00+00:00,0.01846,2026-09-03 04:30:00+00:00,0.018612295,0.525,85.69,16320.97,Trail-Lock 🔒,0.47837355789008845,49048.61
ENJUSDT,2026-09-03 01:00:00+00:00,0.0249,2026-09-03 04:00:00+00:00,0.025105424999999997,0.525,85.84,16349.54,Trail-Lock 🔒,0.4585457579115114,49134.44
SOMIUSDT,2026-09-03 01:00:00+00:00,0.1101,2026-09-03 09:00:00+00:00,0.11113855105661011,0.6433,102.71,15966.28,Trail-Lock 🔒,0.8036449459414101,49237.15
LUNAUSDT,2026-09-03 01:00:00+00:00,0.0449,2026-09-03 07:00:00+00:00,0.045270425,0.525,83.97,15994.22,Trail-Lock 🔒,0.5902771024987986,49321.12
FILUSDT,2026-09-03 01:00:00+00:00,0.798,2026-09-03 08:00:00+00:00,0.7851086971076789,-1.9155,-314.91,16440.37,SL 🔴,0.8342116788236792,49006.21
STXUSDT,2026-09-03 01:00:00+00:00,0.2618,2026-09-03 10:30:00+00:00,0.26395985,0.525,85.76,16335.4,Trail-Lock 🔒,0.7475188877083612,49091.97
POLUSDT,2026-09-03 01:00:00+00:00,0.09208,2026-09-03 11:00:00+00:00,0.09283965999999999,0.525,85.91,16363.99,Trail-Lock 🔒,0.5145150316082704,49177.88
VTHOUSDT,2026-09-03 05:30:00+00:00,0.000389,2026-09-03 11:30:00+00:00,0.000394835,1.2,196.71,16392.63,TP 🟢,0.4996824414863631,49374.6
AIXBTUSDT,2026-09-03 05:30:00+00:00,0.02008,2026-09-03 14:30:00+00:00,0.020381200000000002,1.2,196.71,16392.63,TP 🟢,0.4829626976893815,49571.31
DASHUSDT,2026-09-03 11:00:00+00:00,42.73,2026-09-03 14:00:00+00:00,43.082522499999996,0.525,86.75,16523.77,Trail-Lock 🔒,0.6374859323279092,49658.06
LSKUSDT,2026-09-03 11:00:00+00:00,0.1022,2026-09-03 14:30:00+00:00,0.103733,1.2,198.63,16552.69,TP 🟢,0.5635621346319558,49856.69
IOTAUSDT,2026-09-03 14:30:00+00:00,0.0402,2026-09-03 16:00:00+00:00,0.039798,-1.3,-216.05,16618.9,SL 🔴,0.8495350107748375,49640.64
HOLOUSDT,2026-09-03 14:30:00+00:00,0.0622,2026-09-03 16:00:00+00:00,0.06271315,0.525,86.87,16546.88,Trail-Lock 🔒,0.7574203759293578,49727.51
SHELLUSDT,2026-09-03 14:30:00+00:00,0.0219,2026-09-03 15:30:00+00:00,0.022228499999999998,1.2,198.91,16575.84,TP 🟢,0.7042161545652366,49926.43
EIGENUSDT,2026-09-03 14:30:00+00:00,0.2058,2026-09-03 16:30:00+00:00,0.20749785,0.525,87.37,16642.14,Trail-Lock 🔒,0.7034730457147267,50013.8
ICPUSDT,2026-09-03 14:30:00+00:00,2.512,2026-09-03 15:00:00+00:00,2.532724,0.525,87.52,16671.27,Trail-Lock 🔒,0.5938124672770746,50101.32
AMPUSDT,2026-09-03 14:30:00+00:00,0.000445,2026-09-03 16:00:00+00:00,0.00045167499999999996,1.2,200.41,16700.44,TP 🟢,0.4934301810616274,50301.73
LUNAUSDT,2026-09-03 14:30:00+00:00,0.0455,2026-09-03 15:00:00+00:00,0.045875375,0.525,88.03,16767.24,Trail-Lock 🔒,0.48941962209951795,50389.75
LTCUSDT,2026-09-03 14:30:00+00:00,50.98,2026-09-03 19:00:00+00:00,51.40058499999999,0.525,88.18,16796.58,Trail-Lock 🔒,0.4652334398940961,50477.94
ALGOUSDT,2026-09-03 14:30:00+00:00,0.093,2026-09-03 20:00:00+00:00,0.09376725,0.525,88.34,16825.98,Trail-Lock 🔒,0.7350064367388264,50566.27
IMXUSDT,2026-09-03 14:30:00+00:00,0.1263,2026-09-03 21:30:00+00:00,0.127341975,0.525,88.34,16825.98,Trail-Lock 🔒,0.7436183830282799,50654.61
BREVUSDT,2026-09-03 14:30:00+00:00,0.0763,2026-09-03 23:30:00+00:00,0.07692947500000001,0.525,88.65,16884.87,Trail-Lock 🔒,0.6775490542024507,50743.25
EPICUSDT,2026-09-03 14:30:00+00:00,0.3374,2026-09-04 03:00:00+00:00,0.3355,-0.8631,-144.15,16700.44,Timeout ⏱️,0.5004367570940933,50599.11
RVNUSDT,2026-09-03 18:00:00+00:00,0.0031,2026-09-04 05:30:00+00:00,0.0030689999999999997,-1.3,-219.12,16855.42,SL 🔴,0.4630612773173718,50379.99
CFXUSDT,2026-09-03 14:30:00+00:00,0.04793,2026-09-04 03:00:00+00:00,0.04793,-0.3,-50.74,16914.42,Timeout ⏱️,0.7704561964530567,50329.24
IDUSDT,2026-09-03 14:30:00+00:00,0.0317,2026-09-04 01:00:00+00:00,0.031961525,0.525,88.08,16776.41,Trail-Lock 🔒,0.8454978458691073,50417.32
0GUSDT,2026-09-03 18:00:00+00:00,0.185,2026-09-04 02:30:00+00:00,0.187775,1.2,201.67,16805.77,TP 🟢,0.8378590759464761,50618.99
OPUSDT,2026-09-03 14:30:00+00:00,0.0995,2026-09-04 01:30:00+00:00,0.100320875,0.525,88.58,16873.0,Trail-Lock 🔒,0.8363949791704074,50707.57
HIVEUSDT,2026-09-04 00:30:00+00:00,0.0459,2026-09-04 04:30:00+00:00,0.046301473563281695,0.5747,97.13,16902.52,Trail-Lock 🔒,0.8356294970982333,50804.71
SUIUSDT,2026-09-03 14:30:00+00:00,0.7704,2026-09-04 03:00:00+00:00,0.7767558,0.525,88.91,16934.9,Trail-Lock 🔒,0.8335666382603447,50893.61
ARBUSDT,2026-09-04 00:30:00+00:00,0.1413,2026-09-04 01:00:00+00:00,0.137770752033667,-2.7977,-474.62,16964.54,SL 🔴,0.8108174702542705,50419.0
SANDUSDT,2026-09-03 14:30:00+00:00,0.03921,2026-09-04 03:00:00+00:00,0.03921,-0.3,-50.42,16806.33,Timeout ⏱️,0.754411969112943,50368.58
DOTUSDT,2026-09-03 14:30:00+00:00,0.879,2026-09-04 03:00:00+00:00,0.877,-0.5275,-88.57,16789.53,Timeout ⏱️,0.7009349708809373,50280.01
SENTUSDT,2026-09-03 14:30:00+00:00,0.01297,2026-09-04 03:00:00+00:00,0.0130770025,0.525,87.99,16760.0,Trail-Lock 🔒,0.6740877825039496,50368.0
ROSEUSDT,2026-09-03 14:30:00+00:00,0.0063,2026-09-04 02:30:00+00:00,0.0063945,1.2,201.47,16789.33,TP 🟢,0.6435945261177054,50569.47
BICOUSDT,2026-09-04 11:00:00+00:00,0.02236,2026-09-04 12:30:00+00:00,0.022019063213080885,-1.8248,-307.59,16856.49,SL 🔴,0.7539645689728842,50261.88
ACHUSDT,2026-09-04 11:00:00+00:00,0.00521,2026-09-04 12:30:00+00:00,0.00528815,1.2,201.05,16753.96,TP 🟢,0.7294680155869029,50462.93
ARKMUSDT,2026-09-04 11:00:00+00:00,0.1088,2026-09-04 12:30:00+00:00,0.10771199999999999,-1.3,-218.67,16820.98,SL 🔴,0.49379619294233257,50244.25
GLMRUSDT,2026-09-04 17:30:00+00:00,0.006592,2026-09-04 18:00:00+00:00,0.00669088,1.2,200.98,16748.08,TP 🟢,0.8452791224312578,50445.23
ACTUSDT,2026-09-04 17:30:00+00:00,0.01086,2026-09-04 22:00:00+00:00,0.0110229,1.2,201.78,16815.08,TP 🟢,0.7607242120252349,50647.01
LAUSDT,2026-09-05 00:00:00+00:00,0.0681,2026-09-05 02:00:00+00:00,0.0692310925721748,1.3609,229.76,16882.34,TP 🟢,0.8337408892745647,50876.77
NEARUSDT,2026-09-05 00:00:00+00:00,2.197,2026-09-05 03:00:00+00:00,2.2407141313086387,1.6897,286.56,16958.92,TP 🟢,0.8250772129994131,51163.33
STXUSDT,2026-09-05 00:00:00+00:00,0.2641,2026-09-05 02:00:00+00:00,0.2680615,1.2,204.65,17054.44,TP 🟢,0.6574031795370543,51367.98
KITEUSDT,2026-09-05 00:00:00+00:00,0.1356,2026-09-05 01:30:00+00:00,0.134244,-1.3,-222.59,17122.66,SL 🔴,0.5010776487165828,51145.39
ERAUSDT,2026-09-05 00:00:00+00:00,0.0583,2026-09-05 06:30:00+00:00,0.058780975,0.525,89.89,17122.66,Trail-Lock 🔒,0.6134720961925512,51235.28
TWTUSDT,2026-09-05 00:00:00+00:00,0.6268,2026-09-05 10:30:00+00:00,0.6319711,0.525,89.66,17078.43,Trail-Lock 🔒,0.722277116489993,51324.94
XVGUSDT,2026-09-05 05:00:00+00:00,0.002854,2026-09-05 13:30:00+00:00,0.0029176359035135197,1.9297,330.14,17108.31,TP 🟢,0.817832129897246,51655.08
ACTUSDT,2026-09-05 12:00:00+00:00,0.0112,2026-09-05 13:00:00+00:00,0.011088,-1.3,-223.84,17218.36,SL 🔴,0.516604994064138,51431.24
STRAXUSDT,2026-09-05 08:30:00+00:00,0.0096,2026-09-05 16:30:00+00:00,0.009679199999999999,0.525,89.82,17108.31,Trail-Lock 🔒,0.47382965957971923,51521.06
CYBERUSDT,2026-09-05 08:30:00+00:00,0.308,2026-09-05 21:00:00+00:00,0.31,0.3494,59.77,17108.31,Timeout ⏱️,0.4552509918713587,51580.83
ADAUSDT,2026-09-05 17:30:00+00:00,0.2182,2026-09-05 21:00:00+00:00,0.22000015,0.525,90.27,17193.61,Trail-Lock 🔒,0.6849135314417671,51671.1
AMPUSDT,2026-09-05 12:00:00+00:00,0.000447,2026-09-05 22:00:00+00:00,0.00045068775000000006,0.525,90.0,17143.75,Trail-Lock 🔒,0.49008042218011566,51761.1
ATUSDT,2026-09-05 12:00:00+00:00,0.1501,2026-09-06 00:00:00+00:00,0.1523515,1.2,206.08,17173.69,TP 🟢,0.802559609802562,51967.19
MINAUSDT,2026-09-05 21:30:00+00:00,0.0755,2026-09-06 02:00:00+00:00,0.07663249999999999,1.2,207.04,17253.7,TP 🟢,0.6577287525110825,52174.23
EPICUSDT,2026-09-05 23:00:00+00:00,0.3975,2026-09-06 02:00:00+00:00,0.401895595064503,0.8058,140.14,17391.41,Trail-Lock 🔒,0.7315046665103193,52314.37
PYTHUSDT,2026-09-06 03:30:00+00:00,0.05481,2026-09-06 07:30:00+00:00,0.0552621825,0.525,91.55,17438.12,Trail-Lock 🔒,0.8461466319456935,52405.92
IDUSDT,2026-09-06 03:30:00+00:00,0.0331,2026-09-06 05:00:00+00:00,0.033373074999999995,0.525,91.71,17468.64,Trail-Lock 🔒,0.6519609191491276,52497.63
DIAUSDT,2026-09-06 03:30:00+00:00,0.1423,2026-09-06 04:00:00+00:00,0.143473975,0.525,91.87,17499.21,Trail-Lock 🔒,0.648764313010612,52589.5
HOLOUSDT,2026-09-05 21:30:00+00:00,0.0662,2026-09-06 04:00:00+00:00,0.06674614999999999,0.525,92.03,17529.83,Trail-Lock 🔒,0.5865376027932346,52681.54
MANAUSDT,2026-09-06 03:30:00+00:00,0.0755,2026-09-06 07:00:00+00:00,0.07474499999999999,-1.3,-228.29,17560.51,SL 🔴,0.5588656992077743,52453.25
JASMYUSDT,2026-09-05 21:30:00+00:00,0.00432,2026-09-06 07:00:00+00:00,0.0042768,-1.3,-227.3,17484.42,SL 🔴,0.5480044582183886,52225.95
ADAUSDT,2026-09-06 03:30:00+00:00,0.2217,2026-09-06 07:00:00+00:00,0.219483,-1.3,-226.31,17408.65,SL 🔴,0.5022945571555851,51999.64
LUMIAUSDT,2026-09-06 03:30:00+00:00,0.0839,2026-09-06 09:00:00+00:00,0.084592175,0.525,91.0,17333.21,Trail-Lock 🔒,0.46387773528300813,52090.64
ATUSDT,2026-09-06 12:00:00+00:00,0.1547,2026-09-06 15:00:00+00:00,0.153153,-1.3,-225.73,17363.55,SL 🔴,0.7240450601852715,51864.91
XNOUSDT,2026-09-06 12:00:00+00:00,0.399,2026-09-06 14:00:00+00:00,0.39501000000000003,-1.3,-224.75,17288.3,SL 🔴,0.671771417477003,51640.16
ADXUSDT,2026-09-06 12:00:00+00:00,0.0618,2026-09-06 13:00:00+00:00,0.06230985,0.525,90.37,17213.39,Trail-Lock 🔒,0.5272816471488182,51730.53
NILUSDT,2026-09-06 15:30:00+00:00,0.05178,2026-09-06 17:00:00+00:00,0.0525567,1.2,206.92,17243.51,TP 🟢,0.8397838912711046,51937.46
WUSDT,2026-09-06 17:30:00+00:00,0.01036,2026-09-06 18:30:00+00:00,0.0105154,1.2,207.75,17312.49,TP 🟢,0.8405648334361014,52145.21
HOLOUSDT,2026-09-06 20:00:00+00:00,0.0676,2026-09-06 23:00:00+00:00,0.06815769999999999,0.525,91.25,17381.74,Trail-Lock 🔒,0.49028094806434386,52236.46
NEARUSDT,2026-09-06 21:30:00+00:00,2.439,2026-09-06 22:00:00+00:00,2.4843188266486367,1.5581,271.3,17412.15,TP 🟢,0.8285368889856981,52507.76
ZECUSDT,2026-09-06 21:30:00+00:00,1224.25,2026-09-06 22:00:00+00:00,1236.7761936676598,0.7232,126.57,17502.59,Trail-Lock 🔒,0.7736710535751427,52634.33
JASMYUSDT,2026-09-06 20:00:00+00:00,0.00434,2026-09-06 22:00:00+00:00,0.004375805,0.525,92.11,17544.78,Trail-Lock 🔒,0.7585333146392828,52726.44
APTUSDT,2026-09-06 21:30:00+00:00,0.619,2026-09-06 22:00:00+00:00,0.6241067499999999,0.525,92.27,17575.48,Trail-Lock 🔒,0.6841539245316178,52818.71
LUNAUSDT,2026-09-06 21:30:00+00:00,0.0472,2026-09-06 22:00:00+00:00,0.0475894,0.525,92.43,17606.24,Trail-Lock 🔒,0.5804189218764609,52911.15
CHZUSDT,2026-09-06 21:30:00+00:00,0.01393,2026-09-06 23:30:00+00:00,0.0140449225,0.525,92.59,17637.05,Trail-Lock 🔒,0.4779427198848647,53003.74
KAIAUSDT,2026-09-06 21:30:00+00:00,0.0312,2026-09-06 22:30:00+00:00,0.031668,1.2,212.01,17667.91,TP 🟢,0.4601403138833507,53215.76
MANTAUSDT,2026-09-06 15:30:00+00:00,0.06165,2026-09-07 00:00:00+00:00,0.06257475,1.2,210.91,17575.48,TP 🟢,0.7474229668697978,53426.66
VETUSDT,2026-09-06 20:00:00+00:00,0.00706,2026-09-07 00:30:00+00:00,0.0071659,1.2,211.27,17606.24,TP 🟢,0.6085924612349067,53637.94
DGBUSDT,2026-09-06 21:30:00+00:00,0.00507,2026-09-07 02:00:00+00:00,0.0051118275,0.525,93.87,17879.31,Trail-Lock 🔒,0.840907003086982,53731.8
SEIUSDT,2026-09-06 21:30:00+00:00,0.04832,2026-09-07 02:30:00+00:00,0.0490448,1.2,214.93,17910.6,TP 🟢,0.8403915521696308,53946.73
ESPUSDT,2026-09-06 23:30:00+00:00,0.09009,2026-09-07 00:30:00+00:00,0.09083324250000001,0.525,94.41,17982.24,Trail-Lock 🔒,0.8226925390520545,54041.14
METISUSDT,2026-09-06 20:00:00+00:00,3.36,2026-09-07 01:30:00+00:00,3.4669460938996535,2.8829,519.32,18013.71,TP 🟢,0.7643849130882805,54560.46
SCUSDT,2026-09-06 21:30:00+00:00,0.000727,2026-09-07 04:00:00+00:00,0.00073299775,0.525,95.48,18186.82,Trail-Lock 🔒,0.6019314203954793,54655.94
DUSKUSDT,2026-09-06 23:30:00+00:00,0.0795,2026-09-07 00:00:00+00:00,0.080155875,0.525,95.65,18218.65,Trail-Lock 🔒,0.5956346450634269,54751.59
KAITOUSDT,2026-09-06 15:30:00+00:00,0.311,2026-09-07 02:30:00+00:00,0.31356575,0.525,95.82,18250.53,Trail-Lock 🔒,0.5738683760097045,54847.4
XLMUSDT,2026-09-06 23:30:00+00:00,0.1863,2026-09-07 01:00:00+00:00,0.187836975,0.525,95.98,18282.47,Trail-Lock 🔒,0.5517561838951128,54943.38
PUNDIXUSDT,2026-09-06 15:30:00+00:00,0.0991,2026-09-07 02:30:00+00:00,0.099917575,0.525,96.15,18314.46,Trail-Lock 🔒,0.5435232359734825,55039.53
LAUSDT,2026-09-06 21:30:00+00:00,0.0686,2026-09-07 00:30:00+00:00,0.06916594999999999,0.525,96.32,18346.51,Trail-Lock 🔒,0.5283026358235439,55135.85
SSVUSDT,2026-09-06 20:00:00+00:00,2.984,2026-09-07 02:00:00+00:00,2.95416,-1.3,-238.92,18378.62,SL 🔴,0.5239197585812229,54896.93
MIRAUSDT,2026-09-06 23:30:00+00:00,0.04705,2026-09-07 01:00:00+00:00,0.0465795,-1.3,-237.89,18298.98,SL 🔴,0.507224670776208,54659.05
ATOMUSDT,2026-09-06 23:30:00+00:00,1.59,2026-09-07 00:30:00+00:00,1.6031175,0.525,95.65,18219.68,Trail-Lock 🔒,0.48268281452379563,54754.7
ZKCUSDT,2026-09-06 23:30:00+00:00,0.0489,2026-09-07 01:00:00+00:00,0.048410999999999996,-1.3,-237.27,18251.57,SL 🔴,0.47448314337982067,54517.43
ALGOUSDT,2026-09-06 23:30:00+00:00,0.0964,2026-09-07 01:00:00+00:00,0.09543599999999999,-1.3,-236.24,18172.48,SL 🔴,0.45721676315437715,54281.19
THETAUSDT,2026-09-06 23:30:00+00:00,0.1859,2026-09-07 07:30:00+00:00,0.184041,-1.3,-237.89,18298.98,SL 🔴,0.5116094732622927,54043.3
EIGENUSDT,2026-09-06 20:00:00+00:00,0.211,2026-09-07 07:30:00+00:00,0.21274075,0.525,94.58,18014.43,Trail-Lock 🔒,0.7223607799700859,54137.88
RENDERUSDT,2026-09-06 20:00:00+00:00,1.526,2026-09-07 07:00:00+00:00,1.5385895,0.525,94.74,18045.96,Trail-Lock 🔒,0.7175020683081952,54232.62
QNTUSDT,2026-09-06 20:00:00+00:00,66.07,2026-09-07 08:30:00+00:00,65.96,-0.4665,-84.33,18077.54,Timeout ⏱️,0.4827624869692442,54148.29
BATUSDT,2026-09-07 04:00:00+00:00,0.0735,2026-09-07 12:30:00+00:00,0.0746025,1.2,216.17,18014.43,TP 🟢,0.809262197005523,54364.46
ESPUSDT,2026-09-07 09:30:00+00:00,0.09068,2026-09-07 15:00:00+00:00,0.08959151641223356,-1.5004,-271.89,18121.49,SL 🔴,0.8457935132291938,54092.57
RIFUSDT,2026-09-07 09:30:00+00:00,0.0762,2026-09-07 10:30:00+00:00,0.07682865000000001,0.525,94.66,18030.86,Trail-Lock 🔒,0.5356848377287176,54187.23
FETUSDT,2026-09-07 19:00:00+00:00,0.1822,2026-09-07 20:00:00+00:00,0.18383367107289741,0.5966,107.77,18062.41,Trail-Lock 🔒,0.834597485106372,54295.0
ONGUSDT,2026-09-08 00:00:00+00:00,0.09365,2026-09-08 01:30:00+00:00,0.09505475,1.2,217.18,18098.33,TP 🟢,0.8452151403722787,54512.18
STRAXUSDT,2026-09-08 00:00:00+00:00,0.00977,2026-09-08 02:30:00+00:00,0.0098506025,0.525,95.4,18170.73,Trail-Lock 🔒,0.5845141780744415,54607.58
BMTUSDT,2026-09-08 04:30:00+00:00,0.01775,2026-09-08 08:00:00+00:00,0.017896437499999997,0.525,95.56,18202.53,Trail-Lock 🔒,0.8357715079868793,54703.14
QNTUSDT,2026-09-07 19:00:00+00:00,65.77,2026-09-08 07:30:00+00:00,66.14,0.2626,47.88,18234.38,Timeout ⏱️,0.7025344771477738,54751.02
KITEUSDT,2026-09-08 00:00:00+00:00,0.1186,2026-09-08 10:30:00+00:00,0.11741399999999999,-1.3,-235.28,18098.33,SL 🔴,0.8456361100098115,54515.74
MOVEUSDT,2026-09-08 09:30:00+00:00,0.0091,2026-09-08 12:00:00+00:00,0.0092365,1.2,218.06,18171.91,TP 🟢,0.8443217494641357,54733.8
CELRUSDT,2026-09-08 04:30:00+00:00,0.002241,2026-09-08 14:00:00+00:00,0.00225948825,0.525,95.78,18244.6,Trail-Lock 🔒,0.8376327621089488,54829.59
CVCUSDT,2026-09-08 09:30:00+00:00,0.02118,2026-09-08 13:30:00+00:00,0.0214977,1.2,219.32,18276.53,TP 🟢,0.8356083996159978,55048.91
SOMIUSDT,2026-09-08 04:30:00+00:00,0.1352,2026-09-08 12:00:00+00:00,0.137228,1.2,220.2,18349.64,TP 🟢,0.8049905362012941,55269.1
EIGENUSDT,2026-09-08 09:30:00+00:00,0.2164,2026-09-08 12:00:00+00:00,0.21379238324458172,-1.505,-277.27,18423.03,SL 🔴,0.8043598600543095,54991.83
GLMRUSDT,2026-09-08 09:30:00+00:00,0.006737,2026-09-08 10:00:00+00:00,0.006841336824752937,1.2487,228.9,18330.61,TP 🟢,0.7936017998089298,55220.73
GALAUSDT,2026-09-08 09:30:00+00:00,0.001896,2026-09-08 11:00:00+00:00,0.0019116419999999999,0.525,96.64,18406.91,Trail-Lock 🔒,0.7728477585720045,55317.37
SUSDT,2026-09-08 09:30:00+00:00,0.02987,2026-09-08 13:30:00+00:00,0.029571300000000002,-1.3,-239.71,18439.12,SL 🔴,0.7564502630012736,55077.66
FILUSDT,2026-09-08 09:30:00+00:00,0.8482,2026-09-08 12:00:00+00:00,0.85519765,0.525,96.39,18359.22,Trail-Lock 🔒,0.7509039842482154,55174.05
SSVUSDT,2026-09-08 09:30:00+00:00,2.915,2026-09-08 13:30:00+00:00,2.88585,-1.3,-239.09,18391.35,SL 🔴,0.7465323811744273,54934.96
LINEAUSDT,2026-09-08 09:30:00+00:00,0.002711,2026-09-08 13:30:00+00:00,0.00268389,-1.3,-238.05,18311.65,SL 🔴,0.7016164344965476,54696.91
XTZUSDT,2026-09-08 09:30:00+00:00,0.2364,2026-09-08 13:30:00+00:00,0.234036,-1.3,-237.02,18232.3,SL 🔴,0.6893600226053607,54459.89
PYTHUSDT,2026-09-08 09:30:00+00:00,0.05377,2026-09-08 13:30:00+00:00,0.053232299999999996,-1.3,-235.99,18153.3,SL 🔴,0.677228559303829,54223.89
RLCUSDT,2026-09-08 04:30:00+00:00,0.3086,2026-09-08 13:30:00+00:00,0.305514,-1.3,-234.97,18074.63,SL 🔴,0.6638696150355019,53988.92
OPUSDT,2026-09-08 09:30:00+00:00,0.1096,2026-09-08 11:30:00+00:00,0.10835997766445439,-1.4314,-257.6,17996.31,SL 🔴,0.6620257126064648,53731.32
OPENUSDT,2026-09-08 09:30:00+00:00,0.1299,2026-09-08 13:30:00+00:00,0.128601,-1.3,-232.84,17910.44,SL 🔴,0.6302188180598564,53498.49
STRAXUSDT,2026-09-08 09:30:00+00:00,0.00988,2026-09-08 10:30:00+00:00,0.0100282,1.2,213.99,17832.83,TP 🟢,0.6249187468407759,53712.48
GMTUSDT,2026-09-08 09:30:00+00:00,0.00753,2026-09-08 12:00:00+00:00,0.0075921225,0.525,94.0,17904.16,Trail-Lock 🔒,0.590928504947384,53806.48
BLURUSDT,2026-09-08 09:30:00+00:00,0.01742,2026-09-08 13:30:00+00:00,0.017245800000000002,-1.3,-233.16,17935.49,SL 🔴,0.5907846095431306,53573.32
LPTUSDT,2026-09-08 09:30:00+00:00,1.501,2026-09-08 13:30:00+00:00,1.48599,-1.3,-232.15,17857.77,SL 🔴,0.5904078429322169,53341.17
CKBUSDT,2026-09-08 09:30:00+00:00,0.001142,2026-09-08 13:30:00+00:00,0.00113058,-1.3,-231.15,17780.39,SL 🔴,0.5884091039668929,53110.02
DUSKUSDT,2026-09-08 09:30:00+00:00,0.0788,2026-09-08 11:30:00+00:00,0.078012,-1.3,-230.14,17703.34,SL 🔴,0.5679802472498557,52879.88
API3USDT,2026-09-08 09:30:00+00:00,0.2377,2026-09-08 12:00:00+00:00,0.235323,-1.3,-229.15,17626.63,SL 🔴,0.5562922703154038,52650.73
ETCUSDT,2026-09-08 09:30:00+00:00,8.22,2026-09-08 11:00:00+00:00,8.116721071357516,-1.5564,-273.16,17550.24,SL 🔴,0.5043573108409499,52377.57
ATOMUSDT,2026-09-08 09:30:00+00:00,1.668,2026-09-08 11:00:00+00:00,1.681761,0.525,91.66,17459.19,Trail-Lock 🔒,0.4713936587074997,52469.23
DCRUSDT,2026-09-08 14:00:00+00:00,16.19,2026-09-08 16:00:00+00:00,15.813671510397684,-2.6245,-459.01,17489.74,SL 🔴,0.8084538152959408,52010.22
ETCUSDT,2026-09-08 14:00:00+00:00,8.29,2026-09-08 14:30:00+00:00,8.414349999999999,1.2,208.04,17336.74,TP 🟢,0.5555445776758737,52218.26
BIOUSDT,2026-09-08 14:00:00+00:00,0.02748,2026-09-08 18:30:00+00:00,0.027706710000000002,0.525,91.38,17406.09,Trail-Lock 🔒,0.8504610307022904,52309.65
ZENUSDT,2026-09-08 14:00:00+00:00,7.055,2026-09-08 18:30:00+00:00,7.11320375,0.525,91.54,17436.55,Trail-Lock 🔒,0.5344358007598737,52401.19
SCUSDT,2026-09-08 17:30:00+00:00,0.000754,2026-09-08 19:30:00+00:00,0.0007602205,0.525,91.7,17467.06,Trail-Lock 🔒,0.5114227128308627,52492.89
BATUSDT,2026-09-08 22:30:00+00:00,0.0771,2026-09-09 00:30:00+00:00,0.0782565,1.2,209.97,17497.63,TP 🟢,0.659948299528363,52702.86
VANAUSDT,2026-09-09 00:30:00+00:00,0.962,2026-09-09 01:30:00+00:00,0.95238,-1.3,-228.38,17567.62,SL 🔴,0.5265103979829265,52474.48
ARBUSDT,2026-09-09 06:00:00+00:00,0.1679,2026-09-09 09:30:00+00:00,0.1704185,1.2,209.9,17491.49,TP 🟢,0.8231180967545819,52684.38
FIDAUSDT,2026-09-09 06:00:00+00:00,0.02029,2026-09-09 10:00:00+00:00,0.0200871,-1.3,-228.3,17561.46,SL 🔴,0.8196680373031271,52456.08
EDUUSDT,2026-09-09 06:00:00+00:00,0.0526,2026-09-09 09:00:00+00:00,0.052074,-1.3,-227.31,17485.36,SL 🔴,0.5163677124934108,52228.77
CHZUSDT,2026-09-09 06:00:00+00:00,0.01431,2026-09-09 10:00:00+00:00,0.0141669,-1.3,-226.32,17409.59,SL 🔴,0.49579064429979985,52002.45
REQUSDT,2026-09-09 06:00:00+00:00,0.0542,2026-09-09 09:00:00+00:00,0.053658,-1.3,-225.34,17334.15,SL 🔴,0.46549257074785155,51777.1
THETAUSDT,2026-09-09 06:00:00+00:00,0.1805,2026-09-09 12:30:00+00:00,0.1832075,1.2,209.82,17485.36,TP 🟢,0.5493129340495773,51986.93
CUSDT,2026-09-09 11:00:00+00:00,0.0623,2026-09-09 15:00:00+00:00,0.0632345,1.2,207.95,17328.98,TP 🟢,0.8505802688470945,52194.88
AXLUSDT,2026-09-09 06:00:00+00:00,0.0443,2026-09-09 15:00:00+00:00,0.0449645,1.2,208.78,17398.29,TP 🟢,0.6810232695252453,52403.66
ZECUSDT,2026-09-09 11:00:00+00:00,1254.0,2026-09-09 15:00:00+00:00,1273.963343506897,1.292,225.68,17467.89,TP 🟢,0.6632131319771183,52629.34
ATUSDT,2026-09-09 15:30:00+00:00,0.1399,2026-09-09 16:00:00+00:00,0.1419985,1.2,210.52,17543.11,TP 🟢,0.8501566972987535,52839.85
BLURUSDT,2026-09-09 15:30:00+00:00,0.01818,2026-09-09 16:30:00+00:00,0.018329985000000003,0.525,92.47,17613.28,Trail-Lock 🔒,0.8460578924686486,52932.32
SAHARAUSDT,2026-09-09 15:30:00+00:00,0.00986,2026-09-09 17:00:00+00:00,0.0100079,1.2,211.73,17644.11,TP 🟢,0.8409091803109378,53144.05
PYTHUSDT,2026-09-09 15:30:00+00:00,0.05613,2026-09-09 16:00:00+00:00,0.0565930725,0.525,93.0,17714.68,Trail-Lock 🔒,0.564681472976828,53237.05
ALGOUSDT,2026-09-09 18:30:00+00:00,0.0998,2026-09-09 20:00:00+00:00,0.10062335,0.525,93.16,17745.68,Trail-Lock 🔒,0.8421054762032589,53330.22
ROSEUSDT,2026-09-09 18:30:00+00:00,0.00725,2026-09-09 19:30:00+00:00,0.007373961400037721,1.4098,250.62,17776.74,TP 🟢,0.8318445306932709,53580.84
PHAUSDT,2026-09-09 15:30:00+00:00,0.0293,2026-09-09 19:30:00+00:00,0.030074558904623745,2.3435,418.56,17860.28,TP 🟢,0.8055979038505633,53999.4
IOTAUSDT,2026-09-09 18:30:00+00:00,0.0429,2026-09-09 19:00:00+00:00,0.0435435,1.2,216.0,17999.8,TP 🟢,0.557464819293027,54215.4
WINUSDT,2026-09-09 18:30:00+00:00,3.841e-05,2026-09-09 22:00:00+00:00,3.80259e-05,-1.3,-234.0,17999.8,SL 🔴,0.6925274771170817,53981.4
XVGUSDT,2026-09-09 15:30:00+00:00,0.003086,2026-09-09 22:00:00+00:00,0.003033919949904743,-1.9876,-357.65,17993.8,SL 🔴,0.8053411021268821,53623.75
ANKRUSDT,2026-09-09 21:00:00+00:00,0.00436,2026-09-09 21:30:00+00:00,0.0043164,-1.3,-232.37,17874.58,SL 🔴,0.592989948497842,53391.38
POLUSDT,2026-09-09 21:00:00+00:00,0.09627,2026-09-09 22:00:00+00:00,0.0953073,-1.3,-231.36,17797.13,SL 🔴,0.5733085373204809,53160.02
HYPERUSDT,2026-09-09 21:00:00+00:00,0.0732,2026-09-09 22:00:00+00:00,0.072468,-1.3,-230.36,17720.01,SL 🔴,0.5509585665248573,52929.66
SAHARAUSDT,2026-09-09 21:00:00+00:00,0.01012,2026-09-10 00:00:00+00:00,0.010314134606591991,1.6183,285.52,17643.22,TP 🟢,0.8258251450073065,53215.19
HYPERUSDT,2026-09-09 23:00:00+00:00,0.0726,2026-09-10 00:30:00+00:00,0.07177584184626071,-1.4352,-254.58,17738.4,SL 🔴,0.5217782207591037,52960.6
ENSOUSDT,2026-09-10 03:30:00+00:00,0.907,2026-09-10 15:30:00+00:00,0.89793,-1.3,-229.5,17653.53,SL 🔴,0.7141286874136298,52731.11
SCRUSDT,2026-09-10 16:30:00+00:00,0.02113,2026-09-10 17:00:00+00:00,0.020732764131901168,-2.18,-383.17,17577.04,SL 🔴,0.6728966205952462,52347.93
POWRUSDT,2026-09-10 16:30:00+00:00,0.0501,2026-09-10 21:00:00+00:00,0.0508515,1.2,209.39,17449.31,TP 🟢,0.5799627208403066,52557.33
POWRUSDT,2026-09-10 21:30:00+00:00,0.0503,2026-09-11 00:30:00+00:00,0.050714974999999995,0.525,91.98,17519.11,Trail-Lock 🔒,0.7932332023462083,52649.3
ZAMAUSDT,2026-09-10 21:30:00+00:00,0.04692,2026-09-11 00:00:00+00:00,0.0476238,1.2,210.23,17519.11,TP 🟢,0.5390224304542008,52859.53
DOTUSDT,2026-09-11 04:30:00+00:00,1.116,2026-09-11 08:00:00+00:00,1.125207,0.525,92.5,17619.84,Trail-Lock 🔒,0.845289619388355,52952.04
ONGUSDT,2026-09-11 04:30:00+00:00,0.08031,2026-09-11 08:30:00+00:00,0.08178414861613617,1.5356,271.04,17650.68,TP 🟢,0.8278743544092443,53223.07
MTLUSDT,2026-09-11 04:30:00+00:00,0.243,2026-09-11 06:00:00+00:00,0.246645,1.2,212.89,17741.02,TP 🟢,0.47435971016933876,53435.97
HOLOUSDT,2026-09-11 09:00:00+00:00,0.0613,2026-09-11 09:30:00+00:00,0.061805725,0.525,93.51,17811.99,Trail-Lock 🔒,0.6097388731090332,53529.48
MANTAUSDT,2026-09-11 04:30:00+00:00,0.05811,2026-09-11 12:30:00+00:00,0.058981650000000004,1.2,214.12,17843.16,TP 🟢,0.6002419287211516,53743.6
SEIUSDT,2026-09-11 13:30:00+00:00,0.04478,2026-09-11 15:30:00+00:00,0.0454517,1.2,214.97,17914.53,TP 🟢,0.8504713047449477,53958.57
CYBERUSDT,2026-09-11 13:30:00+00:00,0.295,2026-09-11 16:30:00+00:00,0.29743375,0.525,94.43,17986.19,Trail-Lock 🔒,0.8489863237308705,54053.0
OPENUSDT,2026-09-11 13:30:00+00:00,0.1227,2026-09-11 15:30:00+00:00,0.1245405,1.2,216.21,18017.67,TP 🟢,0.8482343797553169,54269.21
XRPUSDT,2026-09-11 13:30:00+00:00,1.3674,2026-09-11 15:30:00+00:00,1.387911,1.2,217.08,18089.74,TP 🟢,0.8480223168700914,54486.29
BIOUSDT,2026-09-11 13:30:00+00:00,0.02521,2026-09-11 15:30:00+00:00,0.02558815,1.2,217.95,18162.1,TP 🟢,0.847748561085808,54704.23
LUMIAUSDT,2026-09-11 13:30:00+00:00,0.0743,2026-09-11 15:30:00+00:00,0.07541450000000001,1.2,218.82,18234.74,TP 🟢,0.8474366182878545,54923.05
AVAXUSDT,2026-09-11 13:30:00+00:00,7.588,2026-09-11 15:30:00+00:00,7.70182,1.2,219.69,18307.68,TP 🟢,0.8467621938401656,55142.74
FILUSDT,2026-09-11 13:30:00+00:00,0.799,2026-09-11 15:30:00+00:00,0.8109850000000001,1.2,220.57,18380.91,TP 🟢,0.8455431471129872,55363.31
ENJUSDT,2026-09-11 13:30:00+00:00,0.02585,2026-09-11 15:30:00+00:00,0.02623775,1.2,221.45,18454.44,TP 🟢,0.8449270397629453,55584.77
DUSKUSDT,2026-09-11 13:30:00+00:00,0.0706,2026-09-11 15:30:00+00:00,0.071659,1.2,222.34,18528.26,TP 🟢,0.8447862981111584,55807.11
CHRUSDT,2026-09-11 13:30:00+00:00,0.01537,2026-09-11 17:00:00+00:00,0.015168289583879092,-1.6124,-299.94,18602.37,SL 🔴,0.842796196302911,55507.17
ADAUSDT,2026-09-11 13:30:00+00:00,0.209,2026-09-11 15:30:00+00:00,0.212135,1.2,222.03,18502.39,TP 🟢,0.8425038963130065,55729.2
RENDERUSDT,2026-09-11 13:30:00+00:00,1.413,2026-09-11 15:30:00+00:00,1.434195,1.2,222.92,18576.4,TP 🟢,0.8421058912960787,55952.11
PYTHUSDT,2026-09-11 13:30:00+00:00,0.05242,2026-09-11 15:30:00+00:00,0.0532063,1.2,223.81,18650.7,TP 🟢,0.8414110514198127,56175.92
SUIUSDT,2026-09-11 13:30:00+00:00,0.74,2026-09-11 15:30:00+00:00,0.7511,1.2,224.7,18725.31,TP 🟢,0.8411005797234995,56400.63
TIAUSDT,2026-09-11 13:30:00+00:00,0.3717,2026-09-11 15:30:00+00:00,0.3665554224577639,-1.6841,-316.61,18800.21,SL 🔴,0.8410635758706514,56084.02
GMTUSDT,2026-09-11 13:30:00+00:00,0.00703,2026-09-11 15:30:00+00:00,0.00713545,1.2,224.34,18694.67,TP 🟢,0.8401098082288614,56308.35
ZROUSDT,2026-09-11 13:30:00+00:00,1.035,2026-09-11 15:30:00+00:00,1.050525,1.2,225.23,18769.45,TP 🟢,0.8400026549471069,56533.59
ETCUSDT,2026-09-11 13:30:00+00:00,7.72,2026-09-11 15:30:00+00:00,7.8358,1.2,226.13,18844.53,TP 🟢,0.8397536520822019,56759.72
ZENUSDT,2026-09-11 13:30:00+00:00,6.73,2026-09-11 15:30:00+00:00,6.6259895888478155,-1.8455,-349.16,18919.91,SL 🔴,0.836755489191624,56410.56
IOTAUSDT,2026-09-11 13:30:00+00:00,0.0405,2026-09-11 15:30:00+00:00,0.040834125,0.525,98.72,18803.52,Trail-Lock 🔒,0.8315333465357632,56509.28
XPLUSDT,2026-09-11 13:30:00+00:00,0.08595,2026-09-11 15:30:00+00:00,0.08745677255774247,1.4531,273.71,18836.43,TP 🟢,0.8307746116780631,56782.99
XVGUSDT,2026-09-11 13:30:00+00:00,0.002631,2026-09-11 15:30:00+00:00,0.002670465,1.2,227.13,18927.66,TP 🟢,0.8257936560277547,57010.12
SHELLUSDT,2026-09-11 13:30:00+00:00,0.0206,2026-09-11 15:30:00+00:00,0.020909,1.2,228.04,19003.37,TP 🟢,0.8242283561070431,57238.16
ARBUSDT,2026-09-11 13:30:00+00:00,0.1446,2026-09-11 15:30:00+00:00,0.14741859466719856,1.6492,314.66,19079.39,TP 🟢,0.8240183318903571,57552.82
CTSIUSDT,2026-09-11 13:30:00+00:00,0.02402,2026-09-11 15:30:00+00:00,0.0243803,1.2,230.21,19184.27,TP 🟢,0.8234360937658924,57783.03
FETUSDT,2026-09-11 13:30:00+00:00,0.1699,2026-09-11 15:30:00+00:00,0.1724485,1.2,231.13,19261.01,TP 🟢,0.8192955891157689,58014.17
IDUSDT,2026-09-11 13:30:00+00:00,0.0318,2026-09-11 15:30:00+00:00,0.032277,1.2,232.06,19338.06,TP 🟢,0.8179744245020949,58246.22
AXLUSDT,2026-09-11 13:30:00+00:00,0.0425,2026-09-11 15:30:00+00:00,0.0431375,1.2,232.98,19415.41,TP 🟢,0.8170552186329544,58479.21
AGLDUSDT,2026-09-11 13:30:00+00:00,0.1643,2026-09-11 15:30:00+00:00,0.1667645,1.2,233.92,19493.07,TP 🟢,0.8041275365342763,58713.12
TRBUSDT,2026-09-11 13:30:00+00:00,17.5,2026-09-11 15:30:00+00:00,17.7625,1.2,234.85,19571.04,TP 🟢,0.8027237310423561,58947.98
ALGOUSDT,2026-09-11 13:30:00+00:00,0.092,2026-09-11 15:30:00+00:00,0.09338,1.2,235.79,19649.33,TP 🟢,0.7969736629881807,59183.77
ROSEUSDT,2026-09-11 13:30:00+00:00,0.00663,2026-09-11 15:30:00+00:00,0.00672945,1.2,236.74,19727.92,TP 🟢,0.7951472171965324,59420.5
METISUSDT,2026-09-11 13:30:00+00:00,2.89,2026-09-11 15:30:00+00:00,2.93335,1.2,237.68,19806.83,TP 🟢,0.7772359739265886,59658.19
CVCUSDT,2026-09-11 13:30:00+00:00,0.02122,2026-09-11 15:30:00+00:00,0.0215383,1.2,238.63,19886.06,TP 🟢,0.7722309310172337,59896.82
STEEMUSDT,2026-09-11 13:30:00+00:00,0.04467,2026-09-11 15:30:00+00:00,0.04534005,1.2,239.59,19965.61,TP 🟢,0.7670992120463895,60136.41
GRTUSDT,2026-09-11 13:30:00+00:00,0.01795,2026-09-11 15:30:00+00:00,0.01821925,1.2,240.55,20045.47,TP 🟢,0.7655730261277512,60376.95
HBARUSDT,2026-09-11 13:30:00+00:00,0.0756,2026-09-11 15:30:00+00:00,0.0762237,0.525,105.66,20125.65,Trail-Lock 🔒,0.7627350934472505,60482.61
ZKUSDT,2026-09-11 13:30:00+00:00,0.00963,2026-09-11 15:30:00+00:00,0.00977445,1.2,241.93,20160.87,TP 🟢,0.761582004954137,60724.54
PUNDIXUSDT,2026-09-11 13:30:00+00:00,0.093,2026-09-11 15:30:00+00:00,0.09439499999999999,1.2,242.9,20241.51,TP 🟢,0.7574122860659134,60967.44
KSMUSDT,2026-09-11 13:30:00+00:00,3.76,2026-09-11 15:30:00+00:00,3.8164,1.2,243.87,20322.48,TP 🟢,0.7532288141791088,61211.31
GLMUSDT,2026-09-11 13:30:00+00:00,0.1063,2026-09-11 15:30:00+00:00,0.1078945,1.2,244.85,20403.77,TP 🟢,0.7487607354705903,61456.15
SANDUSDT,2026-09-11 13:30:00+00:00,0.03581,2026-09-11 15:30:00+00:00,0.03634715,1.2,245.82,20485.38,TP 🟢,0.7460438062893262,61701.98
2ZUSDT,2026-09-11 13:30:00+00:00,0.04681,2026-09-11 15:30:00+00:00,0.047512149999999996,1.2,246.81,20567.33,TP 🟢,0.7460406607214123,61948.79
HIVEUSDT,2026-09-11 13:30:00+00:00,0.0451,2026-09-11 15:30:00+00:00,0.0457765,1.2,247.8,20649.6,TP 🟢,0.7446533354263759,62196.58
LUNAUSDT,2026-09-11 13:30:00+00:00,0.0457,2026-09-11 15:30:00+00:00,0.046077024999999994,0.525,108.84,20732.19,Trail-Lock 🔒,0.7367262821187304,62305.43
ONEUSDT,2026-09-11 13:30:00+00:00,0.000661,2026-09-11 15:30:00+00:00,0.00066645325,0.525,109.03,20768.48,Trail-Lock 🔒,0.7305178857228821,62414.46
QTUMUSDT,2026-09-11 13:30:00+00:00,0.878,2026-09-11 15:30:00+00:00,0.89117,1.2,249.66,20804.82,TP 🟢,0.727628822590686,62664.12
TNSRUSDT,2026-09-11 13:30:00+00:00,0.034,2026-09-11 15:30:00+00:00,0.0342805,0.525,109.66,20888.04,Trail-Lock 🔒,0.7229875621788986,62773.78
ACTUSDT,2026-09-11 13:30:00+00:00,0.00965,2026-09-11 15:30:00+00:00,0.009794750000000001,1.2,251.1,20924.59,TP 🟢,0.7184790791077493,63024.88
MOVRUSDT,2026-09-11 13:30:00+00:00,0.733,2026-09-11 15:30:00+00:00,0.743995,1.2,252.1,21008.29,TP 🟢,0.7010774932116128,63276.98
HYPERUSDT,2026-09-11 13:30:00+00:00,0.0668,2026-09-11 15:30:00+00:00,0.067802,1.2,253.11,21092.33,TP 🟢,0.6950159865834086,63530.08
CFXUSDT,2026-09-11 13:30:00+00:00,0.04714,2026-09-11 15:30:00+00:00,0.047847100000000004,1.2,254.12,21176.69,TP 🟢,0.6948721813600965,63784.2
CKBUSDT,2026-09-11 13:30:00+00:00,0.001086,2026-09-11 16:30:00+00:00,0.0010708266609786507,-1.6972,-360.84,21261.4,SL 🔴,0.6776454650471506,63423.36
DIAUSDT,2026-09-11 13:30:00+00:00,0.1274,2026-09-11 15:30:00+00:00,0.129311,1.2,253.69,21141.12,TP 🟢,0.6610875464335252,63677.05
LTCUSDT,2026-09-11 13:30:00+00:00,53.59,2026-09-11 15:30:00+00:00,54.032117500000005,0.525,111.43,21225.68,Trail-Lock 🔒,0.6564518459328819,63788.49
RIFUSDT,2026-09-11 13:30:00+00:00,0.0766,2026-09-11 15:00:00+00:00,0.07723195,0.525,111.63,21262.83,Trail-Lock 🔒,0.6560037180632297,63900.12
LINEAUSDT,2026-09-11 13:30:00+00:00,0.002558,2026-09-11 15:30:00+00:00,0.0025963699999999998,1.2,255.6,21300.04,TP 🟢,0.6447204187842346,64155.72
ZKCUSDT,2026-09-11 13:30:00+00:00,0.0457,2026-09-11 15:30:00+00:00,0.046385499999999996,1.2,256.62,21385.24,TP 🟢,0.6417644503602492,64412.34
QNTUSDT,2026-09-11 13:30:00+00:00,65.12,2026-09-11 15:00:00+00:00,65.65724,0.525,112.72,21470.78,Trail-Lock 🔒,0.6202589865634818,64525.06
ICPUSDT,2026-09-11 13:30:00+00:00,2.818,2026-09-11 15:30:00+00:00,2.783260949966332,-1.5328,-329.67,21508.35,SL 🔴,0.6014693434173389,64195.39
KITEUSDT,2026-09-11 13:30:00+00:00,0.109,2026-09-11 15:30:00+00:00,0.10791,-1.3,-278.18,21398.46,SL 🔴,0.5843895886208423,63917.21
STRAXUSDT,2026-09-11 13:30:00+00:00,0.0098,2026-09-11 14:00:00+00:00,0.009701568120947125,-1.3044,-277.91,21305.74,SL 🔴,0.5839343755348255,63639.3
ZKPUSDT,2026-09-11 13:30:00+00:00,0.0431,2026-09-11 15:30:00+00:00,0.042669,-1.3,-275.77,21213.1,SL 🔴,0.5539705632548134,63363.53
MEUSDT,2026-09-11 13:30:00+00:00,0.06397,2026-09-11 15:30:00+00:00,0.0644977525,0.525,110.89,21121.18,Trail-Lock 🔒,0.5373471511758667,63474.41
SCRUSDT,2026-09-11 13:30:00+00:00,0.02052,2026-09-11 14:30:00+00:00,0.0208278,1.2,253.9,21158.14,TP 🟢,0.535463424325843,63728.31
PROVEUSDT,2026-09-11 13:30:00+00:00,0.1904,2026-09-11 15:00:00+00:00,0.19197080000000002,0.525,111.52,21242.77,Trail-Lock 🔒,0.46550003974780363,63839.84
